book_id,work_id,title,language_code_clean,language_group,text_word_count,clean_description,true_genres,predicted_genres,missed_genres,extra_genres,label_error_count,true_label_count,predicted_label_count,description_length_band,label_cardinality_band
19453737,27541242,"Dog Eat Dog (The Liza Radley, Housewife Detective Chronicles, #2)",eng,English,62.0,"Book Two of the Eye Spy, Chronicles Of Liza Radley Housewife Detective, series brings back the antics of Liza & Jack who are knee deep in dognappers and heiresses at their newly opened Crimes Of The Heart Detective Agency. In between their investigations the will they or won't they drama of their complicated relationship is still front and center...and in the middle.","romance | mystery, thriller, crime","fiction | romance | mystery, thriller, crime | comics, graphic",,"fiction | comics, graphic",2,2,4,20–75,2
13486783,745446,Re Giovanni,ita,Non-English,106.0,"Testo inglese a fronte Singolarmente teso e asciutto nella compatta brevita della struttura, nella scelta di un linguaggio ""quotidiano"" di grande immediatezza, il dramma sembra proiettare sull'intera vicenda le tortuose incertezze della figura del re, in un'atmosfera inquieta di incompletezza, di intenzioni contraddette, di azioni che non sanno mai divenire pienamente tali, di una realta che inesorabilmente muta se stessa, a cui non sfugge a tratti lo stesso Bastardo di Faulconbridge, antesignano dell'immagine dell'eroe trionfante, Enrico V, sorta di metafora della ""virtus"" della nazione inglese. Un'opera che, forse piu delle altre storie inglesi, esprime il dramma collettivo della storia in termini di tragedie individuali dei personaggi.","fiction | history, historical fiction, biography | poetry","fiction | history, historical fiction, biography | fantasy, paranormal | mystery, thriller, crime | young-adult | comics, graphic",poetry,"fantasy, paranormal | mystery, thriller, crime | young-adult | comics, graphic",5,3,6,76–150,3
1710031,2674403,The Winter Of Our Discotheque,unknown,Unknown,210.0,"Before his eighteenth summer, Tony Alexamenos was content to spend his mornings riding the waves, his afternoons pumping gas, and his nights secretly lusting after bronzed surfer boys. But all that changes when a gleaming Caddy convertible pulls into the gas station.Obscenely wealthy Dallas Eden can't get over the luscious boy in the grimy Florida service station. He sets out to win Tony's friendship; only then can he transform this young Greek god into a protege worthy of Dallas's ""harem."" First, Dallas makes Tony the assistant gardener at his Florida estate. Then, he intends to send him to college to study drama. But Dallas's plan goes awry when Tony falls under the spell of Professor Connecticut Jones, who, though deeply closeted, is far from immune to Tony's charms. Soon, Tony is following Connecticut to New York City, where he's transformed from wide-eyed tourist to half-hearted hustler to Broadway sensation -- and eventually, to a world-famous supermodel. Along the way, there's plenty of sex, drugs, booze. . .and always the benevolent Dallas Eden waiting in the wings. But if Tony has learned anything, it's that nobody is who he appears to be -- and that nothing lasts forever. Nothing, that is, except love, the one elusive thing he yearns for.",fiction | romance,"fiction | history, historical fiction, biography | romance | mystery, thriller, crime",,"history, historical fiction, biography | mystery, thriller, crime",2,2,4,151–250,2
11279216,2495542,"Tanečník (Lincoln Rhyme, #2)",cze,Non-English,105.0,"Genialni kriminalista Lincoln Rhyme a mlada policistka Amelie Sachsova, kteri se ctenarum poprve predstavili v bestselleru Sberatel kosti, resi dalsi zapeklity pripad: behem petactyriceti hodin museji vypatrat profesionalniho vraha, prezdivaneho Tanecnik. Tanecnik ma v teto lhute zlikvidovat tri nepohodlne svedky v pripadu vlivneho obchodnika se zbranemi a jiz od prvniho okamziku nenechava nikoho na pochybach, ze si duvtipem a inteligenci nezada s Rhymem. Mezi obema muzi se na dalku rozpouta nelitostna psychologicka valka, plna zvratu a uskoku, ktera se neobejde bez tezkych ztrat na zivotech. Nervy drasajici pribeh dava nahlednout do zakulisi americke policejni praxe a zaroven je brilantni sondou do dusevniho sveta chladnokrevneho zabijaka.","fiction | romance | mystery, thriller, crime","fiction | history, historical fiction, biography | fantasy, paranormal","romance | mystery, thriller, crime","history, historical fiction, biography | fantasy, paranormal",4,3,3,76–150,3
584375,571228,"Melchior's Fire (Three Kings, #2)",unknown,Unknown,44.0,"They call it the worlds of the Three Kings, a legendary star system laden with riches beyond imagining. Now, one determined band of seekers desperately in debt are determined to find the Three Kings -- if the galactic underworld's repo men don't get them first!","fiction | fantasy, paranormal","fiction | fantasy, paranormal",,,0,2,2,20–75,2
2246674,2252549,"The Keeper (Keeper, #1)",unknown,Unknown,50.0,"Susan Marley is beautiful, disturbed, and living in squalor. She wanders around the town, mute and accusing, an object of lust, fear and derision. When she dies, betrayed by life one final petty time, a hail of destruction is unleashed on the town that is more terrifying than any dream.","fiction | fantasy, paranormal | mystery, thriller, crime","fiction | history, historical fiction, biography | romance | fantasy, paranormal","mystery, thriller, crime","history, historical fiction, biography | romance",3,3,4,20–75,3
24612954,43167918,"Legacy of Kings (Blood of Gods and Royals, #1)",eng,English,185.0,"Imagine a time when the gods turn a blind eye to the agony of men, when the last of the hellions roam the plains and evil stirs beyond the edges of the map. A time when cities burn, and in their ashes, empires rise. Alexander, Macedonia's sixteen-year-old heir, is on the brink of discovering his fated role in conquering the known world but finds himself drawn to newcomer Katerina, who must navigate the dark secrets of court life while hiding her own mission: kill the Queen. But Kat's first love, Jacob, will go to unthinkable lengths to win her, even if it means competing for her heart with Hephaestion, a murderer sheltered by the prince. And far across the sea, Zofia, a Persian princess and Alexander's unmet fiancee, wants to alter her destiny by seeking the famed and deadly Spirit Eaters. Weaving fantasy with the salacious and fascinating details of real history, New York Times bestselling author Eleanor Herman reimagines the greatest emperor the world has ever known: Alexander the Great, in the first book of the Blood of Gods and Royals series.","fiction | history, historical fiction, biography | romance | fantasy, paranormal | young-adult","fiction | history, historical fiction, biography | romance | fantasy, paranormal",young-adult,,1,5,4,151–250,4+
1624867,1618887,Modus Operandi: A Writer's Guide to How Criminals Work,unknown,Unknown,37.0,"Detectives Corvasce and Paglino provide writers with the facts they need to give thier mystery and detective novels necessary grit and authenticity. Writers will learn how criminals carry out murder, arson, smuggling, armed robbery, safecracking, and more.","non-fiction | fantasy, paranormal | mystery, thriller, crime","fiction | mystery, thriller, crime","non-fiction | fantasy, paranormal",fiction,3,3,2,20–75,3
18806194,26737192,"오렌지 마말레이드 2 (Orange Marmalade, #2)",kor,Non-English,21.0,09 geureol su isseulgga 10 gyeonggye daesang 1ho 11 gwangye 12 galrimgil 13 oecul 14 Just Let It Go 15 jinib 16 baempaieowayi inteobyu jagganoteu 2 gihoeg cogi weonhwa moeum,"fiction | romance | fantasy, paranormal | young-adult | comics, graphic","fiction | history, historical fiction, biography | comics, graphic","romance | fantasy, paranormal | young-adult","history, historical fiction, biography",4,5,3,20–75,4+
27840217,2102442,İntihar Kulübü,tur,Non-English,50.0,"Bu bir gizem, paranoya ve elbette, cinayet oykusu. Bir supheli gercekcilik denemesi. Smokinli canilerin, musfik katillerin, tuhaf beyefendilerin kumara cevirdigi hayata yakilan bir agit... Dr. Jekyll ve Bay Hyde'in yazari R. L. Stevenson'dan 19. yuzyil Londra'sinin karanlik sokaklarina bir davet. Eger hayattan gercekten biktiysaniz sizi bir bulusmaya goturmek istiyoruz. Kulube hosgeldiniz!","fiction | history, historical fiction, biography | fantasy, paranormal | mystery, thriller, crime","fiction | history, historical fiction, biography | mystery, thriller, crime","fantasy, paranormal",,1,4,3,20–75,4+
25606902,27237014,"Missy the Werecat (Missy the Werecat, #1)",eng,English,149.0,"Alternate Cover Edition of ASIN B00H2WPGDA When puberty brings on her first Shift, Missy goes into the mountains for two years until finally learning to Change back. She can Change from fully human in one instant to a mountain lion in the next. Everyone assumes her two year disappearance was because she'd been kidnapped by a sexual predator that she managed to kill. She keeps her werecat nature a secret. There is no pack, no pride of other werecats and no alpha. She's a girl with fantastic abilities growing up and learning to do great things in today's world, amongst humans. She only has her instincts to guide her and those drive her to train herself to extremes. She must control those instincts; dampening the wild predator is often necessary. Her raging hormones and enhanced senses require very strong controls; she explores what happens when those controls are relaxed.","fiction | romance | fantasy, paranormal | mystery, thriller, crime | young-adult","fiction | romance | fantasy, paranormal | young-adult | comics, graphic","mystery, thriller, crime","comics, graphic",2,5,5,76–150,4+
7632846,1065006,Priscilla and Aquila,eng,English,46.0,"Priscilla has met a wonderful man, Aquila. When they marry, they make a decision that will challenge and change their lives: the decision to follow Jesus. With the help of their new friend, the Apostle Paul, they will journey together in a non-Christian, Roman world.","fiction | history, historical fiction, biography | romance","fiction | history, historical fiction, biography | young-adult | comics, graphic",romance,"young-adult | comics, graphic",3,3,4,20–75,3
79679,986319,The Disappearance of Childhood,eng,English,116.0,"From the vogue for nubile models to the explosion in the juvenile crime rate, this modern classic of social history and media traces the precipitous decline of childhood in America today and the corresponding threat to the notion of adulthood. Deftly marshaling a vast array of historical and demographic research, Neil Postman, author of Technopoly, suggests that childhood is a relatively recent invention, which came into being as the new medium of print imposed divisions between children and adults. But now these divisions are eroding under the barrage of television, which turns the adult secrets of sex and violence into popular entertainment and pitches both news and advertising at the intellectual level of ten-year-olds.","history, historical fiction, biography | non-fiction | children","fiction | history, historical fiction, biography | non-fiction | mystery, thriller, crime",children,"fiction | mystery, thriller, crime",3,3,4,76–150,3
7968326,13556241,"The Temptress: The Scandalous Life Of Alice, Countess De Janzé",unknown,Unknown,235.0,"In Kenya's 'Happy Valley' in the years spanning the 1920s to the 1940s no one paid too much attention to the privileged colonial set as they farmed their estates, partied until dawn and indulged in extra-marital affairs. Not until Josslyn Hay, Earl of Erroll, was shot dead at the wheel of his Buick in the early hours of 24 January 1941. Some said the good-looking womaniser had it coming. He was a philanderer who could have had any number of enemies among cuckolded husbands who wanted revenge. Ageing Jock Delves Broughton stood trial for Erroll's murder but was acquitted and the mystery remained unsolved - until now. American heiress Alice de Janze had been conducting a clandestine affair with Joss for years. Married into French aristocracy, her stunning beauty was to prove a fatal lure to men of adventure. Previously tried by a French court for shooting one of her lovers, scandal followed her wherever she went. She arrived in Kenya as a newly married Countess in the 1920s, but by 1941 she had turned forty and the years of partying had taken their toll. Pushed aside by Erroll for younger lovers, and increasingly isolated, Alice threw herself into an act of desperation, resulting in his murder and her own tragic demise. The Temptress not only solves the mystery of Josslyn Hay's murder with the utmost conviction - it eloquently paints a portrait of a volatile, captivating woman.","fiction | history, historical fiction, biography | non-fiction | mystery, thriller, crime","fiction | history, historical fiction, biography | mystery, thriller, crime",non-fiction,,1,4,3,151–250,4+
17788401,24878172,Ugly Love,eng,English,131.0,"When Tate Collins meets airline pilot Miles Archer, she knows it isn't love at first sight. They wouldn't even go so far as to consider themselves friends. The only thing Tate and Miles have in common is an undeniable mutual attraction. Once their desires are out in the open, they realize they have the perfect set-up. He doesn't want love, she doesn't have time for love, so that just leaves the sex. Their arrangement could be surprisingly seamless, as long as Tate can stick to the only two rules Miles has for her. Never ask about the past. Don't expect a future. They think they can handle it, but realize almost immediately they can't handle it at all. Hearts get infiltrated. Promises get broken. Rules get shattered. Love gets ugly.",fiction | romance | young-adult,fiction | romance,young-adult,,1,3,2,76–150,3
2817785,2843718,Midnight Bride,eng,English,251.0,"SHE'D ENSLAVE HIM WITH HER PASSION With her youth, beauty, and sizable dowry, Charleston-bred Kellie McBride had her share of ardent suitors eager to wed and bed her, but the headstrong miss was bewitched by the daring exploits of The Falcon--the dashing highwayman who risked his life for the American colonies and always managed to elude capture. Twice now, The Falcon had saved her life at the hands of the despised Redcoats, then set her blood wildly aflame with his scorching kisses--only to vanish again with the moonlight. The next time the raven-haired adventurer appeared at her side, Kellie vowed to unmask her mysterious midnight paramour... and show him she was ready for more than a caress! HE'D SET HER FREE WITH LOVE No one knew of the dangerous double life The Falcon led--or of his secret identity as a British lord with a vengeful score to settle with the Crown. And he planned to keep it that way. Let the willful Kellie try to expose him if she dared; she'd never uncover his deception! Meanwhile, he'd woo her by day as the foppish Lord Blakely Savage ...and ravage her by night as the conquering Falcon! But the first taste of those luscious lips, the first touch of that silken skin soon had him suffering a frenzy of desire only she could quench. And though The Falcon had once vowed to soar forever free, now he burned to make Kellie his own wild Colonial MIDNIGHT BRIDE","history, historical fiction, biography | romance","fiction | history, historical fiction, biography | romance | fantasy, paranormal",,"fiction | fantasy, paranormal",2,2,4,251+,2
8460819,1989113,"Click: One Novel, Ten Authors",unknown,Unknown,105.0,"A video message from a dead person. A larcenous teenager. A man who can stick his left toe behind his head and in his ear. An epileptic girl seeking answers in a fairy tale. A boy who loses everything in World War II, and his brother who loses even more. And a family with a secret so big that it changes everything.The world's best beloved authors each contribute a chapter in the life of the mysterious George ""Gee"" Keane, photographer, soldier, adventurer, and enigma. Under different pens, a startling portrait emerges of a man, his family, and his gloriously complicated tangle of a life.","fiction | history, historical fiction, biography | fantasy, paranormal | mystery, thriller, crime | young-adult | children","fiction | history, historical fiction, biography | mystery, thriller, crime | comics, graphic","fantasy, paranormal | young-adult | children","comics, graphic",4,6,4,76–150,4+
2240254,2246102,Lincoln and Douglas: The Debates That Defined America,unknown,Unknown,320.0,"In 1858, Abraham Lincoln was known as a successful Illinois lawyer who had achieved some prominence in state politics as a leader in the new Republican Party. Two years later, he was elected president and was on his way to becoming the greatest chief executive in American history. What carried this one-term congressman from obscurity to fame was the campaign he mounted for the United States Senate against the country's most formidable politician, Stephen A. Douglas, in the summer and fall of 1858. Lincoln challenged Douglas directly in one of his greatest speeches -- ""A house divided against itself cannot stand"" -- and confronted Douglas on the questions of slavery and the inviolability of the Union in seven fierce debates. As this brilliant narrative by the prize-winning Lincoln scholar Allen Guelzo dramatizes, Lincoln would emerge a predominant national figure, the leader of his party, the man who would bear the burden of the national confrontation. Of course, the great issue between Lincoln and Douglas was slavery. Douglas was the champion of ""popular sovereignty,"" of letting states and territories decide for themselves whether to legalize slavery. Lincoln drew a moral line, arguing that slavery was a violation both of natural law and of the principles expressed in the Declaration of Independence. No majority could ever make slavery right, he argued. Lincoln lost that Senate race to Douglas, though he came close to toppling the ""Little Giant,"" whom almost everyone thought was unbeatable. Guelzo's Lincoln and Douglas brings alive their debates and this whole year of campaigns and underscores their centrality in the greatest conflict in American history. The encounters between Lincoln and Douglas engage a key question in American political life: What is democracy's purpose? Is it to satisfy the desires of the majority? Or is it to achieve a just and moral public order? These were the real questions in 1858 that led to the Civil War. They remain questions for Americans today.","history, historical fiction, biography | non-fiction","history, historical fiction, biography | non-fiction",,,0,2,2,251+,2
7790089,10741585,Beloved Rake,eng,English,128.0,"Although she had spent all her life in Greece, young Serra Costalos was only half Greek -- and she couldn't endure the thought of the cold-blooded, arranged Greek marriage that was all that was in store for her. In fact, she had already run away from home when, quite by chance, she met the English-man Dirk Morgan and discovered that he was looking for a wife. But a wife with a difference. Dirk had to marry in order to inherit a fortune, and, as he was a self-confessed rake and had no intention of changing his ways, he wanted a wife who would leave him alone and not make a nuisance of herself. So Serra and Dirk married. But neither of them got what they expected.",romance,"fiction | history, historical fiction, biography | romance",,"fiction | history, historical fiction, biography",2,1,3,76–150,1
293632,284918,GURPS Cyperpunk: High-Tech Low-Life Roleplaying,unknown,Unknown,27.0,-- The book that was confiscated by the Secret Service because they thought it contained hacking secrets (It doesn't) -- Nominated for the Origins Award for Best Roleplaying Supplement.,fiction,"fiction | fantasy, paranormal | mystery, thriller, crime",,"fantasy, paranormal | mystery, thriller, crime",2,1,3,20–75,1
2629794,2654495,Eleanor of Aquitaine: Lord and Lady,en-us,English,95.0,"These twenty-one chapters by scholars in various fields provide a fresh context for understanding Eleanor of Aquitaine's multi-faceted career and reputation. Her fame (and infamy) still fascinates us. She is a pivotal figure in the history of the twelfth century because of her lordly inheritance as well as the eminence--and political and diplomatic scope--of her marital rank as queen, first of France and then of England. Some essays in this collection reassess the often fragmentary historical information about her life, while others investigate her reputation in later literary and historical contexts.","history, historical fiction, biography | non-fiction | poetry","fiction | history, historical fiction, biography | romance | non-fiction",poetry,fiction | romance,3,3,4,76–150,3
424884,413965,The New Quotable Einstein,unknown,Unknown,325.0,"For the first time in paperback, here is a newly expanded edition of the best-selling book that was hailed as ""setting a new standard"" for quotation books. Tens of thousands of readers have enjoyed ""The Quotable Einstein"" and ""The Expanded Quotable Einstein,"" with translations into twenty-two languages. This updated edition--which appears on the 100th anniversary of Einstein's Special Theory of Relativity and the 50th anniversary of Einstein's death--offers more than 300 new quotations, or over 1,200 altogether. Nearly all are by Einstein himself and a few are about the self-professed ""lone wolf"" ""Time"" magazine named ""Man of the Century"" at the turn of the millennium. ""The New Quotable Einstein"" also includes a new section, ""On Aging,"" and fresh material has been added to the appendix-from a touching account by Helen Dukas of Einstein's last days to a day-by-day summary of Johanna Fantova's telephone conversations with Einstein during the final year and a half of his life. Also included are a poem called ""Einstein,"" by Robert Service; and three virtually unknown verses to the song ""As Time Goes By"" (made famous in the movie ""Casablanca"") that refer to Einstein. New photographs have been selected to introduce each section of the book. Through well-documented quotations and supplementary information, ""The New Quotable Einstein"" provides a bigger and better biographical account of this multifaceted man-as son, husband, father, lover, scientist, philosopher, aging widower, humanitarian, and friend. It shows us even more vividly why the real and imagined Einstein continues to fascinate people across the world into the twenty-first century. 300-plus new quotations, more than 1,200 in all A day-by-day summary of Johanna Fantova's phone conversations with Einstein toward the end of his life A touching account of Einstein's last days A new section, ""On Aging"" Three virtually unknown original verses of the song ""As Time Goes By"" (from the movie ""Casablanca"") that refer to Einstein Robert Service's poem ""Einstein""","history, historical fiction, biography | non-fiction","fiction | history, historical fiction, biography | non-fiction",,fiction,1,2,3,251+,2
10505590,15411457,Laura's Handmade Life,unknown,Unknown,175.0,"The chaotic humor of family life combines with all things crafty, in this feel-good read--with patterns! Laura Lovegrove is leaving behind her seamless life in London. Her architect husband Adi has been relocated to rural Norfolk, a far cry from the ultra-urban life they know. Though Laura knew village life would be different, she didn't foresee a shabby cottage, nosy neighbors, errant poodles, and even an ex turning up. Chris had been her big love at art college and seeing him again is utterly confusing. Is she really so different from the impulsive student who once trawled resale shops for vintage treasures? When a fire all but destroys Laura's collection of vintage clothes, she's heartbroken--and seriously lacking in outfits. But, salvaging what she can, Laura makes do and mends; sewing purses, bags, and even dog leashes. Soon, she's inundated with orders. But Adi is becoming more and more distant, as if there's something he's not telling her. Can Laura make a stitch in time and pull her family back together again?",fiction | romance,fiction | romance | young-adult,,young-adult,1,2,3,151–250,2
11119898,16042608,"Enslaved by a Viking (The New Icelandic Chronicles, #2)",en-us,English,158.0,"His suffering.... Though proud and strong, Eirik, heir to the Ulfhednars kingdom, found himself seduced and taken from his homeworld by a bounty-hunting vixen, who sold him into slavery. Purchased by a wealthy, Consortium-backed brothel, he is kept at a heavily guarded and secure breeding facility, where he is forced to feed the lustful whims of Helios's elite at night. He bides his time, waiting for a chance to escape and get his revenge on the woman who betrayed him... Her satisfaction... Once a sex thrall, Fatin earned her freedom through service. Now, as a bounty hunter, she is determined to earn enough to buy her sister's papers from the same brothel she escaped. For this, she abducts a brutishly handsome, breed-worthy specimen from the Viking planet and delivers him to auction. But her desire for justice and his desire for freedom may consume both of them in a passion neither wanted--or can resist.","fiction | history, historical fiction, biography | romance | fantasy, paranormal","fiction | history, historical fiction, biography | romance | fantasy, paranormal",,,0,4,4,151–250,4+
36107949,57694501,Batman Beyond (2016-) #11,unknown,Unknown,72.0,"""RISE OF THE DEMON"" finale! As past and present collide, Bruce Wayne witnesses the culmination of his legacy. In a shocking twist, the Demon is not Ra's al Ghul. Can his successor be persuaded to stop his plans for worldwide destruction? Will Terry be able to overcome the destructive influence of the new Batman costume and hold on to his soul? High up on a Tibetan mountaintop, the answers will be revealed.","comics, graphic","fiction | fantasy, paranormal | young-adult | comics, graphic",,"fiction | fantasy, paranormal | young-adult",3,1,4,20–75,1
13432412,18932116,Bede - Celtic and Roman christianity in Britain,en-us,English,55.0,"A collection of the biographies and stories of Historical British Celtic saints and churchmen. Translated from the venerable Bede's writings; A History of the English Church and People, Life of Cuthbert and Lives of the Abbots of Wearmouth and Jarrow. Arranged in chapters according to personage and written as a continuous narrative regardless of source.","history, historical fiction, biography","fiction | history, historical fiction, biography | non-fiction | fantasy, paranormal",,"fiction | non-fiction | fantasy, paranormal",3,1,4,20–75,1
12963210,18120957,Web of Angels,eng,English,271.0,"Just as Jodi Picoult tackles controversial contemporary issues in her compelling domestic dramas, in Web of Angelsbestselling novelist Lilian Nattel explores the vivid reality of what used to be called multiple personality disorder. A Vintage Canada trade paperback original. On the surface of things, Sharon Lewis is a lot like any other happily married mother of 3: she is the beating heart of a house full of kids, cooking and chaos, the one who always knows the after-school practice schedule, where her husband put the car keys and who needs a little extra TLC. Her kids and husband think she's a little spooky, actually, the way she can anticipate the tensions of any situation--and maybe they love her all the more for the extra care she gives them. Life is definitely good until the morning Heather Edwards, a pregnant teenaged friend of the family, kills herself. The reverberations of that act, and the ugly secrets that sparked it, prove deeply unsettling to the whole family, and stir up Sharon's own troubling secret: she has DID, or dissociative identity disorder. And the multiples inside the woman the world knows as Sharon seem to know what happened to Heather, and what may be happening to Heather's surviving sister. Will Sharon's need to protect the innocent cause her to finally come clean about her true nature with her family and friends, and not just in the anonymous chat rooms on the web where she's connected to others like herself? Will a woman with DID be able to persuade her quiet and respectable community that evil things can happen even in the nicest homes?","fiction | mystery, thriller, crime","fiction | mystery, thriller, crime",,,0,2,2,251+,2
6819390,7028307,"Her Chosen Wolf (Were Chronicles, #1)",eng,English,207.0,"She chose the wolf she needed and got the man of her dreams. The Were Chronicles, Book 1 Sent to live in the city long ago for her own protection, Saffa has always longed to return to her mountain home. She is a multimorph, and women of her rare bloodline are highly prized by those who aspire to supreme power over the pack. The last thing she wants to be is anyone's stepping stone--especially Bardo Redmaven's. Justice Ambervane would be her first choice...if only he'd stop holding her at arm's length. The wolf within Justice would eagerly take Saffa as his mate, but for secret reason of his own, his human conscience has always resisted. He can't believe Saffa risked coming out of hiding, even to warn him of the disturbing activities of the power-hungry Redmaven clan. She's dangerously close to her first breeding cycle, and giving in to her irresistible scent makes him a marked man. And Saffa even more of a target. What he needs is backup, and there's only one wolf he trusts enough: Drew. As the coming fight backs all three of them into a tight corner, the heat explodes into a passion that Justice wonders if he'll live to regret...","fiction | romance | fantasy, paranormal","fiction | romance | fantasy, paranormal | mystery, thriller, crime",,"mystery, thriller, crime",1,3,4,151–250,3
1734663,1732152,Mother Goose (Little Golden Book),unknown,Unknown,60.0,"Vintage artwork and the classic Disney characters add a world of charm to these perennial Mother Goose nursery rhyme favorites-from ""Peter Pumpkin Eater,"" ""Hey, Diddle, Diddle,"" and ""Little Miss Muffet"" to ""Jack Sprat,"" ""Simple Simon,"" ""Old King Cole,"" and more. This Little Golden Book from the 1940s is a must-have addition to every Little Golden Book collector's library.","fiction | children | comics, graphic | poetry","fiction | fantasy, paranormal | young-adult | children | comics, graphic",poetry,"fantasy, paranormal | young-adult",3,4,5,20–75,4+
22917233,23694335,"The Path of Anger: The Book and The Sword 1 (Le Livre et l'épée, #1)",eng,English,139.0,"There will be blood. There will be death. This is the path of anger... Dun-Cadal has been drinking his life away for years. Betrayed by his friends - who turned their back on their ideals in favour of a new republic - and grief stricken at the loss of his apprentice, who saved his life on the battlefield and whom he trained as a knight in exchange, he's done with politics, with adventure, and with people. But people aren't finished with him - not yet. Viola is a young historian looking for the last Emperor's sword, and her search not only brings her to Dun-Cadal, it's also going to embroil them both in a series of assassinations. Because Dun-Cadal's turncoat friends are being murdered, one by one... By someone who kills in the unmistakable style of an Imperial assassin...","fiction | fantasy, paranormal","fiction | romance | fantasy, paranormal | mystery, thriller, crime",,"romance | mystery, thriller, crime",2,2,4,76–150,2
13086449,18257259,Gone,eng,English,43.0,Greg is having a bad morning. He overslept and is late for work. All he really wants is a good strong cup of joe. He's not going to get it. Things might be going from bad to worse before the day is over...,"fiction | non-fiction | fantasy, paranormal | mystery, thriller, crime",fiction | romance,"non-fiction | fantasy, paranormal | mystery, thriller, crime",romance,4,4,2,20–75,4+
13129082,18305150,The Leveler,eng,English,101.0,"When our world suddenly crumbles apart we are faced with multiple options. We can choose to accept responsibility for our own failures, change what needs to be changed, pick up the pieces and start all over again. Or, we can choose to hold everyone else responsible for our failures and seek revenge. The Leveler is a failed man who chooses not to accept personal responsibility for the miserable way his life has turned out. Pursued by rookie homicide detective Beebe Lawless, The Leveler goes on a week long killing spree seeking revenge against those he feels conspired to ruin his life.","fiction | mystery, thriller, crime","fiction | mystery, thriller, crime | young-adult",,young-adult,1,2,3,76–150,2
11761222,16711916,Berputar dan Terbalik,ind,Non-English,62.0,"Buku ini memberikan contoh-contoh wahana menyenangkan dan penuh ketegangan di taman rekreasi yang menggunakan prinsip-prinsip kerja fisika. Disampaikan secara sederhana dan ringkas, sehingga anak-anak bisa lebih mudah memahami, gaya apa saja yang bekerja pada wahana rekreasi itu. Harapannya, bila anak-anak berkunjung ke taman bermain dan menikmati wahana yang ada di sana, mereka bisa sekaligus belajar dan mengasah pengetahuan.",non-fiction,,non-fiction,,1,1,0,20–75,1
9447403,14332126,"Minerva's Soul (Harry Irons, #3)",eng,English,90.0,"A science fiction action-adventure, final book in the Harry Irons Trilogy. Harry Irons has been infected by the kitzloc, an enigmatic alien species. As a result, he's losing his mind. It's a race against time as Harry and his team attempt to locate one of the creatures in the sands of the Great Wahabi, a desert on the newly colonized world of Mirabel. A difficult task becomes impossible as they encounter disgruntled colonists, a security force from Earth, off-world aliens, and the mind-bending powers of the kitzloc.","fiction | fantasy, paranormal","fiction | history, historical fiction, biography | fantasy, paranormal",,"history, historical fiction, biography",1,2,3,76–150,2
8018332,12585474,Enciklopedijski rečnik moderne lingvistike,srp,Non-English,97.0,"Ovaj recnik spada u siroko koriscen prirucnik i obuhvata transformaciono-generativnu gramatiku, tekstualnu lingvistiku, semantiku, pragmatiku, fonetiku i fonologiju. U njemu je velika kolicina informacija sistemski data na malom prostoru, a preglednosti doprinose i prikladna graficka resenja i pristupacan i jasan jezik. Ovaj izuzetno koristan prirucnik namenjen je svima koji se na bilo koji nacin bave modernom lingvistikom, ili se za nju interesuju, bilo iz amaterskim ili profesionalnih razloga. Njime se mogu da koristiti lingvisti raznih opredeljenja, strucnjaci srodnih disciplina, predavaci nastave na visim stepenima, kao i studenti lingvistike i pojedinih jezika, a posebno studenti poslediplomskih studija.",non-fiction,"fiction | history, historical fiction, biography | non-fiction",,"fiction | history, historical fiction, biography",2,1,3,76–150,1
2872385,137050,A Friendship For Today,unknown,Unknown,94.0,"The year is 1954, the place is Missouri, and twelve-year-old Rosemary Patterson is about to make history. She is one of the first African American students to enter the white school in her town. Headstrong, smart Rosemary welcomes the challenge, but starting this new school gets more daunting when her best friend is hospitalized for polio. Suddenly, Rosemary must face all the stares and whispers alone. But when the girl who has shown her the most cruelty becomes an unlikely confidante, Rosemary learns important truths about the power of friendship to overcome prejudice.","fiction | history, historical fiction, biography | young-adult | children","fiction | history, historical fiction, biography | young-adult | children",,,0,4,4,76–150,4+
23852,1235221,Breeder,unknown,Unknown,115.0,"From Douglas Clegg, award-winning author of The Priest of Blood and Afterlife, comes a nightmarish vision of Washington, D.C.-where shadows and mystery linger in the alleys, and where the haunts of the past come to life. This House has a Name ...Rachel Adair thought Draper House in Washington, D.C, would be the perfect place for her and her husband, Hugh, to try and start a family. But as soon they moved into the century-old townhouse, the nightmares began: horrific images of the child Rachel lost; the unforgivable sins of Hugh's father; scenes of blood-curdling rituals ...and the scraping sounds of an even greater terror that lives within the walls ...","fiction | fantasy, paranormal","fiction | fantasy, paranormal | mystery, thriller, crime | comics, graphic",,"mystery, thriller, crime | comics, graphic",2,2,4,76–150,2
6479829,6671058,Grimm Fairy Tales Vol. 6,en-us,English,125.0,"Fairy Tales and Fables have been passed down from generation to generation throughout the world for hundreds of years. But there has never been an adaptation quite like this! With Sela gone, Belinda is having a ball ruining the lives of almost everyone who crosses her path. A lonely puppet-maker creates a son from a cursed piece of wood only to have to face a terrifying reality! A mysterious and ancient statue has the power to keep those who possess it forever young -- but at what cost? A painting ages for a man who finds that eternal youth is nothing but an eternal curse! Introducing six new fairy tales retold and re-imagined with six incredible new twists that will leave readers craving more!","fiction | fantasy, paranormal | young-adult | comics, graphic","fiction | romance | fantasy, paranormal | mystery, thriller, crime | young-adult | children | comics, graphic",,"romance | mystery, thriller, crime | children",3,4,7,76–150,4+
19343438,14789978,The Dyslexic Advantage: Unlocking the Hidden Potential of the Dyslexic Brain,en-gb,English,187.0,"What links Winston Churchill, Alan Sugar, Richard Branson, Jamie Oliver, David Bailey, Will Smith and countless other high achievers in a huge range of fields? In this paradigm-shifting book, neuro-learning experts Drs Brock and Fernette Eide describe an exciting new brain science that reveals that people with dyslexia have unique brain structure and organisation. While the differences are responsible for certain challenges with literacy and reading, the dyslexic brain also gives a predisposition to important skills and special talents. While dyslexics typically struggle to decode the written word, they often also excel in such areas of reasoning as mechanical (required for architects and surgeons), interconnected (artists and inventors); narrative (novelists and lawyers), and dynamic (scientists and business pioneers). The Dyslexic Advantageprovides the first complete portrait of dyslexia. With much-needed prescriptive advice for parents, educators and dyslexics, The Dyslexic Advantageprovides the first complete portrait of dyslexia. Supporting their claims with groundbreaking science and interviews with successful dyslexics and innovative teachers, the authors of this essential book show how the unique strengths of dyslexia can be captured for success at home, at school and at work.",non-fiction | children,fiction | non-fiction,children,fiction,2,2,2,151–250,2
2926033,2953370,A Good Woman,unknown,Unknown,359.0,"From the glittering ballrooms of Manhattan to the fires of World War I, Danielle Steel takes us on an unforgettable journey in her new novel--a spellbinding tale of war, loss, history, and one woman's unbreakable spirit.... Nineteen-year-old Annabelle Worthington was born into a life of privilege, raised amid the glamour of New York society, with glorious homes on Fifth Avenue and in Newport, Rhode Island. But everything changed on a cold April day in 1912, when the sinking of the Titanicshattered her family and her privileged world forever. Finding strength within her grief, Annabelle pours herself into volunteer work, nursing the poor, igniting a passion for medicine that would shape the course of her life. But for Annabelle, first love, and a seemingly idyllic marriage, will soon bring more grief--this time caused by the secrets of the human heart. Betrayed, and pursued by a scandal she does not deserve, Annabelle flees New York for war-ravaged France, hoping to lose herself in a life of service. There, in the heart of the First World War, in a groundbreaking field hospital run by women, Annabelle finds her true calling, working as an ambulance medic on the front lines, studying medicine, saving lives. And when the war ends, Annabelle begins a new life in Paris--now a doctor, a mother, her past almost forgotten...until a fateful meeting opens her heart to the world she had left behind. Finding strength in the most unlikely of friendships, pulling together the broken fragments of her life, Annabelle will return to New York one more time--this time as a changed woman, a woman of substance, infused with life's experience, building a future filled with hope...out of the rich soil of the past. Filled with breathtaking images and historical detail, Danielle Steel's new novel introduces one of her most unique and fascinating characters: Annabelle Worthington, a remarkable woman, a good woman, a true survivor who triumphs against overwhelming odds. For Annabelle's story is more than compelling fiction, it is a powerful celebration of life, dignity, and courage--and a testament to the human will to survive. From the Hardcover edition.","fiction | history, historical fiction, biography | romance","fiction | history, historical fiction, biography | romance | young-adult",,young-adult,1,3,4,251+,3
31943368,52601336,"Akademiet (Oppdrag Mars, #1)",nor,Non-English,107.0,"Aret er 2067. Tolv femtenaringer skal velges ut til a bli tidenes yngste marsfarere. I Norge har Sebbe sokt om opptak til det beromte Marsakademiet i Nederland. Det samme har datageniet Joy fra Filippinene. Men vet de virkelig hva som venter dem av provelser for de kan bli blant de tolv utvalgte? Pa kolonien pa Mars oppholder det seg en spion plassert der av det mektige Osttsarriket. Men befinner det seg ogsa en spion blant aspirantene pa jorda, en muldvarp som kan sette hele marsprogrammet i fare? Og hvem er agenten som har hacket seg inn pa Marsakademiets computer? AKADEMIET er den forste boka i serien Oppdrag Mars.",fiction | young-adult,"fiction | non-fiction | mystery, thriller, crime",young-adult,"non-fiction | mystery, thriller, crime",3,2,3,76–150,2
10835646,1795113,Twee cowboys,nl,Non-English,26.0,"De geschiedenis van twee hedendaagse cowboys die beiden getrouwd zijn en gezinnen hebben, maar hopeloos verliefd op elkaar worden. Ze staan voor een gruwelijk moeilijke keuze.","fiction | history, historical fiction, biography | romance","fiction | romance | young-adult | comics, graphic","history, historical fiction, biography","young-adult | comics, graphic",3,3,4,20–75,3
2795133,74749,Wrath of Khan (Star Trek Movie 2): Wrath of Khan,unknown,Unknown,87.0,"The Federation starship Reliantis on its surveying mission to find a lifeless planet to serve for the test site for Genesis Project. While surveying Ceti Alpha V they accidentally discover the camp of Khan Noonien Singh, who with his followers, quickly captures the ship. Khan then seizes space station Regula I where the Genesis Project is being developed. Khan lures his nemesis, Kirk and the EnterpriseTM crew to the space station. Kirk and the crew must then prevent Khan from destroying the Enterpriseand detonating the Genesis device.","fiction | fantasy, paranormal | young-adult","fiction | history, historical fiction, biography | fantasy, paranormal | mystery, thriller, crime",young-adult,"history, historical fiction, biography | mystery, thriller, crime",3,3,4,76–150,3
10737476,2524956,"Diablo (Cynster, #1)",spa,Non-English,112.0,"?Era el marido que siempre habia sonado, o un verdadero demonio? Honoria Wetherby es institutriz, pero tiene otros proyectos: vivir aventuras, conocer mundo... aunque lo inesperado puede cambiar drasticamente hasta los mejores planes. Su intento de ayudar a un moribundo la lleva a pasar la noche en una cabana solitaria en compania del miembro mas denostado de los Cynster, a quien llaman Diablo. Cuando esto sale a la luz, el no tiene otro remedio que pedir su mano. La familia Cynster esta encantada de que el famoso libertino finalmente decida casarse, pero lo que menos desea la rebelde joven es un marido que la controle, y enamorarse no esta en sus planes...","fiction | history, historical fiction, biography | romance | mystery, thriller, crime","fiction | romance | fantasy, paranormal | mystery, thriller, crime","history, historical fiction, biography","fantasy, paranormal",2,4,4,76–150,4+
20810660,40155841,Bela Adormecida,por,Non-English,152.0,"O PRINCIPE ENCANTADO NUMA HARLEY Com sua velha jaqueta de couro e uma moto que ja vira mehores dias, Neill Devlin nao parecia ser um escritor de sucesso, nem um homem tentando fugir da solidao. A cidade de Loving, em Indiana, era um lugar tao bom quanto qualquer outro para sua moto quebrar - especialmente quando ee se depara com uma bela mulher envolta num ar de misterio que acaba por enfeitica-lo... DAMA EM PERIGO Anne Moore viveu toda sua vida a sombra de uma tragedia. Prisioneira do seu proprio passado nao consegue livrar-se dos elos que a mantem atada a cidade e a uma cidade que, lentamente, a esta sufocando. Ela nao esta a procura de um heroi - e Neill nao esta disposto a matar nenhum dragao. Mas, em seu coracao ele guarda a chave para a liberdade e para um fina feliz - tanto para si mesmo quanto para Anne.",romance,"fiction | history, historical fiction, biography | romance | fantasy, paranormal | young-adult",,"fiction | history, historical fiction, biography | fantasy, paranormal | young-adult",4,1,5,151–250,1
1473412,1055390,Doctor Who and the Genesis of the Daleks,eng,English,78.0,"The place: Skaro Time: The Birth of the Daleks After a thousand years of futile war against the Thals, DAVROS has perfected the physical form that will carry his race into eternity - the dreaded DALEK. Without feeling, conscience or pity, the Dalek is programmed to EXTERMINATE. At the command of the Time Lords, DOCTOR WHO travels back through time in an effort to totally destroy this terrible menace of the future. But even the Doctor cannot always win ...","fiction | fantasy, paranormal | children","fiction | history, historical fiction, biography | fantasy, paranormal | comics, graphic",children,"history, historical fiction, biography | comics, graphic",3,3,4,76–150,3
7957443,11690127,World of Warcraft: Mage,en-us,English,25.0,This class-based manga follows a young mage who faces his greatest challenge when he is forced to confront a foe only he can stop.,"fiction | fantasy, paranormal | young-adult | comics, graphic","fiction | fantasy, paranormal | young-adult | comics, graphic",,,0,4,4,20–75,4+
12349149,210627,A Flag Full of Stars,eng,English,160.0,"A Flag Full Of Stars It has been eighteen months since the Starship Enterprise completed her historic five-year mission and her legendary crew has seperated, taking new assignments that span the galaxy. On Earth, Admiral James T. Kirk has married and started a new life as the Chief of Starfleet operations where he is overseeing the refit of his beloved ship, now commanded by a new Captain -- Willard Decker. Kirk's only tie to his former crewmates is his Chief of Staff, a young Lieutenant Commander named Kevin Riley. But Kirk's new, quiet life changes when he meets a scientist named G'dath who is on the brink of perhaps the greatest scientific discovery in a century. G'dath's invention could mean tremendous strides in Federation technology, or -- in the wrong hands -- the subjugation of countless worlds. When Klingon agents capture this new technology, Admiral Kirk and Lt. Commander Riley are all that stands between peace and devastation for the entire Federation.","fiction | fantasy, paranormal",fiction,"fantasy, paranormal",,1,2,1,151–250,2
19019308,19260348,"Plow (The Druid Series, #6)",eng,English,176.0,"PLOW is the sequel to SEED of the Druid Series. When Holly awakens from the deep thrall cast by her faction kidnapper, she is struck with hopelessness until she discovers the power her Druid Lineage has over him. Kier is an elite stolen warrior of the faction who does the bidding of his adopted group but with his pulsing biology waiting for just the right catalyst to put his true nature into play. Beau and Aubree are pitted against each other only to discover that their Druid mating offers protection from those that would destroy them. Can they seek refuge amongst their Reaper kin that will harbor them in safe waters, or will the Druid priest's dark secret plague them wherever they go? Constantine seeks to destroy a rare Exotic and finds himself under a spell he cannot break, his nature used against him. Will he get another chance to force her submission while she stands under guard of the most powerful vampire of their kind? Can the Reapers win the battle without losing the war?","romance | fantasy, paranormal","fiction | romance | fantasy, paranormal | young-adult",,fiction | young-adult,2,2,4,151–250,2
11045612,15966329,Deformed and Destructive Beings: The Purpose of Horror Films,unknown,Unknown,61.0,"""This critical text proposes that the horror film's primary purpose is to present monsters. These monsters satisfy the audience's desire to know the extremities of being, in particular those beings too fantastic and dangerous to know in real life. The text illuminates many aspects of the horror film genre, including epistemology, ethics, evaluation, history, monster taxonomy, and techniques""--Provided by publisher.",non-fiction,"fiction | non-fiction | fantasy, paranormal | mystery, thriller, crime",,"fiction | fantasy, paranormal | mystery, thriller, crime",3,1,4,20–75,1
350762,100074,Tao Te Ching,eng,English,52.0,"While debate continues about the historicity of Lao Tzu, Tao Te Ching, the collection of sayings attributed to him, has remained one of the most influential religious texts of all time. Using simple yet profound language, the author probes the eternal mystery of the Tao, the elusive substrate which underlies all creation.","fiction | history, historical fiction, biography | non-fiction | poetry","fantasy, paranormal | comics, graphic","fiction | history, historical fiction, biography | non-fiction | poetry","fantasy, paranormal | comics, graphic",6,4,2,20–75,4+
3363304,3402589,"The Formation Of Chʻan Ideology In China And Korea: The Vajrasamādhi Sūtra, A Buddhist Apocryphon",unknown,Unknown,211.0,"This book is a translation and study of the Vajrasamadhi-Sutra and an examination of its broad implications for the development of East Asian Buddhism. The Vajrasamadhi-Sutra was traditionally assumed to have been translated from Sanskrit, but some modern scholars, principally in Japan, have proposed that it is instead an indigenous Chinese composition. In contrast to both of these views, Robert Buswell maintains it was written in Korea around A.D. 685 by a Korean adept affiliated with the East Mountain school of the nascent Chinese Ch'an tradition. He thus considers it to be the oldest work of Korean Ch'an (or Son, which in Japan became known as the Zen school), and the second-oldest work of the sinitic Ch'an tradition as a whole.Buswell makes his case for the scripture's dating, authorship, and provenance by placing the sutra in the context of Buddhist doctrinal writings and early Ch'an literature in China and Korea. This approach leads him to an extensive analysis of the origins of Ch'an ideology in both countries and of the principal trends in the sinicization of Buddhism. Buddhism has typically been studied in terms of independent national traditions, but Buswell maintains that the history of religion in China, Korea, and Japan should be treated as a whole.","history, historical fiction, biography | non-fiction","fiction | history, historical fiction, biography | non-fiction | comics, graphic",,"fiction | comics, graphic",2,2,4,151–250,2
19292511,24963335,Casted (The Casted Series Book 1),unknown,Unknown,276.0,"""My mind absorbed everything in the spell book I clutched tightly to me. Pages ruffled inside of my head, urging me to remember things and then to forget them. Voices chanted with tempo rising at the breaking points of pain until the book vanished and words to an ancient spell scribed across my arms. Each stroke brought blood to the surface, imprinting words I could not read; words that would forever change who I was."" Jade had spent the majority of her life running from the Triad. A powerful group, who would stop at nothing to obtain Jade and the missing spell book for leader, Lorenzo's, nefarious plans. And now that she has absorbed the highly coveted magic contained inside the missing book, there is nowhere left for her to hide. With the help of her friends, Jade steps out from the shadows and learns how to fight back. But no one is prepared for Elinor-the woman bound inside of the book that's trapped in Jade's mind. Now she not only needs to protect herself from the Triad, but from what's hiding inside her mind as well. Jade never expected the answer to it all would revolve around love. Edge is dark, mysterious, and a sworn member of the Triad. He also hides a secret past that threatens the thin line he walks between good and evil. Lives are at stake when Jade and Edge's two worlds collide. Can Jade learn to trust him when he says he is her pre-ordained and vows to do everything he can to protect her? But more importantly, can she trust herself and the woman in her mind?","fantasy, paranormal","fiction | romance | fantasy, paranormal | mystery, thriller, crime",,"fiction | romance | mystery, thriller, crime",3,1,4,251+,1
1839964,23650,Rebel Queen: How The Trial Of Caroline Brought England To The Brink Of Revolution,unknown,Unknown,210.0,"It was Lady Jersey, the calculating mistress of the foppish George IV, who chose Caroline, Princess of Brunswick, to become George's wife. She selected a woman 'with indelicate manners . . . and not very inviting appearance', and George, who hadn't taken the precaution of meeting his wife before marrying her, was suitably disgusted. In 1797, just three years after their marriage, the couple separated with George writing to his wife that neither of them should 'be held answerable to the other'. Caroline took him at his word and proceeded to live exactly as she pleased, departing for Europe and a life of scandalous associations and debauched parties. Rumours of Caroline's lifestyle soon reached George and, although he was no stranger to indiscretion himself, he determined that she would never become Queen. To the shock of the nation, he demanded that Caroline face a trial for adultery. The voice of the popular press in Britain, raised in anger for the first time in Britain, roared in disapproval at her humiliation and Caroline's unlikely role as a heroine of Radical feeling was assured. Jane Robins re-creates this extraordinary morality tale in vivid and entertaining fashion, revealing a little-known story of surprising modernity that sheds new light on a revolution that might have been.","fiction | history, historical fiction, biography | non-fiction","fiction | history, historical fiction, biography | romance | non-fiction",,romance,1,3,4,151–250,3
6252293,680304,Chicka Chicka Boom Boom,en-us,English,76.0,"Bill Martin Jr and John Archambault's rhythmic chant and Lois Ehlert's exuberant collage illustrations have made Chicka Chicka Boom Booma read-aloud favorite for twenty years. To celebrate, here is a special anniversary edition of this quintessential picture book with these exciting new features including completely restored artwork, twenty years of Chicka historical note and a Happy Birthday, Chicka! poster on the inside jacket that will surely delight old and new generations of Chicka Chickafans alike!",fiction | children | poetry,"children | comics, graphic | poetry",fiction,"comics, graphic",2,3,3,76–150,3
26012473,21530499,Calculated in Death,unknown,Unknown,157.0,"On Manhattan's Upper East Side a woman lies dead at the bottom of the stairs, stripped of all her valuables. Most cops might call it a mugging gone wrong, but Lieutenant Eve Dallas knows better. A well-off accountant and a beloved wife and mother, Marta Dickenson doesn't seem the type to be on anyone's hit list. But when Eve and her partner, Peabody, find blood inside the building, the lieutenant knows Marta's murder was the work of a killer who's trained, but not professional or smart enough to remove all the evidence. But when someone steals the files out of Marta's office, Eve must immerse herself in her billionaire husband Roarke's world of big business to figure out who's cruel and callous enough to hire a hit on an innocent woman. And as the killer's violent streak begins to escalate, Eve knows she has to draw him out, even if it means using herself as bait. . . .","fiction | romance | fantasy, paranormal | mystery, thriller, crime","fiction | romance | mystery, thriller, crime","fantasy, paranormal",,1,4,3,151–250,4+
30822782,26406965,The Sugar Men,unknown,Unknown,153.0,"Sixty-four years ago, Susannah Morgan managed to flee the horrors of the Holocaust. But the memories of that childhood ordeal have proven impossible to sweep away. For most of her new life spent settled in sleepy North Carolina, the flashbacks have been a lonely obsession--one she has hidden from her family, and about which her heart is torn. Because for all the pain and the cruelty of those terrible years, she harbours sweet memories too, of unexpected friends who risked their own lives in order to save hers. As Susannah's time on earth draws to a close, her innermost thoughts of those long-gone days become questions--ones that demand answers. Against the wishes of her children, Susannah returns to Germany and the scene of unspeakable crimes. There she will come face to face with the Holocaust's terrible, wretched legacy, and will finally make peace with the ghosts of her past.","fiction | history, historical fiction, biography | non-fiction","fiction | history, historical fiction, biography | romance | mystery, thriller, crime",non-fiction,"romance | mystery, thriller, crime",3,3,4,151–250,3
2525450,2532956,Yahweh and the Gods of Canaan,eng,English,194.0,"s/t: An Historical Analysis of Two Contrasting Faiths The range of this scholarly volume is wider than the title suggests. Three of the five long chapters deal specifically with the religions of Canaan, Israel & Phoenecia. The 1st two, however, are concerned respectively with the early poetry of Israel, to which the author accredits a much greater antiquity than has commonly been assigned to it, & with the patriarchal element in the development of the Hebraic people. Throughout the discussion of these topics, the author brings to bear an erudition that ranges widely over many related topics. The effect is to give the reader a comprehension of many aspects of the whole historical & cultural developments that took place in the Middle East from a time at least as far back as the 5th millenium. Albright, one of the foremost contemporary Old Testament scholars, makes considerable use of recent archeological discoveries to offer revision of theories & points of view current up until the past quarter century. Originally delivered as the Jordan Lectures for 1965 at the University of London, this volume will be of great interest to scholars, but is hardly accessible to less competent readers.--Kirkus","history, historical fiction, biography","history, historical fiction, biography | non-fiction",,non-fiction,1,1,2,151–250,1
24471852,42942471,"Becoming Us (London Lovers, #1)",eng,English,175.0,"The dreaded friend-zone... The last place I ever want to be with college basketball God, Jake LaShae.I am losing my mind trying to figure out what this gorgeous and confident man wants from me. I need to break through his walls. What is it about me that makes him not go there? What am I lacking? When a mind-blowing betrayal knocks the wind out of me, and I think I can't feel any lower...Brodystumbles into my path-barefoot no less, and sexy as hell. His direct and mouth-watering swagger is a breath of fresh air. The feelings this man gives me are like nothing I've ever experienced. But Brody has a past. A past that makes it nearly impossible for him to trust me and let us become us in whatever capacity that may be. Just when Brody and I truly connect, just when I think that finding my soul-mate in college isn't a total joke, Jake comes back into my life...and messes things up...possibly for good.",fiction | romance | young-adult,romance,fiction | young-adult,,2,3,1,151–250,3
17448240,22029044,"Buyer, Beware (Style and Error Mystery #2)",eng,English,100.0,"Alternate cover edition for  Out of work fashion expert Samantha Kidd is strapped, until the buyer of handbags for a hot new retailer turns up murdered. When Samantha is recruited for the job, it comes with a caveat: she's expected to find some answers. The police name a suspect but Samantha's convinced the label doesn't fit. With patent determination and a tote bag of tenacity, she turns to a sexy stranger for help. As the walls close around her like a snug satin lining, Samantha must get a handle on the suspects, or risk being caught in the killer's clutches","fiction | mystery, thriller, crime","fiction | romance | mystery, thriller, crime | young-adult",,romance | young-adult,2,2,4,76–150,2
34520817,47860371,Innocence,eng,English,167.0,"I can never go back to the way life was before that awful night. Even though I'm unable to remember what happened, I refuse to believe the image they painted of me in the courtroom. The pieces won't fit together. Blurred images haunt my dreams. I needed a fresh start, somewhere I wouldn't be judged, a place to salvage a life beyond the one I was currently living. At the urging of my father, I headed to Colorado to start a new life and put the past where it belonged--in the past. What I didn't expect was to find a man with the ability to pull me out of those dark places I'd barely been existing in. Just when the life I never thought I deserved was within reach, the ghosts of my past began haunting me--threatening to take everything away. Would the light finally push through the darkness? Would I ever be free? Or will I forever be sentenced? ***Innocence is a standalone novel***",romance,"fiction | romance | fantasy, paranormal | mystery, thriller, crime",,"fiction | fantasy, paranormal | mystery, thriller, crime",3,1,4,151–250,1
26199771,21951451,Make Mine to Go,eng,English,137.0,"One key to the success of Justin and Toby's marriage is plenty of sexual variety, sometimes with other men they know through the local BDSM club. While Toby assumes the submissive role in their power exchanges, it's more often Justin who generously caters to Toby's erotic appetites. Toby's interest in flirting with a salesman should be trivial in comparison to his other desires. Instead, it sends both men down uncomfortable paths. Toby manages to assure Justin that it was harmless fun, or so it seems at first. More troubling than Justin being unconvinced is that Toby doesn't entirely believe his own story. When Toby finally figures out he wants something only another man can give him, he knows it won't be easy to tell Justin. Is realizing a fantasy -- even an exceptionally compelling one -- worth the risk?",fiction | romance,fiction | romance,,,0,2,2,76–150,2
17282407,24939801,Angel of the City,eng,English,162.0,"A vision of a dystopian future, as seen through the eyes of a brain damaged ex-policeman. The last city on Earth is an overcrowded, festering metropolis of segregated quarters and ancient, ethnic hatreds. It is a city on the edge of starvation, slowly succumbing to the creeping death that has choked off the rest of the world. When the leader of a nascent resistance movement is captured by the government, a nameless, brain-damaged thief is hired to rescue her. It's a suicide mission and he knows it, but it's a job he can't refuse. And if he can get her out, then what? Where do you go, when there is no place to go? How can you hide in a city tearing itself apart in a wholesale ethnic cleansing? What drives a man to keep fighting, when he knows the terrible truth the future holds? Angel Of The City is a story of hope and survival in a broken world.","fiction | fantasy, paranormal","fiction | fantasy, paranormal | mystery, thriller, crime | young-adult",,"mystery, thriller, crime | young-adult",2,2,4,151–250,2
11401636,13402087,"Seduce Me in Dreams (Three Worlds, #1)",eng,English,136.0,"Dark. Mysterious. Sensual. When Bronse Chapel, the commander of a specialized unit of the Interplanetary Militia, begins to dream about a beautiful and exotic brunette, he wants to dismiss it as being induced by lack of sleep ... or perhaps lack of sex. But his instincts tell him it's something different, something far more dangerous. Ravenna is the leader of the Chosen Ones, a small group of people from her village born with extraordinary powers. She doesn't know what draws her to Bronse's dreams night after night, but she senses that he and his team are in jeopardy. Ravenna can help him, but first Bronse must save the Chosen Ones from those who plan to use their powers for evil. Together, Bronse and Ravenna will be unstoppable. But Ravenna is hiding something that could endanger them all.","fiction | romance | fantasy, paranormal","fiction | romance | fantasy, paranormal",,,0,3,3,76–150,3
18820181,20261708,"DIY Nail Art: Easy, Step-by-Step Instructions for 75 Creative Nail Art Designs",unknown,Unknown,134.0,"The ""cure"" for the common mani!Black Lace. Summer Citrus. Hot Pink Zebra. Get ready for nails that will get you noticed! Catherine Rodgers, creator of the popular nail art YouTube Channel Totally Cool Nails, shares her secrets in ""DIY Nail Art."" Packed with easy-to-follow instructions and helpful tips for recreating Catherine's stunning looks, you can create one-of-a-kind nail art designs without ever stepping inside a nail salon. Inside this colorful guide to all things nails, you'll find seventy-five eye-catching designs including never-before-seen styles like Argyle, Light Burst, and Spiderweb Nails. Complete with step-by-step photographs so you can nail your look every time, ""DIY Nail Art"" will have you saying goodbye to the nail salon--and hello to fashion-forward nails at home!",non-fiction | young-adult,fiction,non-fiction | young-adult,fiction,3,2,1,76–150,2
12152955,17123658,Kenraalin Testamentti,fin,Non-English,53.0,"Jalkavaenkenraali Adolf Ehrnrooth on koonnut Kenraalin testamenttiin ajatuksiaan ja kokemuksiaan ""itse eletyn oikeudella"". Han puhuu sodistamme, voitetusta itsenaisyydestamme, veteraanien kohtelusta ja ottaa kantaa tarkeisiin yhteiskunnallisiin asioihin. Adolf Ehrnroothin kirjoittama Kenraalin testamentti sisaltaa koko hanen uskonsa, toivonsa ja isanmaanrakkautensa. ""Suomi on hyva maa. Se on puolustamisen arvoinen. Ja sen ainoa puolustaja on Suomen kansa.""","history, historical fiction, biography | non-fiction","fiction | romance | fantasy, paranormal | children | comics, graphic","history, historical fiction, biography | non-fiction","fiction | romance | fantasy, paranormal | children | comics, graphic",7,2,5,20–75,2
25126106,44822450,Star Wars #3,eng,English,42.0,The greatest space adventure of all time continues! The attack on Cymoon-1 comes crashing to an end! Will the Rebels overcome Vader to strike another blow against the Empire? And is Luke ready to be the Jedi Ben wanted him to be?,"fiction | fantasy, paranormal | comics, graphic","fiction | fantasy, paranormal | comics, graphic",,,0,3,3,20–75,3
18656527,26471428,The Wicked Confessions Of Lady Cecelia Stanton,eng,English,148.0,"When faced with a rakish, lusty husband, what is a proper English wife to do but educate herself in the art of bedplay? ""Marriages are strange things, none stranger perhaps than this betwixt me and my lord husband."" Lady Cecelia is married to the dashing and philandering Lord William Stanton, a situation that would distress even the most composed and refined gently-born lady. However, Cecelia has a secret balm to her dissatisfaction: her maid, Bess Miller. Cecelia's inexperience and William's insatiable appetites fuel her desire to learn, and Bess is a willing teacher. Then, when Cecelia blossoms into pregnancy and can no longer accommodate William's needs, he distances himself, and Bess becomes her only solace and comfort -- and the channel for her most intimate desires. As Cecelia struggles to understand her own feelings, gossip begins to spread. William starts asking questions, and wicked confessions must be made...","fiction | history, historical fiction, biography | romance","fiction | history, historical fiction, biography | romance",,,0,3,3,76–150,3
27834276,15615499,Vojna nemá ženskú tvár,slo,Non-English,134.0,"Kniha Vojna nema zensku tvarnajcerstvejsej drzitelky Nobelovej ceny za literaturu Svetlany Alexijevic vychadza v slovenskom preklade uz druhy raz. Oproti prvemu vydaniu z roku 1990 vsak ide o rozsirenu verziu, objavuju sa v nej pasaze vyskrtnute bdelym sovietskym cenzorom i celkom nove vypovede pamatnicok Velkej vlasteneckej vojny. Svetlana Alexijevic patra po inej tvari vojny. Nezaujimaju ju medaily a rady a vyznamenania, v pamatiach stoviek zien, ktore zazili vojnu ako jej priame ucastnicky so zbranou v ruke, lovi to, co je neprenosne, to najosobnejsie - zazitky, ktore utkveli na koziach vojaciek i zdravotnicok, zazitky, ktorych sa nemozno zbavit, nemozno ich vytesnit z pamati, ani zo snov. Hroza vojny sa v dokumentarnej kolazi Svetlany Alexijevic strieda s prekvapujucou ludskostou a odkryva tak celkom inu tvar vojny, tvar, ktoru by sme v kusych kapitolach ucebnic dejepisu hladali len marne.","fiction | history, historical fiction, biography | non-fiction","fiction | history, historical fiction, biography | romance | mystery, thriller, crime",non-fiction,"romance | mystery, thriller, crime",3,3,4,76–150,3
12753420,27677182,"Dancing at Midnight (Splendid Trilogy, #2)",eng,English,137.0,"When a suitor tells Lady Arabella Blyndon that he is willing to overlook her appalling bluestocking tendencies on account of her looks and fortune, she decides to take a break from the Marriage Mart. So during an extended stay in the country, she never expects to meet Lord John Blackwood, a wounded war hero who intrigues her like no other man. Lord John has lived through the worst horrors of war, but nothing could have been as terrifying to his tormented heart as Lady Arabella. She is intoxicating, infuriating...and she makes him want to live again. Suddenly he's writing bad poetry and climbing trees in the pitch-dark night, just so he can dance with her. But when the harsh light of day replaces the magic of midnight, can this tormented soul learn to love again?","fiction | history, historical fiction, biography | romance | mystery, thriller, crime",fiction | romance,"history, historical fiction, biography | mystery, thriller, crime",,2,4,2,76–150,4+
20106891,3292360,Dewey: The Small-Town Library Cat Who Touched the World,unknown,Unknown,209.0,"On the coldest morning of the year, Vicki Myron found a tiny, bedraggled kitten almost frozen to death in the night drop box of the library where she worked, and her life - and the town of Spencer, Iowa - would never be the same. Vicki was a single mother who had survived the loss of her family farm and an alcoholic, abusive husband. But her biggest challenge as the new head librarian in Spencer was to raise the spirits of a small, out-of-the-way town mired deep in the farm crisis of the 1980s. Dewey, as the townspeople named the kitten, quickly grew into a strutting, adorable library cat whose antics kept patrons in stitches, and whose sixth sense about those in need created hundreds of deep and loving friendships. As his fame grew, people drove hundreds of miles to meet Dewey, and people all over the world fell in love with him. Through it all, Dewey remained a loyal companion, a beacon of hope not just for Vicki, but for the entire town of Spencer as it slowly, steadily pulled itself up from the worst financial crisis in its long history. Dewey won hearts and proved to everyone he encountered that unconditional love comes in many forms.","fiction | history, historical fiction, biography | non-fiction | young-adult | comics, graphic","fiction | history, historical fiction, biography | romance | young-adult","non-fiction | comics, graphic",romance,3,5,4,151–250,4+
460635,1294681,The Bone People,en-us,English,155.0,"In a tower on the New Zealand sea lives Kerewin Holmes, part Maori, part European, an artist estranged from her art, a woman in exile from her family. One night her solitude is disrupted by a visitor--a speechless, mercurial boy named Simon, who tries to steal from her and then repays her with his most precious possession. As Kerewin succumbs to Simon's feral charm, she also falls under the spell of his Maori foster father Joe, who rescued the boy from a shipwreck and now treats him with an unsettling mixture of tenderness and brutality. Out of this unorthodox trinity Keri Hulme has created what is at once a mystery, a love story, and an ambitious exploration of the zone where Maori and European New Zealand meet, clash, and sometimes merge. Winner of both a Booker Prize and Pegasus Prize for Literature, The Bone Peopleis a work of unfettered wordplay and mesmerizing emotional complexity.","fiction | history, historical fiction, biography | fantasy, paranormal | mystery, thriller, crime","fiction | fantasy, paranormal | mystery, thriller, crime","history, historical fiction, biography",,1,4,3,151–250,4+
129594,124816,365 Penguins,en-us,English,118.0,"From the amazing success of the documentary March of the Penguins to the popular penguins in Madagascar to this fall's upcoming penguin-themed movie Happy Feet, penguins are everywhere! That's especially true for the family in 365 Penguins, who find a penguin mysteriously delivered to their door every day for a year. At first they're cute, but with every passing day, the penguins pile up--along with the family's problems. Feeding, cleaning, and housing the penguins becomes a monumental task. They're noisy and smelly, and they always hog the bathroom! And who on earth is sending these kwaking critters? In a large format, and with lots of opportunity for counting, 365 Penguins is sure to become a perennial wintertime favorite.",fiction | children,"fiction | non-fiction | children | comics, graphic",,"non-fiction | comics, graphic",2,2,4,76–150,2
6316125,6501369,"The Shifter (Healing Wars, #1)",eng,English,192.0,"Nya is an orphan struggling for survival in a city crippled by war. She is also a Taker--with her touch, she can heal injuries, pulling pain from another person into her own body. But unlike her sister, Tali, and the other Takers who become Healers' League apprentices, Nya's skill is flawed: She can't push that pain into pynvium, the enchanted metal used to store it. All she can do is shift it into another person, a dangerous skill that she must keep hidden from forces occupying her city. If discovered, she'd be used as a human weapon against her own people. Rumors of another war make Nya's life harder, forcing her to take desperate risks just to find work and food. She pushes her luck too far and exposes her secret to a pain merchant eager to use her shifting ability for his own sinister purposes. At first Nya refuses, but when Tali and other League Healers mysteriously disappear, she's faced with some difficult choices. As her father used to say, principles are a bargain at any price; but how many will Nya have to sell to get Tali back alive?","fiction | history, historical fiction, biography | romance | fantasy, paranormal | mystery, thriller, crime | young-adult | children","fiction | romance | fantasy, paranormal | young-adult","history, historical fiction, biography | mystery, thriller, crime | children",,3,7,4,151–250,4+
17973287,25196503,Gravity's Got Nothing on You,eng,English,126.0,"Sterek ""Three weeks,"" Derek says. ""Still don't want to,"" Stiles says. ""I'll pay you,"" Derek says, and that... that has Stiles interested. Alf's Antique's may be a great job, but it's not a high-paying job, and half of Stiles's tuition is coming from financial aid, so... ""How much,"" Stiles asks, ""are we talking here? Because I know your family, dude. And it'll be kind of awkward after."" ""My family thinks you're some sort of fucking gift to the world,"" Derek seethes, like he's jealous, ""they'll probably be pissed at me when we break it off, so don't worry about that. Five hundred bucks."" ""A thousand,"" Stiles says, because screw ethics. Also, the Hale family is loaded. Derek can deal. 83,980 Words Complete Art by Rahciach: Cover:","fiction | romance | fantasy, paranormal | mystery, thriller, crime",fiction | romance,"fantasy, paranormal | mystery, thriller, crime",,2,4,2,76–150,4+
6403237,6592074,Wolfchild,eng,English,39.0,"Raw is a runaway serf who must stay hidden for a year and a day in order to become free. Inspired by the lost land of Lyonnesse, Wolfchild is a historical fantasy, a story of affirmation and self-discovery.","fantasy, paranormal | children","fiction | fantasy, paranormal | young-adult | comics, graphic",children,"fiction | young-adult | comics, graphic",4,2,4,20–75,2
48781,1708253,"The Lemonade Raid (Nancy Drew: Notebooks, #19)",unknown,Unknown,31.0,"When her lemonade stand is threatened by a lemon-stealing bandit, Nancy wonders who could possible want to steal a box of lemons and searches for clues in a surprising place.","fiction | mystery, thriller, crime | children","fiction | mystery, thriller, crime | young-adult | children | comics, graphic",,"young-adult | comics, graphic",2,3,5,20–75,3
9770435,14660017,"Menorah (Sara Terracini & Oswald Breil, #2)",ita,Non-English,147.0,"Antichissima, d'oro massiccio e nessuno sa dove sia: e la Menorah, il candelabro a sette bracci, simbolo sacro del popolo d'Israele, razziato dal tempio di Gerusalemme nel 70 d.C. Ritrovarla significa conquistarsi la gratitudine eterna di un intero popolo, ma anche disporre di un potente mezzo di ricatto contro di esso. E infatti, non appena emerge dall'oblio il diario di un pittore vissuto a Parigi alla fine del Settecento, le speranze si riaccendono, e con queste anche la bramosia di chi vuole impadronirsi della mitica reliquia per arricchirsi o conquistare appoggi politici... Una travolgente caccia al tesoro che scavalca i secoli e le latitudini, dalle catacombe di Parigi agli altopiani del Tibet, dalla Rivoluzione francese alla Guerra del Golfo, un lungo inseguimento tra antichi manoscritti e messaggi criptati, spie del Mossad e ex agenti del KGB, un autentico fuoco di fila di avventure, colpi di scena, rivelazioni...","mystery, thriller, crime","fiction | history, historical fiction, biography | non-fiction | mystery, thriller, crime",,"fiction | history, historical fiction, biography | non-fiction",3,1,4,76–150,1
25648082,21380038,Plaža od ružinih latica,scr,Non-English,182.0,"Nakon sto su svladali negodovanja svojih obitelji, a rijec je o njihovoj razlicitoj boji koze, Tami i Scott sretno su uplovili u bracnu luku. Njihov zivot protjece mirno i zadovoljno u idilicnom mjestascu Brightonu uz morsku obalu koja obiluje prekrasnim plazama. Cini se da je savrseno poslozen mozaik njihovih zivota, uspjesan posao, prekrasna kuca, djeca i sjajne prijateljice. Sve do jednoga dana i neocekivanog kucanja na vratima. Zena i muskarac, detektivi, pred ocima djevojcica uhicuju njihova oca i odvode u policijsku postaju. Tami se mora iznenada suociti s uzasnom spoznajom s kim je zivjela, spavala, koga je voljela - jer njen je suprug hladan, proracunat seksualni nasilnik. Tko je zrtva njegovih nasilnickih pokusaja? Ima li Tami snage samo za mrznju ili je prekrasna osoba koja moze oprostiti? U ovom psiholoskom trileru autorica nam je nevjerojatnom snagom ispricala dramu dvoje ljudi na njihovom putu iz srece u nesrecu, bezbrojnim je nijansama opisala metamorfozu zene i majke u strasnim trenucima koji traze njezinu odluku. S mnogo strasti i snage prikazala je mracnu emocionalnu stranu svojih junaka u kojoj se gubi granica izmedu krivnje i nevinosti.","fiction | romance | mystery, thriller, crime","fiction | fantasy, paranormal","romance | mystery, thriller, crime","fantasy, paranormal",3,3,2,151–250,3
61168,59492,"Home Comfort: Stories and Scenes of Life on Total Loss Farm,",unknown,Unknown,20.0,Collection of writings by members of a commune in Vermont about life on their farm. Many illustrations by several members.,"history, historical fiction, biography | non-fiction | poetry",non-fiction,"history, historical fiction, biography | poetry",,2,3,1,20–75,3
25177609,41954714,"Girl Online (Girl Online, #1)",nl,Non-English,91.0,"Penny heeft een geheim: onder de alias Girl Online blogt ze over schooldrama's, jongens, haar rare, chaotische familie en de paniekaanvallen die ze sinds kort heeft. Wanneer alles alleen maar slechter lijkt te gaan, stuurt haar familie haar naar New York. Daar ontmoet ze de knappe en gitaar tokkelende Noah. Penny wordt verliefd en natuurlijk houdt ze elke ontwikkeling bij op haar blog. Maar Noah heeft ook een geheim, een geheim dat Penny's dekmantel in gevaar brengt. En erger nog: ook haar belangrijkste vriendschap komt hierdoor op het spel te staan.",fiction | romance | young-adult,"fiction | history, historical fiction, biography | romance | young-adult | children | comics, graphic",,"history, historical fiction, biography | children | comics, graphic",3,3,6,76–150,3
22017432,41332857,Ordinarily Perfect,eng,English,135.0,"Easy-going, successful Alistair Tunbridge is injured in a freak accident on the way home from work that leaves him in a coma. His wife Lauren, is devastated and in an attempt to escape the emotional onslaught resorts to her learned role of Health professional. Weeks later Alistair is struggling to come to terms with a long and uncertain recovery. Frustration mounts with the endless challenges presented by even the simplest tasks and he begins to resent Lauren's detachment, even though she is one of the people who could help him the most. Written by a Physiotherapist (Physical Therapist), this work of fiction is based on hundreds of true stories and aims to shed light on the everyday work of doctors, nurses and therapists and how they cope when bad things happen to nice people.","fiction | mystery, thriller, crime","fiction | fantasy, paranormal","mystery, thriller, crime","fantasy, paranormal",2,2,2,76–150,2
8890951,13767072,"Riser (The Riser Saga, #1)",en-gb,English,204.0,"Black swirling holes churning madly in the center of every corpse. This is how eighteen-year-old Chelsan Deree sees the deceased. Her ability to connect to the black spinning holes allows her to control every dead thing within a four-mile radius. But that's the least of her problems. It's 2320 and Chelsan Deree has to survive another year of high school, which for her is pure and utter torture, mainly due to the fact that her schoolmate Jill Forester's favorite activity is making Chelsan's life a living hell. If that isn't enough, Chelsan's impossible crush on Ryan Vaughn makes her brain do somersaults on a regular basis, especially since she is positive he doesn't know she exists. And being eighteen Chelsan has to deal with the pressure of whether or not she should take a little pill called Age-pro, which cures aging, making the world eighteen forever and highly over-populated. When Chelsan's mother, Janet, is brutally killed, along with everyone else in her trailer park, Chelsan finds out that she was the intended target. Chelsan must use her power to raise and control the dead to save herself, protect her friends and take down the man responsible for murdering her mother.","fiction | romance | fantasy, paranormal | young-adult","fiction | romance | fantasy, paranormal | mystery, thriller, crime | young-adult",,"mystery, thriller, crime",1,4,5,151–250,4+
99302,46036644,The Yellow Wallpaper and Other Writings,eng,English,153.0,"Alternate cover edition for  The Charlotte Perkins Gilman Reader is an anthology of fiction by one of America's most important feminist writers. Probably best known as the author of ""The Yellow Wallpaper,"" in which a woman is driven mad by chauvinist psychiatry, Gilman wrote numerous other short stories and novels reflecting her radical socialist and feminist view of turn-of-the-century America. Collected here by the noted Gilman scholar Ann J. Lane are eighteen stories and fragments, including a selection from Herland, Gilman's novel of a feminist utopia. The resulting anthology provides a provocative blueprint to Gilman's intellectual and creative production. Content: The yellow wallpaper If I were a man Turned The cottagette An honest woman Making a change Mr. Peebles' heart The widow's might Selections from Herland Selections from Women and economics : a study of the economic relation between men and women Selections from The man-made world : our androcentric culture.","fiction | history, historical fiction, biography | non-fiction | fantasy, paranormal | young-adult | poetry","fiction | history, historical fiction, biography | comics, graphic","non-fiction | fantasy, paranormal | young-adult | poetry","comics, graphic",5,6,3,151–250,4+
25710048,42753051,I Text Dead People,unknown,Unknown,104.0,"You can't block the dead. Annabel Craven hopes she'll fit in--maybe even be popular--at the Academy. She's worried she'll stay friendless and phoneless (it's true). But when she finds a mysterious phone in the woods near the cemetery, one of her problems is solved . . . and another one is just beginning. Someone won't stop texting her. And that someone seems . . . dead. How is Annabel supposed to make friends when her phone keeps blowing up with messages from the afterlife? And what will happen if she doesn't text back? ""Scary--but not too scary.""--SLJ ""Good, ghostly fun.""--Kirkus Reviews From the Hardcover edition.","fiction | romance | fantasy, paranormal | mystery, thriller, crime | young-adult | children","fiction | romance | fantasy, paranormal | mystery, thriller, crime | young-adult",children,,1,6,5,76–150,4+
7323252,8902998,"What I Would Tell Her: 28 Devoted Dads on Bringing Up, Holding On To and Letting Go of Their Daughters",unknown,Unknown,82.0,"In this surprisingly vulnerable collection, twenty-eight talented fathers explore the complex, enigmatic bond they have with their daughters. These endearing, often funny and sometimes heartbreaking stories have in common an overpowering sense of responsibility and a depth of affection that is unflinchingly tender. Through their shared experiences, they examine relationships fraught with challenges and struggles, but always filled with love. The gentle strength they bring to this important role in their daughters' lives will speak to families for generations to come.","fiction | history, historical fiction, biography | non-fiction","non-fiction | comics, graphic | poetry","fiction | history, historical fiction, biography","comics, graphic | poetry",4,3,3,76–150,3
28527011,126350,The Road Through the Wall,unknown,Unknown,103.0,"Everyone knew the residents of Pepper Street were ""nice"" people -- especially the residents themselves. Among the self-satisfied group were: Mrs Merriam, the sanctimonious shrew who was turning her husband into a nonentity and her daughter into a bigoted spinster; Mr Roberts, who found relief from the street's unending propriety in shoddy side-street amours; Miss Fielding, who considered it more important to boil an egg properly than to save a disturbed girl from destruction. It took the gruesome act of a desperate boy who lived among them to pierce the shell of their complacency and force them to see their own ugliness.","fiction | history, historical fiction, biography | fantasy, paranormal | mystery, thriller, crime","fiction | history, historical fiction, biography | mystery, thriller, crime","fantasy, paranormal",,1,4,3,76–150,4+
18931543,12476227,HHhH - Operação Antropóide,por,Non-English,169.0,"We are in Prague, in 1942. Two men have been enlisted to kill the head of the Gestapo. This is Operation Anthropoid: two Czechoslovakian parachutists sent by London plan to assassinate Reinhard Heydrich--head of the Nazi secret services, 'the hangman of Prague', 'the blond beast', 'the most dangerous man in the Third Reich'. Heydrich works for Hitler's most powerful henchman, Heinrich Himmler, but in the SS they say 'HHhH': 'Himmlers Hirn heisst Heydrich'--Himmler's brain is called Heydrich. All the characters in HHhHexisted then or still exist now. All the events depicted are true. But alongside the nerve-shredding story of the preparations for the attack runs another story: when you are writing about real people, how do you resist the temptation to make things up? HHhHis a panorama of the Third Reich told through the life of one outstandingly brutal man, a story of unbearable heroism and loyalty, revenge and betrayal. It is improbably entertaining and electrifyingly modern. It is a moving, tense, and shattering work of fiction.","fiction | history, historical fiction, biography | non-fiction | mystery, thriller, crime","fiction | history, historical fiction, biography | mystery, thriller, crime | comics, graphic",non-fiction,"comics, graphic",2,4,4,151–250,4+
9350786,14234166,"Foundations for Teaching English Language Learners: Research, Theory, Policy, and Practice",unknown,Unknown,36.0,"Provides information on demographic changes in U. S. schools; language and literacy education; program models; instruction and assessment approaches, methods, and strategies; Common Core and English language proficiency standards and accountability requirements. Includes a companion website.",non-fiction,non-fiction | children,,children,1,1,2,20–75,1
7150698,971395,The Expected One: A Novel,unknown,Unknown,263.0,"THE GREATEST STORY NEVER TOLD! A POLITICAL RIVALRY THAT ENDED IN TWO EXECUTIONS AN INTRICATE LOVE TRIANGLE THAT ALTERED THE COURSE OF HISTORY A RELIGIOUS REVOLUTION THAT CHANGED THE WORLD Two thousand years ago, Mary Magdalene hid a set of scrolls in the rocky foothills of the French Pyrenees, a gospel that contained her own version of the events and characters of the New Testament. Protected by supernatural forces, these sacred scrolls could be uncovered only by a special seeker, one who fulfills the ancient prophecy of l'attendue-- The Expected One. When journalist Maureen Pascal begins the research for a new book, she has no idea that she is stepping into an ancient mystery so secret, so revolutionary, that thousands of people have killed and died for it. She becomes deeply immersed in the mystical cultures of southwest France as the eerie prophecy of The Expected One casts a shadow over her life and work and a long-buried family secret comes to light. Maureen's extraordinary journey takes her from the dusty streets of Jerusalem to the cathedrals of Paris . . . and ultimately to search for the scrolls themselves. She must unravel clues that link history's great artistic masters, including Sandro Botticelli, Nicolas Poussin, and Jean Cocteau; the Medici, Bourbon, and Borgia dynasties; and great scientific minds like Leonardo da Vinci and Isaac Newton. Ultimately, she, and the reader, come face-to-face with Jesus Christ, Mary Magdalene, John the Baptist, Judas, and Salome in the pages of a deeply moving and powerful new gospel, the life of Jesus as told by Mary Magdalene.","fiction | history, historical fiction, biography | romance | fantasy, paranormal | mystery, thriller, crime","fiction | history, historical fiction, biography | romance | fantasy, paranormal | mystery, thriller, crime | comics, graphic",,"comics, graphic",1,5,6,251+,4+
23849804,26087856,Ghost's Sight (Ghost's Sight #1),eng,English,128.0,"Librarian's note: Alternate cover edition of ASIN B00EUA94J4. The Witch placed a spiral of peridot on the forehead of a frightened little boy plagued by dreams and visions he could not explain, forging a bond between her and her apprentice. When a rugged and headstrong hunter named Gerry arrives injured on the Witch's doorstep, Ghost is forced to reveal the mark hidden beneath his snowy hair. Gerry doesn't reject Ghost as an outcast. Gerry finds Ghost fierce and exotic, and declares his intent to claim Ghost as his own. But Ghost is kidnapped by a rogue ranger on his way to meet Gerry. Now Gerry will need to hunt a lethal and unpredictable prey, while Ghost will need all his skill to survive until Gerry can find him.","romance | fantasy, paranormal","fiction | fantasy, paranormal | mystery, thriller, crime",romance,"fiction | mystery, thriller, crime",3,2,3,76–150,2
202661,196071,"Slow Food Nation: Why Our Food Should Be Good, Clean, and Fair",en-us,English,208.0,"By now most of us are aware of the threats looming in the food world. The best-selling Fast Food Nationand other recent books have alerted us to such dangers as genetically modified organisms, food-borne diseases, and industrial farming. Now it is time for answers, and Slow Food Nationsteps up to the challenge. Here the charismatic leader of the Slow Food movement, Carlo Petrini, outlines many different routes by which we may take back control of our food. The three central principles of the Slow Food plan are these: food must be sustainably produced in ways that are sensitive to the environment, those who produce the food must be fairly treated, and the food must be healthful and delicious. In his travels around the world as ambassador for Slow Food, Petrini has witnessed firsthand the many ways that native peoples are feeding themselves without making use of the harmful methods of the industrial complex. He relates the wisdom to be gleaned from local cultures in such varied places as Mongolia, Chiapas, Sri Lanka, and Puglia. Amidst our crisis, it is critical that Americans look for insight from other cultures around the world and begin to build a new and better way of eating in our communities here.","non-fiction | fantasy, paranormal","fiction | history, historical fiction, biography | non-fiction","fantasy, paranormal","fiction | history, historical fiction, biography",3,2,3,151–250,2
20725006,40048637,The Wynona Stone Poems,unknown,Unknown,81.0,"If long-dead poet E.A. Robinson and Sex and the City author Candace Bushnell had collaborated to depict a contemporary Midwestern woman in verse, they just might have come up with Wynona Stone, Caki Wilkinson's sort-of heroine, who is stuck in the hometown she always meant to leave, faced with a life that seems desperately mediocre. Wilkinson follows in the footsteps of Eliot and Berryman, giving us, in winsome poems, a figure at odds with herself and her surroundings.",fiction | poetry,"fiction | history, historical fiction, biography | romance | fantasy, paranormal | mystery, thriller, crime",poetry,"history, historical fiction, biography | romance | fantasy, paranormal | mystery, thriller, crime",5,2,5,76–150,2
33310757,52036019,"Arton grader minus (Fabian Risk, #3)",swe,Non-English,260.0,"En bil kor ut over kajkanten i Helsingborgs hamn efter en valdsam biljakt. Allt pekar pa att det var en olycka, men nar foraren, en it-entreprenor som gjort sig en formogenhet pa mobilspel, obduceras visar det sig att han redan varit dod i tva manader da han hallits nedfryst. Det ar var och nastan tva ar har passerat sedan handelserna i Offer utan ansikte. Pa Helsingborgs kriminalavdelning har det varit ovanligt lugnt. Fabian Risk har kunnat agna det mesta av sin energi at att lappa ihop sin familj. Men aven om varken han eller nagon av hans kolleger skulle saga det hogt borjar de bli uttrakade, och nar det markliga fallet med den nedfrusna miljonaren landar pa deras bord kanner de alla samma sak: Antligen hander det nagot. Rakt over sundet har Dunja Hougaard tvingats ta pa sig uniformen igen i sitt nya jobb som ordningspolis i Helsingor. Men nar en hemlos utsatts for en sa pass brutal misshandel att han avlider kan hon inte halla sig fran att dra igang en egen utredning dar sparen snart leder till Helsingborg. Fabian och hans team kampar mot klockan i en utredning dar ingenting visar sig vara som det ser ut. Snart vagar han inte langre lita pa sitt eget omdome, och finner de inte losningen kommer snart nasta offer att hamna i frysen. Arton grader minus ar en gastkramande och suggestiv kriminalroman om jakten pa en iskall mordare. Det ar den tredje fristaende delen i serien om Fabian Risk efter de internationella succeerna Offer utan ansikte och Den nionde graven.","mystery, thriller, crime","fiction | mystery, thriller, crime",,fiction,1,1,2,251+,1
15780049,21494720,"Addictive Lunacy (Compulsions, #1)",en-gb,English,271.0,"Calum Alexander lived his life one way. With purpose and moderation. Everything was set in place and everything happened according to a plan. That is, until his picture perfect engagement falls apart and his crazy brother Lucas gets him to agree to a night out. Calum is left to fend for himself when Lucas decides to bail and 'fend for himself' he will need to. A vivacious and obviously young Livana Payne catches his attention and before he knows what's going on, they end up talking. By the end of the night, Calum is on fire for the impish girl who's managed to ignite an inferno within him. Yes, she's twelve years younger and the complete opposite of what he'd imagined in his life, but he hungers for her in a way that's frightening. Drunk and surprisingly out of control, he's dead set on his need to have her. But the moment he accidentally lets it be known that he's recently single, Livana is having none of it. There is no way she's getting involved with a man who just broke up with his fiance. No, they were going to have to wait. Calum's need for her somehow kept growing. As the days went by and he got to know her more, Livana seemed to be stealing all of his sanity. As much as she wants to wait it quickly becomes obvious to Calum that he's losing his grip to the monster she'd awakened within him. He's about to lose control and when he does, he knows there's going to be nothing gentle about what he'll end up doing to her.",fiction | romance,"fiction | romance | fantasy, paranormal",,"fantasy, paranormal",1,2,3,251+,2
14762133,20414614,Kwentillion: A Million Stories to be Told,eng,English,65.0,"Kwentillion Magazine is the Philippines' first publication dedicated to young adult literature and media, featuring YA-themed comics and fiction by Filipino creators. The bi-monthly, black and white magazine (with an eight-page colored spread in every issue) features reviews and previews of young adult books, interviews with creators, and articles which tackle a wide variety of topics of interest to the YA community.","fantasy, paranormal | young-adult | comics, graphic","fiction | fantasy, paranormal | young-adult | comics, graphic",,fiction,1,3,4,20–75,3
30331750,50827669,Beyond the Shadows,eng,English,513.0,"Gone by Dark by Christy Barritt: Ten years ago, Charity White's best friend, Andrea, was abducted as they walked home from school. A decade later, when Charity receives a mysterious letter that promises answers, she returns to North Carolina in search of closure. With the help of her new neighbor, Police Officer Joshua Haven, Charity begins to track down mysterious clues concerning her friend's abduction. They soon discover that they must work together or both of them will be swallowed by the looming darkness. The Unrelenting Tide by Lynnette Bonner: Widowed former-Hollywood-actress Devynne Lang has been living a quiet life in the San Juan Islands of the Pacific Northwest. For years, she's hoped her fabricated death would keep her identity safe from the public, and more to the point, from the stalker who forced her into hiding. But strange things have been happening around her place and this time, with a daughter to protect, she can't afford one mistake - even if it means letting Carcen Lang get close enough to help. The End Came with a Kiss by John Michael Hileman: When the world died, my wife died with it. She became like the rest--a beautiful zombie, acting out a scene from our past, over and over again. But I know she is alive inside that dead body. She's been trying to tell me, trying to show me--and I won't stop until I save her. I won't stop until I save them all. Saving Grace by Lesley Ann McDaniel: When an obsessive fan forces opera singer Tracy Fontaine to change her name to Grace Addison and go into hiding in a small Montana town, the last thing she wants is to get to know the locals. Now, not one but two men have worked their way into her daily routine, much to the chagrin of a jealous local girl, who insists on prying into Grace's past and stirring up deadly trouble. Will Grace find love in Madison Falls...or will her stalker find her? When Night Comes by Dan Walsh: Jack Turner comes back to his alma mater to give a series of lectures for his old history professor. Within days, he starts having bizarre experiences at night. Like he's traveling back in time, experiencing the epic events in his lectures firsthand. Several college students suddenly start dying in their sleep. The Professor who'd invited Jack begins acting edgy and strange. And there's this beautiful brunette in the back row. Every time he looks at her, she's smiling at him. She looks vaguely familiar. Battered Justice by Linda Bradley White: FBI Special Agent Jake Tucker works hard to be an excellent investigator and a great dad. Having Cass McKenna as his partner helps. An investigation into a shooting leads them to a shadowy trail of crime connected with a casino--and the battered body of Jake's ex-wife. Jake is sure Tam's new husband, a powerful state senator, killed her. But Lady Justice can be battered, too. Soon Jake and Cass find themselves in the fight of their lives.","fiction | romance | mystery, thriller, crime","fiction | romance | mystery, thriller, crime",,,0,3,3,251+,3
25535550,45325938,文豪ストレイドッグス 太宰治と黒の時代  [Bungō Stray Dogs - Dazai Osamu to kuro no jidai],jpn,Non-English,99.0,"Yi Neng woShi iAn Yue suruXiong E naDi Xia Zu Zhi , potomahuia. sonoGan Bu Tai Zai Zhi toXia Ji Gou Cheng Yuan noZhi Tian Zuo , Qing Bao Yuan noBan Kou An Wu haLi Chang noWei iwoChao etaZhong datsuta. dagaaruRi , An Wu gaTu Ru Shi Zong . Shou Ling Sen Ou Wai karaSou Suo woMing ziraretaZhi Tian Zuo ha, Tai Zai toXie Li shiteDiao Cha woKai Shi suruga, An Wu nosupaiYi Huo gaFu Shang suru. saranimimitsukunaruFan Zui Zu Zhi gaGong Ji woShi Gua ketekite...!?Tai Zai gamahuiatoJue Bie shitaLi You gaSui niMing rakani!Re kiNan tachinoYi Neng Dui Jue Di 2Dan !!","mystery, thriller, crime","fiction | romance | fantasy, paranormal | young-adult | comics, graphic","mystery, thriller, crime","fiction | romance | fantasy, paranormal | young-adult | comics, graphic",6,1,5,76–150,1
469491,457805,"London, 1850 (Vampire Plagues, #1)",eng,English,138.0,"A thrilling new suspense trilogy with a twist. For a thousand years, an ancient and all-powerful vampire god has lain dormant in the Mayan jungle. In 1850, he awakes -- and sets out for Europe... London, 1850. An enormous ship has just reached port. From its hull, a flock of bats ascends and disappears into the streets. Jack Harkett intends to board the ship, in search of food or money. Instead, he encounters a boy his own age -- running for his life! The boy recounts horrific tales about a vampire plague that's killed the entire crew. With no one to turn to but each other, the two boys vow to stop these horrors from continuing. Their pledge will take them on dangerous adventures from London to Paris and finally to Mexico, to confront the beast who started all this destruction....","fiction | history, historical fiction, biography | fantasy, paranormal | mystery, thriller, crime | young-adult | children","fiction | romance | fantasy, paranormal | mystery, thriller, crime","history, historical fiction, biography | young-adult | children",romance,4,6,4,76–150,4+
30306251,14955690,Kao reči na vetru,srp,Non-English,242.0,"Postoje li greske koje treba da ostanu skrivene? Da li biste sebi dali za pravo da procitate pismo koje je trebalo da ostane neotvoreno? Da li imate pravo da saznate tajne koje nije trebalo niko da otkrije? Ili postoje greske koje imamo pravo da nikom ne priznamo? Draga Ana, Tesko je napisati ono sto moram da vam kazem, ali znam da ce vama biti jos teze da to cujete; i mnogo mi je zao... Ovo nedovrseno pismo jedini je trag koji Tara i Emerson imaju u potrazi za razlogom samoubistva njihove bliske prijateljice Noel. Sve sto su do tada znale o Noel - o njenom pozivu babice, o njenoj strastvenoj pravicnosti, o njenoj ljubavi prema prijateljima i porodici - karakteristicno je za zenu koja voli zivot. Pa ipak, mnogo toga o njoj nisu znale. Posto pronadu ovo pismo i njegovu strasnu tajnu, Noeline prijateljice pocinju da otkrivaju istinu o ovoj slozenoj zeni koja je ostavila trag u tudim zivotima svojom ljubavlju, izdajom, saosecanjem i prevarom. Ovaj roman osecajno i mudro pripoveda o obmani i postavlja pitanje koliko toga mozemo da oprostimo. ,,Prica o prijateljstvu i materinstvu, ispricana saosecajno i veoma iskreno. Autorka vodi citaoca na napeto putovanje ispunjeno tajnama, bolom koji slama srce i mocnom nadom. I ovaj roman Dajane Cejmberlen pravi je dragulj."" Literary Times ,,Kao reci na vetru je prica koja vam obrtima stalno osvaja paznju i do kraja vas drzi u iscekivanju. Ovo je roman koji ne zelite da propustite!"" Stylist","fiction | history, historical fiction, biography | mystery, thriller, crime","fiction | history, historical fiction, biography | romance | fantasy, paranormal","mystery, thriller, crime","romance | fantasy, paranormal",3,3,4,151–250,3
10326094,1129162,La Tamburina,ita,Non-English,106.0,"Un terrorista palestinese tremendamente pericoloso ed elusivo; un funzionario dei servizi segreti israeliani dotato di feroce energia e passione. Sono questi i protagonisti di un'implacabile caccia all'uomo ambientata nel mondo dello spionaggio internazionale. Per catturare l'odiata preda, l'israeliano prepara un'elaborata trappola, labirinto fatto di realta e illusione, tra l'Europa e il Medio Oriente. Pedine di questo suo gioco sono Joseph, ex soldato dei corpi speciali israeliani ormai stanco di combattere, e Charlie, giovane attrice che calca senza troppo successo le scene della provincia inglese. E che ora si trova intrappolata al centro di una grandiosa finzione, costretta a interpretare il ruolo piu impegnativo della sua carriera.","fiction | history, historical fiction, biography | mystery, thriller, crime","fiction | history, historical fiction, biography | non-fiction | mystery, thriller, crime",,non-fiction,1,3,4,76–150,3
6563579,6756452,Wolfmaan,nl,Non-English,146.0,"Alweer bijna tien jaar geleden werd de vloek, die op Cat, Maire, Eris, Radu en Pascal rustte, doorbroken. Het leven in hun afgelegen huis in het Franse bos lijkt in rustig vaarwater te zijn gekomen. Maar schijn bedriegt. Elke avond worden er foto's aan hun adres afgeleverd, getuigend van de zieke geest van een onmenselijk monster dat uit is op wraak. Dat deze wraakzucht levens zal gaan kosten lijkt onvermijdelijk. Wat is het op de foto's dat de huisgenoten in woede doet ontsteken? En wat is ernstig genoeg om Cat ertoe te brengen gevaarlijke bovennatuurlijke krachten om hulp te vragen? Gaandeweg geeft het eeuwenoude document geheimen prijs, waar de vrienden liever niets van hadden willen weten. Hen wordt echter geen keus gelaten. Achtervolgd door geesten uit het verleden, raken zij in de ban van een zenuwslopende race tegen de klok, of liever gezegd... tegen de maancyclus.","fantasy, paranormal | mystery, thriller, crime | young-adult","fiction | mystery, thriller, crime | young-adult | comics, graphic","fantasy, paranormal","fiction | comics, graphic",3,3,4,76–150,3
25139941,44307172,"When Things Go Wrong (Cheaters, #0.5)",eng,English,104.0,"Lazy eyes, scarred lip and brow, muscled and tattooed, Julia's high school best friend, the one who made her heart go pitter-patter, had definitely changed in the past five years she hadn't seen him. Being stuck with her mom and boyfriend number one hundred at an exclusive ski resort doesn't seem as daunting when Julia runs into the gorgeous and enticing Scar Wagner. And when fate forces the couple much closer than Julia would ever allow a man to be, she can't help but wonder whether it's time to give relationships another try. After all, when things go wrong, they turn out right.",romance,fiction | romance,,fiction,1,1,2,76–150,1
17559244,21607771,"Wallbanger (Cocktail, #1)",eng,English,186.0,"The first night after Caroline moves into her fantastic new San Francisco apartment, she realizes she's gaining an intimate knowledge of her new neighbor's nocturnal adventures. Thanks to paper-thin walls and the guy's athletic prowess, she can hear not just his bed banging against the wall but the ecstatic response of what seems (as loud night after loud night goes by) like an endless parade of women. And since Caroline is currently on a self-imposed dating hiatus, and her neighbor is clearly lethally attractive to women, she finds her fantasies keep her awake even longer than the noise. So when the wallbanging threatens to literally bounce her out of bed, Caroline, clad in sexual frustration and a pink baby-doll nightie, confronts Simon Parker, her heard-but-never-seen neighbor. The tension between them is as thick as the walls are thin, and the results just as mixed. Suddenly, Caroline is finding she may have discovered a whole new definition of neighborly... In a delicious mix of silly and steamy, Alice Clayton dishes out a hot and hilarious tale of exasperation at first sight...",fiction | romance,fiction | romance,,,0,2,2,151–250,2
25615503,45426772,"Revved (Axle Alley Vipers, #2)",eng,English,141.0,"He'll rev her up and drive her to the edge... Rusty West swore she was done with men. Instead, she channeled her passion into West Restoration, the car shop she runs with her sisters. But Rusty's aloof composure fades when the owner of the competition comes striding into her shop, over six feet of sexy, rough-edged confidence...hot enough to send Rusty's motor into overdrive. Reid Parker worked his ass off to get what he wants--and what he wants is West Restoration and its crew. He never expected to find a shop of all-female mechanics...or the stunning redhead who ignites a lust that threatens his cool. But Reid plays carefully. He never, ever gets involved with a woman beyond one night. And no matter how hot the sparks, Rusty will never compromise her business for a man...",fiction | romance,fiction | romance,,,0,2,2,76–150,2
23533214,43134839,Does My Suicide Vest Make Me Look Fat?: A Soldier's Year in Iraq,eng,English,137.0,"A chronicle of the beginning of the Iraq War, when the US Military was flush with its success in toppling the regime of Saddam Hussein. The victory became tarnished as warring political and tribal factions transformed the ""Land Between Two Rivers"" into the Superbowl for terrorism. Caught in this firestorm was a tiny, but determined, Army Reserve Civil Affairs unit that took on the momentous task of rebuilding schools, medical clinics, and mosques around the perimeter of Baghdad International Airport, during 2003-2004. This is a chronicle of the insane, stupid, humorous, surreal, and tragic events that befell this band of brothers and sisters on their journey through Iraq Reconstruction. It's a story you didn't see in the media. If you really want to know of the extreme effort and sacrifice of our servicemen and women, read no further.",non-fiction,"fiction | history, historical fiction, biography | non-fiction | comics, graphic",,"fiction | history, historical fiction, biography | comics, graphic",3,1,4,76–150,1
3640066,535360,The Waiting Years,unknown,Unknown,255.0,"The beautiful, immature girl whom she took home to her husband was a maid only in name. Tomo's real mission had been to find him a mistress. Nor did her secret humiliation end there. The web that his insatiable lust spun about him soon trapped another young woman, and another ... and the relationships between the women thus caught were to form, over the years, a subtle, shifting pattern in which they all played a part. There was Suga, the innocent, introspective girl from a respectable but impoverished family; the outgoing, cheerful, almost boyish Yumi; the flirtatious, seductive Miya, who soon found her father-in-law more dependable as a man than his brutish son.... And at the center, rejected yet dominating them all, the near tragic figure of the wife Tomo, whose passionate heart was always, until that final day, held in check by an old-fashioned code. In a series of colorful, unforgettable scenes, Enchi brilliantly handles the human interplay within the ill-fated Shirakawa family. Japan's leading woman novelist and a member of the prestigious Art Academy, she combines a graceful, evocative style that consciously echoes the Tale of Genji with keen insight and an impressive ability to develop her characters over a long period of time. Her work is rooted deep in the female psychology, and it is her women above all-so clearly differentiated yet all so utterly feminine-who live in the memory. With The Waiting Years, a new and important literary figure makes her debut in the Western world.","fiction | history, historical fiction, biography","fiction | history, historical fiction, biography | romance | young-adult | comics, graphic",,"romance | young-adult | comics, graphic",3,2,5,251+,2
25900674,21866975,Noćna mora,scr,Non-English,257.0,"Opasni serijski ubojica Jurek Walter vec je godinama izoliran na zatvorenom psihijatrijskom odjelu stockholmske bolnice. Mladi nadobudni lijecnik koji se tek zaposlio ondje ne smatra da je stari suhonjavi zlocinac posebno opasan, pa prekrsi sigurnosni protokol. U meduvremenu Mikael Kohler-Frost, kojeg su smatrali Walterovom zrtvom, pronaden je kako se probija kroz snijeg po zeljeznickoj pruzi na osami. Kad policija od njega sazna da je trinaest godina proveo zatocen u mraku sa svojom sestrom Felicijom te da nikada nije vidio otmicara, cijeli slucaj dobiva novu dimenziju. Kako spasiti djevojku i je li Jurek Walter stvarni krivac, pitanja su na koja treba odgovoriti inspektor kriminalisticke policije Joona Linna, dok njegova kolegica Saga Bauer dobiva undercover zadatak. ""Nocna mora"", cetvrti roman iz serije o inspektoru Linni, vrhunski je triler iz pera bracnog para Ahndoril koji djeluje pod proslavljenim pseudonimom Lars Kepler. Ovaj roman poharao je skandinavske top-liste bestselera, sto ne cudi jer je posrijedi iznimno napeto stivo koje citatelj ne moze ispustiti iz ruku do zadnje stranice. Vjesto napisan i vrlo uzbudljiv triler. UNT U zanru krimica Lars Kepler premocno je najbolji. Goteborgs Posten Tko se usudi uci u Keplerov mracni svijet, bit ce obilato nagraden. Skanskan Triler toliko napet da sam gotovo dozivjela slom zivaca. Emilie McMeekan, Evening Standard Upozorenje: kad jednom otvorite knjigu, necete je moci prestati citati. Sundsvalls Tidning Sve cetiri knjige o Jooni Linni imaju vazan nazivnik: pricu koja je vodena i napisana stilom koji nema mane. Nerikes Allehanda Najbolja knjiga do sada. Drzi citatelja prikovanim uza se od prve stranice. The Crime House","fiction | mystery, thriller, crime","fiction | history, historical fiction, biography | mystery, thriller, crime",,"history, historical fiction, biography",1,2,3,251+,2
128864,124112,Portraits Around Marc-Antoine Charpentier,unknown,Unknown,164.0,"Pendragon Press is proud to assume distribution of this very special book by Patricia Ranum who opens her preface with these words: ""Marc-Antoine Charpentier knew or knew about all the sitters in this imaginary portrait gallery. During my long pursuit of the composer in European archives and libraries, these same individuals have become my friends although I confess to feeling less sympathy for some than for others. I never succeeded in unveiling Charpentier the Man whom I consider my very closest seventeenth-century friend. Yet I could not leave my research papers to yellow in file drawers and force other scholars to retrace my steps and go down the blind alleys along which I made my frustrated way. ""For close to two decades, I have been making categorical statements about Charpentier and the Guises; but although I backed up these assertions with elaborate footnotes, no coherent picture emerged of the complex social relations of protection within which the composer worked. Hence this book.""","history, historical fiction, biography | non-fiction","fiction | history, historical fiction, biography | non-fiction | fantasy, paranormal | mystery, thriller, crime",,"fiction | fantasy, paranormal | mystery, thriller, crime",3,2,5,151–250,2
6011842,6187048,Laura Secord's  Brave Walk,unknown,Unknown,33.0,Laura Secord was a true heroine of the 1812 war between the Americans and the British forces in what is now Canada. This inspiring work of historical fiction is beautifully illustrated in full color.,"fiction | history, historical fiction, biography | non-fiction | children","fiction | history, historical fiction, biography | non-fiction | mystery, thriller, crime | comics, graphic",children,"mystery, thriller, crime | comics, graphic",3,4,5,20–75,4+
23523306,148987,Blackstone and the Heart of Darkness (Inspector Sam Blackstone #6),eng,English,219.0,"A sadistic killer is targeting teenage girls. A horrific pattern is emerging, with each new corpse horrendously mutilated - in precisely the same way. But the victims aren't just any girls. They are the children of England's aristocracy. Inspector Blackstone, of the Metropolitan Police, seems to be the only man in the country who stands a chance of catching 'the Northern Slasher'. Can Blackstone find the killer before he chooses his next victim? When Blackstone receives a letter from an old army comrade, he is plunged into the middle of an even darker horror... 'Blackstone and the Heart of Darkness' is the next thrilling instalment in the Blackstone detective series. Praise for Sally Spencer: ""Vivid characters, a dazzling plot, authentic period details, and plenty of surprising twists make this latest effort by Sally Spencer an outstanding choice for historical mystery fans"" - Booklist ""This new series from the author of the Chief Inspector Woodend novels features a nicely captured Victorian ethos, solid prose, and winning subplot diversions. Anne Perry fans and devotees of Victorian-era mysteries will enjoy this new historical. For most collections"" - Library Journal Sally Spencer worked as a teacher both in England and Iran - where she witnessed the fall of the Shah. She now writes full time. Endeavour Press is the UK's leading independent publisher of digital books.","fiction | history, historical fiction, biography | mystery, thriller, crime | young-adult","fiction | history, historical fiction, biography | fantasy, paranormal | mystery, thriller, crime",young-adult,"fantasy, paranormal",2,4,4,151–250,4+
8716628,6898935,London,eng,English,71.0,"Original / British English London is one of the great cities of the world. It is the biggest city in Britain and in Europe. In 1900, it was the biggest city in the world. In this book you will find a lot of interesting information about London. You will read about its history from Roman times. You will learn about its famous people -- and the shops, museums and palaces of this exciting city.","history, historical fiction, biography | non-fiction","fiction | history, historical fiction, biography | non-fiction | fantasy, paranormal",,"fiction | fantasy, paranormal",2,2,4,20–75,2
11654063,13048608,Copycats,ind,Non-English,206.0,"""Copycats menawarkan strategi bisnis yang berbeda dari kebanyakan bisnis lainnya. Jika selama ini, dalam dunia bisnis inovasi sangat dikedepankan, dan imitasi-atau meniru- dijauhi, buku ini justru menyarankan yang sebaliknya. Buku ini sangat mendukung metode dengan meniru. Buku ini memberikan bukti-bukti bahwa tidak ada satu pun ide, konsep, atau fungsi yang benar-benar orisinal. Semua itu biasanya berdasarkan tiruan-baik seluruhnya, maupun sebagian-dari ide, konsep, atau fungsi yang sudah lebih dulu ada. Metode meniru dibicarakan tidak hanya berdasarkan pandangan dunia bisnis semata, tetapi juga dalam pandangan biologi, dan bahkan psikologi. Hal ini semakin meyakinkan bahwa metode meniru benar-benar digunakan dalam seluruh aspek kehidupan. Pengarang juga memberikan contoh nyata perusahaan-perusahaan yang sukses dengan metode meniru, perusahaan-perusahaan yang gagal, mengapa mereka gagal, tantangan dalam menggunakan metode meniru, dan bagaimana strategi untuk berbisnis dengan metode meniru. Semuanya bisa didapatkan dari buku ini. Pengarang buku ini, Oded Shenkar, bukan hanya pengusaha, tetapi juga pengajar di Universitas Negeri Ohio sekaligus juga mengepalai divisi bisnis internasional. Di dalam bukunya, Shenkar menyertakan hasil wawancaranya dengan para petinggi perusahaan-perusahaan sukses dan terkenal. Penjabarannya mengenai penggunaan metode meniru sangat menyeluruh dan meyakinkan sekaligus juga mencerahkan dan memberikan sudut pandang baru dalam melakoni sebuah bisnis, baik kecil, sedang, maupun besar.""",non-fiction,fiction,non-fiction,fiction,2,1,1,151–250,1
21965587,25192938,Big Red Kangaroo,unknown,Unknown,107.0,"Follow a dominant male kangaroo as he leads his mob in search of food--and holds his own against other males who vie for his role. In the center of Australia, the sun is setting over the baked earth, and Red Kangaroo stirs from his rest. It's breakfast time, and Red must lead his mob of kangaroos off to find grasses for grazing. But Red is also on the watch for young male kangaroos who are ready to challenge him and try to take his place as leader. Striking illustrations set the mood for a compelling, fact-filled story of red kangaroos in the wilds of Australia.",non-fiction | children,"fiction | fantasy, paranormal | comics, graphic",non-fiction | children,"fiction | fantasy, paranormal | comics, graphic",5,2,3,76–150,2
9783506,10822802,Cool Water,unknown,Unknown,51.0,"Juliet, Saskatchewan, is a blink-of-an-eye kind of town -- the welcome sign announces a population of 1,011 people -- and it's easy to imagine that nothing happens on its hot and dusty streets. Situated on the edge of the Little Snake sand hills, Juliet and its inhabitants are caught in limbo...",fiction,"fiction | history, historical fiction, biography | romance",,"history, historical fiction, biography | romance",2,1,3,20–75,1
15980556,21732732,চিলেকোঠার সেপাই,ben,Non-English,256.0,"cilekotthaar sepaai (The Soldier in an Attic) baaNlaadesher bishisstt kthaasaahityik aakhtaarujjaamaan iliy'aaser lekhaa ektti upnyaas / 1971 khristtaabder sbaadhiintaa yuddher puurbsmy'kaar gnnjaagrnner prekssaaptte e upnyaaser aakhyaanbhaag gdd'e ottheche / upnyaaser anytm baishisstty er mnobishlessnn / unsttur saaler prbl gnnabhyutthaaner yaaraa prdhaan shkti chil, sei shrmjiibii jnsaadhaarnn kibhaabe aandoln-prbrtii smy'ttite prtaarit ebN bnycit hlo, baampnthiider dodulymaantaa aar bhaangner phle, jaatiiy' muktir aakaangkssaake ythaaythbhaabe dhaarnn krte naa paaraar phle ajsr rktpaater pro raajniitir my'daan theke taader pshcaadpsrnn ghttlo, aaoy'aamii liig prdhaan shkti hy'e utthlo, upnyaasttir upjiiby sei aitihaasik smy'ttukui / grnther prdhaan tintti critr osmaan, aanoy'aar ebN ""haaddddi khijir"" / cilekotthaar sepaai 1980-er dshker shurute robbaar naamiiy' saaptaahik ptrikaay' dhaaraabaahikbhaabe prkaashit hy' ebN 1987 khristtaabde grnthaakaare prkaashit hy' / er abhinb kaatthaamo ebN ntun bhaassaa-bhaanggii prbrtii prjnmer ntun lekhkder bishessbhaabe anupraannit o prbhaabaanbit kre yaar ullekhyogy udaahrnn shhidul jhir / ei upnyaase ekdike haaddddi khijir yemn mhaajner biruddhe shlogaan diy'e utthti aaoy'aamii liiger netaa aalaauddiin miy'aar dhmk khaay', graame graame grucorder rkssaakrtaa jotdaarder rkssaay' raassttr-saamrik baahinii-aaoy'aamii raajniiti ekaakaar hy'e yaay' / ddhaakaa klaab theke aaiy'ub birodhii michile guli brssnn kraa hle uttejit jntaa klaabttite aagun dhraate yaay', aar baangaali-baangaali bhaai bhaai aaoy'aaj tule taaderke rkssaa kraa hy' / graame jotdaarder biruddhe sbtsphuurt maanusser gnnaadaalteo aaiy'uber daalaalraa rkssaa paay' jaatiiy'taabaadii raajniitir chaay'aay' / ei daalaalder buddhimaan aNsh acirei yog diy'e jaatiy'taabaadii raajniitike aaro pusstt kre / odike osmaan taar mdhybitt dodulymaantaa aar jngnner saathe milner aakaangkssaay' maajhe dol khaay', ei dolaacl taake prinnt kre sijophreniy'aar rogiite / mdhybitt baampnthii aanoy'aar graame yaay' kRssibiplb saadhn krte, ebN ntun kon uplddhi chaadd'aai ei prkriy'aar bhetr taar bhuumikaa paaln kre yaay' /","fiction | history, historical fiction, biography","fiction | history, historical fiction, biography | romance | non-fiction | fantasy, paranormal",,"romance | non-fiction | fantasy, paranormal",3,2,5,251+,2
2025168,3016938,Strider,unknown,Unknown,122.0,"Strider has a new habit. Whenever we stop, he places his paw on my foot. It isn't an accident because he always does it. I like to think he doesn't want to leave me. Can a stray dog change the life of a teenage boy? It looks as if Strider can. He's a dog that loves to run; because of Strider, Leigh Botts finds himself running -- well enough to join the school track team. Strider changes Leigh on the inside, too, as he finally begins to accept his parents' divorce and gets to know a redheaded girl he's been admiring. With Strider's help, Leigh finds that the future he once hated to be asked about now holds something he never expected: hope.",fiction | young-adult | children,"fiction | romance | fantasy, paranormal | mystery, thriller, crime | young-adult",children,"romance | fantasy, paranormal | mystery, thriller, crime",4,3,5,76–150,3
1205857,1194190,"Concrete, Bulletproof, Invisible + Fried: My Life as a Revolting Cock",unknown,Unknown,233.0,"When hardcore industrial rocker and Ministry supremo Al Jourgensen recruited Chris Connelly as a singer for the Revolting Cocks, the young Scottish lad could hardly have imagined the mayhem that was about to ensue. As an integral part of Jourgensen's ""Mad Max""-like mutant family of musicians, Connelly joined a drug-crazed travelling circus. Live shows were transformed into an ear-splitting redneck disco from hell, under the influence of a mind-boggling cocktail of every conceivable narcotic, with sleazy strippers and even reports of live cattle on stage. As well as Jourgensen and all the Wax Trax crew, the book features cameo appearances by Ogre of Skinny Puppy, Trent Reznor of Nine Inch Nails, Killing Joke, Jah Wobble, and Cabaret Voltaire. Despite the unrelenting chaos, both Ministry and the Revolting Cocks have been immensely successful; Connelly appeared on two US gold albums (""The Land of Rape and Honey"" and ""The Mind is a Terrible Thing to Taste"") and worked as songwriter on the million-plus selling platinum album ""Psalm 69: The Way to Succeed and the Way to Suck Eggs."" Connelly's superbly written, funny, irreverent, and sometimes downright scary memoir is one of the finest portrayals of a man trapped in the eye of a post-punk industrial storm this side of Armageddon. Chris Connelly was born in Edinburgh, Scotland, and now lives in Chicago where he has pursued a successful solo career.","history, historical fiction, biography | non-fiction","fiction | history, historical fiction, biography | non-fiction | mystery, thriller, crime | comics, graphic",,"fiction | mystery, thriller, crime | comics, graphic",3,2,5,151–250,2
2032196,2902978,Chasing Harry Winston,eng,English,119.0,"How far would you go to change your life in a year? Emmy finds herself single for the first time in years. She vows to find a man on every continent for some pure no-strings-attached fun. Adriana is stunning and can have any man she desires.Yet she wants an eligible bachelor who'll slip a five-carat Harry Winston diamond on her finger. Leigh has a doting boyfriend that most girls would kill for. But when literary bad boy Jesse Chapman asks to work with her, she just can't refuse. Knocking back raspberry mojitos one night, the three friends make a pact - to change one thing in their lives by the end of the year. Game On.",fiction | romance,"fiction | romance | fantasy, paranormal | mystery, thriller, crime",,"fantasy, paranormal | mystery, thriller, crime",2,2,4,76–150,2
23419947,42978784,A Silly Story Of Bondapalli,eng,English,72.0,"There was once a prince who hated food. One day the royal cook gave him something new to eat... a hot golden ball, crisp outside, soft inside... a bonda! After that there is no stopping either the prince or this mad tale that rolls its jolly way to an inevitable happy, bondaful end. The jaunty illustrations pick up all the comic clues along the way, to make it a truly 'silly' story.",children,fiction | young-adult | children,,fiction | young-adult,2,1,3,20–75,1
15854025,21602916,Trains and Lovers,en-us,English,104.0,"In the words of Alexander McCall Smith: ""You feel the rocking of the train, you hear the sound of its wheels on the rails; you are in the world rather than suspended somewhere above it. And sometimes there are conversations to be had, which is what the overarching story in this collection is all about. It is a simple device: people brought together entertain one another with tales of what happened to them on trains. It takes place on a journey I frequently make myself and know well, the journey between Edinburgh and London. It is best read on a train, preferably that one.""","fiction | romance | mystery, thriller, crime | young-adult","fiction | history, historical fiction, biography | non-fiction | young-adult","romance | mystery, thriller, crime","history, historical fiction, biography | non-fiction",4,4,4,76–150,4+
275575,267232,The Deadly Ethnic Riot,unknown,Unknown,253.0,"Donald L. Horowitz's comprehensive consideration of the structure and dynamics of ethnic violence is the first full-scale, comparative study of what the author terms the deadly ethnic riot--an intense, sudden, lethal attack by civilian members of one ethnic group on civilian members of another ethnic group. Serious, frequent, and destabilizing, these events result in large numbers of casualties. Horowitz examines approximately 150 such riots in about fifty countries, mainly in Asia, Africa, and the former Soviet Union, as well as fifty control cases. With its deep and thorough scholarship, incisive analysis, and profound insights, The Deadly Ethnic Riotwill become the definitive work on its subject. Furious and sadistic, the riot is nevertheless directed against a precisely specified class of targets and conducted with considerable circumspection. Horowitz scrutinizes target choices, participants and organization, the timing and supporting conditions for the violence, the nature of the events that precede the riot, the prevalence of atrocities during the violence, the location and diffusion of riots, and the aims and effects of riot behavior. He finds that the deadly ethnic riot is a highly patterned but emotional event that tends to occur during times of political uncertainty. He also discusses the crucial role of rumor in triggering riots, the surprisingly limited role of deliberate organization, and the striking lack of remorse exhibited by participants. Horowitz writes clearly and eloquently without compromising the complexity of his subject. With impressive analytical skill, he takes up the important challenge of explaining phenomena that are at once passionate and calculative.","history, historical fiction, biography | non-fiction","non-fiction | mystery, thriller, crime | comics, graphic","history, historical fiction, biography","mystery, thriller, crime | comics, graphic",3,2,3,251+,2
1195545,1404195,American Appetites,eng,English,46.0,"Set in an affluent upper-class suburb in the late 1980s, this chilling tale by master storyteller Joyce Carol Oates reveals the dark side of the American Dream. A close-knit group of friends draws closer, and then apart, when scandal and tragedy erupt among them.","fiction | history, historical fiction, biography | mystery, thriller, crime","fiction | history, historical fiction, biography | romance | mystery, thriller, crime | young-adult",,romance | young-adult,2,3,5,20–75,3
17971,19459,The Eternal Frontier: An Ecological History of North America and Its Peoples,unknown,Unknown,360.0,"In The Eternal Frontier, world-renowned scientist and historian Tim Flannery tells the unforgettable story of the geological and biological evolution of the North American continent, from the time of the asteroid strike that ended the age of dinosaurs 65 million years ago, to the present day. Flannery describes the development of North America's deciduous forests and other flora, and tracks the immigration and emigration of various animals to and from Europe, Asia, and South America, showing how plant and animal species have either adapted or become extinct. The story takes in the massive changes wrought by the ice ages and the coming of the Indians, and continues right up to the present, covering the deforestation of the Northeast, the decimation of the buffalo, and other facets of the enormous impact of frontier settlement and the development of the industrial might of the United States. Natural history on a monumental scale, The Eternal Frontier contains an enormous wealth of fascinating scientific details, and Flannery's accessible and dynamic writing makes the book a delight to read. This is science writing at its very best -- a riveting page-turner that is simultaneously an accessible and scholarly trove of incredible information that is already being hailed by critics as a classic. ""Tim Flannery's account ... will fascinate Americans and non-Americans alike."" -- Jared Diamond, author of Guns, Germs, and Steel ""No one before Flannery ... has been brave enough to tackle the whole pageant of North America."" -- David Quammen, the New York Times Book Review ""Tim Flannery's book will forever change your perspective on the North American continent ... Exhilarating."" -- John Terborgh, The New York Review of Books ""Full of engaging and attention-catching information about North America's geology, climate, and paleontology."" -- Patricia Nelson Limerick, the Washington Post Book World ""Natural history par excellence."" -- Kirkus Reviews (starred review) ""This gutsy Aussie may have read our landscape and ecological history with greater clarity than any native son."" -- David A. Burney, Natural History ""A fascinating, current, and insightful look at our familiar history from a larger perspective."" -- David Bezanson, Austin-American Statesman ""The scope of [Flannery's] story is huge, and his research exhaustive."" -- Lauren Gravitz, The Christian Science Monitor","history, historical fiction, biography | non-fiction","history, historical fiction, biography | non-fiction",,,0,2,2,251+,2
6721454,6917581,Кафедра,rus,Non-English,54.0,"Zasedanie kafedry bylo dolgoe, nudnoe. Dokladyvala ia neudachno. Enen spal, a potom nes obychnuiu nevniatitsu. Kogda on govorit, ostaetsia vpechatlenie, budto kto-to pri tebe cheshet pravoi nogoi levoe ukho. Govorili i drugie - kazhdyi o svoem. Nikto menia, v sushchnosti, ne podderzhal. Vidimo, razgovor o dvoikakh, ob ikh prichinakh i sledstviiakh poprostu izzhil sebia.",fiction,"fiction | history, historical fiction, biography | non-fiction | mystery, thriller, crime",,"history, historical fiction, biography | non-fiction | mystery, thriller, crime",3,1,4,20–75,1
25768254,45615553,A Secret Love,eng,English,88.0,"A ROMANTIC THRILLER...WILL KEEP YOU TURNING PAGES. SEXY, PROVOCATIVE, INTRIGUING. Listen now- Every marriage has a secret or two or more, but Christine's has a big one. A secret that she has managed to keep for nine years. Her husband Derek doesn't suspect a thing. A blackmailer has entered the picture and now Christina's exposure is imminent. The blackmailer is demanding payment that Christina doesn't have. If she doesn't pay, her secret will be leaked and she will lose my husband and my children on Christmas day.","romance | mystery, thriller, crime","fiction | romance | mystery, thriller, crime",,fiction,1,2,3,76–150,2
27426834,45613628,The Storm Sister,en-ca,English,208.0,"Ally D'Apliese is about to compete in one of the world's most perilous yacht races, when she hears the news of her adoptive father's sudden, mysterious death. Rushing back to meet her five sisters at their family home, she discovers that her father - an elusive billionaire affectionately known to his daughters as Pa Salt - has left each of them a tantalising clue to their true heritage. Ally has also recently embarked on a deeply passionate love affair that will change her destiny forever. But with her life now turned upside down, Ally decides to leave the open seas and follow the trail that her father left her, which leads her to the icy beauty of Norway . . . There, Ally begins to discover her roots - and how her story is inextricably bound to that of a young unknown singer, Anna Landvik, who sang in the premiere of Peer Gynt, set to Grieg's iconic music, over a hundred years before. As Ally learns more about Anna, she also begins to question who her father, Pa Salt, really was. And why is the seventh sister missing? Following the bestselling The Seven Sisters, this is the second book in Lucinda Riley's spellbinding series, based loosely on the mythology surrounding the famous star constellation.","fiction | history, historical fiction, biography | romance | fantasy, paranormal | mystery, thriller, crime","fiction | history, historical fiction, biography | fantasy, paranormal","romance | mystery, thriller, crime",,2,5,3,151–250,4+
2560466,2568950,The Art of Rock Painting (Artist's Library Series),eng,English,97.0,"The Art of Rock Painting makes it possible for anyone to create extraordinary art projects with ordinary rocks! Accomplished artist Diana Fisher takes you step by step through 12 diverse projects as she introduces you to the sensational world of rock painting, one technique at a time. You will learn to make over plain rocks into useful and decorative crafts-from a lifelike feline doorstop to rock-solid bookends. No matter what your painting experience, this book will awaken your imagination to a wealth of creative possibilities! (64-page paperback, 6.5 x 9.5) Awards: Primedia Craftrends/Papercrafts Award of Excellence 2004 Finalist",non-fiction,"history, historical fiction, biography | non-fiction",,"history, historical fiction, biography",1,1,2,76–150,1
1049856,1036312,"Combat, Vol. 3",unknown,Unknown,142.0,"A historic landmark work, depicting war as it is and soon will be-the shape of war to come. Featuring: Harold Coyle, reporting from the front lines of the information war, where cyberpunks are recruited to combat the growing swarm of hackers who orchestrate online terrorism around the world. Ralph Peters, who takes us to the war-torn Balkan states, where a U.S. Army observer sent to keep an eye on the civil war is taken on a guided tour of the country at gunpoint, captured by the very people he was sent to monitor. James Cobb, pitting one U.S. Cavalry unit against an aggressive Algerian recon division in an attempt to protect a defenseless African nation. R. J. Pineirowho goes into the far reaches of space where a terrorist holds the world captive from a nuclear equipped space platform.","fiction | non-fiction | mystery, thriller, crime","fiction | history, historical fiction, biography | non-fiction | fantasy, paranormal | mystery, thriller, crime",,"history, historical fiction, biography | fantasy, paranormal",2,3,5,76–150,3
8619848,13490486,The Road Home: The Aftermath of the Great War Told by the Men and Women Who Survived It,en-gb,English,58.0,"Best-selling author Max Arthur has compiled the first-person accounts from veterans of the Great War into a fitting commemoration. Starting from the moment the guns all fell silent, the aftermath of World War I and its mark on history are reflected in the stories of the brave soldiers of the British, German, French, and Russian armies.","history, historical fiction, biography | non-fiction","fiction | history, historical fiction, biography | non-fiction | young-adult | comics, graphic",,"fiction | young-adult | comics, graphic",3,2,5,20–75,2
19003475,27025524,A Baby for Christmas,en-us,English,120.0,"Yes, diamonds are a girl's best friend, but unless the jewel is going on Solae Wyatt-Palmer's ring finger, they hold little value to her. When she meets Fire Captain Hershel Kavanaugh, their magnetism is undeniable and there's no doubt that it's love at first sight. Since Solae adores Hershel's two boys from his failed marriage, she wouldn't blink at the chance to become a mother to them. But when it seems as if Hershel doesn't have a proposal on his agenda, she has no choice but to cut her loses and move on. But Christmas is coming. And in order to win Solae back, Hershel must resolve some past issues before convincing her that she possesses everything he wants.",fiction | romance,"fiction | romance | fantasy, paranormal | young-adult",,"fantasy, paranormal | young-adult",2,2,4,76–150,2
22859468,42427411,Rodeo Family,eng,English,104.0,"TORI EATON IS READY TO START OVER She's beginning a new chapter in Aubrey, Texas, away from her abusive ex-boyfriend. As she picks up the pieces of her broken life, Tori's surprised at the helping hand the church's new song director, Brant McConnell, offers her, and at the warm emotions he inspires. Brant is drawn to Tori. And as their friendship grows, so do his feelings for her. But Tori is still hounded by her past, and the walls she's built around her heart are high. Can he convince the wounded beauty that he's exactly the kind of man she needs--and deserves?",romance,fiction | romance,,fiction,1,1,2,76–150,1
19195487,27238336,Living the Law of One 101: The Choice,eng,English,521.0,"Written with the intent of creating an entry-level, simple to read report concerning the core principles of the Law of One and Confederation philosophy in general, this book takes the reader through a discussion of Law of One principles such as unity, free will, love, light and polarity. It then works with the Confederation version of the concept that each person has an energy body with seven chakras. It discusses this concept and its implications for the seeker, chakra by chakra. It turns the player into a Player! This is a light-hearted book about the Game of Life. It is an easy read, and yet the principles of the Law of One are not simplified. Rather, they are offered in an order which makes coherent sense. Principle builds upon principle to offer an overall view of Confederation philosophy which is a bit easier to grasp as a whole than the original Law of One books, where the question-and-answer format offers the same information in a somewhat fragmented form, although with endless interest. If you would like to play the Game of Life with Carla, please give this book a try! From the back cover: ""Living the Law of One-101: The Choice is the light revealing the way out of the uncertainty and chaos that inevitably arises as old paradigms crumble. Carla Rueckert, one of the clearest and most dedicated channelers of our time, has distilled more than a quarter of a century of extraordinary information into a clear and easily followed roadmap to the higher dimensions. If you are ready for the definitive guide to personal transformation, here is the answer you've been waiting for."" -Jean-Claude Koven, columnist, speaker and author of Going Deeper: How to Make Sense of Your Life When Your Life Makes No Sense. ""This book should be honored and kept with one always. It is a book for newcomers, those who meditate, New Age groups, UFO devotees, religious groups of all disciplines and all of the rest of humankind. It is a very powerful statement which will make our lives more meaningful, loving and certainly more wise. It is a work of art."" -Phyllis V. Schlemmer, author of The Only Planet of Choice. ""Carla shares a wealth of information and wisdom in this profound and thought-provoking work. Highly recommended."" -Robert Schwartz, author of Your Soul's Plan: Discovering the Real Meaning of the Life You Planned Before You Were Born ( ""Never has there been a greater need for a clear, accessible overview of the possibilities and pitfalls of spiritual seeking. Carla L. Rueckert has masterfully provided just such an overview. As the original channel of the Law of One series, Rueckert has fashioned a text that is profound while being also astonishingly lucid. She delves into many issues that have baffled every serious inquirer, and manages to put them on a footing that shows the possibility of a real way forward. As a spiritual manual, this work is simply unmatched. I would recommend it without qualification to any earnest seeker."" -Stephen Tyman, PhD, author of A Fool's Phenomenology; Archetypes of Spiritual Evolution.",non-fiction,fiction | non-fiction,,fiction,1,1,2,251+,1
18145492,25496998,"The Complete Soda Making Book: From Homemade Root Beer to Seltzer and Sparklers, 100 Recipes to Make Your Own Soda",unknown,Unknown,179.0,"All-natural soft drinks everyone will love! Zesty lemon-lime. Sweet orange cream. Tart cherry. With The Complete Soda-Making Book, you can recreate your favorite sodas in the convenience of your home--without the high price tag or all the unpronounceable ingredients. Featuring 100 all-natural, budget-friendly recipes, this book shows you how to use your soda-making appliance to craft classic and one-of-a-kind soft drinks that not only taste better than your fountain go-to, but are also lower in calories and sugar. From traditional options like cola and root beer to artisanal flavors like mango mint and lemongrass, each of these natural sodas are bursting with fresh fruits, juices, and herbs, and free of the artificial additives and sweeteners found in commercial sodas. You'll also find simple instructions on how to experiment with flavor and ingredient combinations to produce your own fizzy concoctions. Complete with recipes for floats, cocktails, and sweet treats, The Complete Soda-Making Bookis the ultimate resource for crafting delicious, healthy, and inexpensive sodas that your entire family will enjoy!","history, historical fiction, biography | non-fiction",non-fiction,"history, historical fiction, biography",,1,2,1,151–250,2
21481007,40807004,Almost Alive,unknown,Unknown,170.0,"""I never thought life could get more complicated after death. I guess I was terribly mistaken."" Michelle Dorin seems to be your average seventeen-year-old rich girl with dysfunctional parents-except for the fact that she's been dead before. Months after her revival, she discovers that a demon is living inside of her and plans on devouring her soul until her body is free reign for its evil purposes. Her only confidant is Julian, an edgy classmate that has the same condition, but seems to have power over his demon and hers. He offers to teach Michelle how to handle living with the demon if she agrees to train and eventually help hunt them. But it's not easy to steer clear of temptation when you're not sure if the voice inside your head is your own or something else. Can the unlikely duo save our world from demons that disguise themselves as ordinary humans, or will their strange and growing attraction toward each other drag them both to hell?",young-adult,"fiction | romance | fantasy, paranormal | mystery, thriller, crime | young-adult",,"fiction | romance | fantasy, paranormal | mystery, thriller, crime",4,1,5,151–250,1
763504,1229354,"Moving Pictures (Discworld, #10)",eng,English,171.0,"Discworld's pesky alchemists are up to their old tricks again. This time, they've discovered how to get gold from silver -- the silver screen that is. Hearing the siren call of Holy Wood is one Victor Tugelbend, a would-be wizard turned extra. He can't sing, he can't dance, but he can handle a sword (sort of), and now he wants to be a star. So does Theda Withel, an ambitious ingenue from a little town (where else?) you've probably never heard of. But the click click of moving pictures isn't just stirring up dreams inside Discworld. Holy Wood's magic is drifting out into the boundaries of the universes, where raw realities, the could-have-beens, the might-bes, the never-weres, the wild ideas are beginning to ferment into a really stinky brew. It's up to Victor and Gaspode the Wonder Dog (a star if ever one was born!) to rein in the chaos and bring order back to a starstruck Discworld. And they're definitely not ready for their close-up!","fiction | fantasy, paranormal | comics, graphic","fiction | fantasy, paranormal | young-adult | comics, graphic",,young-adult,1,3,4,151–250,3
13063000,14618372,"Lost in Shangri-la: A True Story of Survival, Adventure & the Most Incredible Rescue Mission of World War II",unknown,Unknown,88.0,"Award-winning former Boston Globe reporter Mitchell Zuckoff unleashes the exhilarating, untold story of an extraordinary World War II rescue mission, where a plane crash in the South Pacific plunged a trio of U.S.military personnel into a land that time forgot. Fans of Hampton Sides' Ghost Soldiers, Marcus Luttrell's Lone Survivor, and David Grann's The Lost City of Z will be captivated by Zuckoff's masterfully recounted, all-true story of danger, daring, determination, and discovery in jungle-clad New Guinea during the final days of WWII.","fiction | history, historical fiction, biography | non-fiction","fiction | history, historical fiction, biography | mystery, thriller, crime",non-fiction,"mystery, thriller, crime",2,3,3,76–150,3
18852,2970368,The Years,eng,English,320.0,"The most popular of Virginia Woolf's novels during her lifetime, The Yearsis a savage indictment of British society at the turn of the century, edited with an introduction and notes by Jeri Johnson in Penguin Modern Classics. The Years is the story of three generations of the Pargiter family - their intimacies and estrangements, anxieties and triumphs - mapped out against the bustling rhythms of London's streets during the first decades of the twentieth century. Growing up in a typically Victorian household, the Pargiter children must learn to find their footing in an alternative world, where the rules of etiquette have shifted from the drawing-room to the air-raid shelter. A work of fluid and dazzling lucidity, The Yearseschews a simple line of development in favour of a varied and constantly changing style, emphasises the radical discontinuity of personal experiences and historical events. Virginia Woolf's penultimate novel celebrates the resilience of the individual self and, in her dazzlingly fluid and distinctive voice, she confidently paints a broad canvas across time, generation and class. Virginia Woolf (1882-1941) is regarded as a major 20th century author and essayist, a key figure in literary history as a feminist and modernist, and the centre of 'The Bloomsbury Group'. This informal collective of artists and writers which included Lytton Strachey and Roger Fry, exerted a powerful influence over early twentieth-century British culture. Between 1925 and 1931 Virginia Woolf produced what are now regarded as her finest masterpieces, from Mrs Dalloway(1925) to the poetic and highly experimental novel The Waves(1931). She also maintained an astonishing output of literary criticism, short fiction, journalism and biography, including the playfully subversive Orlando(1928) and A Room of One's Own(1929) a passionate feminist essay. If you enjoyed The Years, you might also like Ford Madox Ford's Parade's End, also available in Penguin Classics. 'Inspired ... a brilliant fantasia of all Time's problems, age and youth, change and performance, truth and illusion' The Times Literary Supplement","fiction | history, historical fiction, biography","fiction | history, historical fiction, biography | non-fiction | young-adult",,non-fiction | young-adult,2,2,4,251+,2
15995681,17584282,Neuland,ita,Non-English,455.0,"Dai giorni del corso come osservatore nell'esercito di Israele, gli occhi di Dori sono sempre in cerca di minacce potenziali: cecchini sui tetti, movimenti sospetti fra i vicoli, una tenda spostata, uno scintillio che rivela che qualcuno ti sta osservando col binocolo. Un'attivita inutile, ma cosi radicata che il timore di pericoli alberga ormai stabilmente nella sua mente. Roni, ad esempio, e la prima donna alla quale Dori ha permesso di toccare il suo amaro nocciolo di solitudine, la prima donna di cui si e fidato, sino al punto da appoggiarsi e assuefarsi totalmente a lei. Tuttavia Dori e convinto che, camminando col suo passo svelto, un giorno lei non si fermera piu e lo lascera. E allora per evitarlo, Dori ha deciso di andarsene lui. Suo padre, Meni Peleg, eroe della guerra del Kippur, uomo riflessivo, equilibrato, uno dei piu quotati consulenti finanziari in Israele, dopo la morte dell'amata moglie e scomparso da qualche parte in Sudamerica. Per scacciare i suoi spettri privati, Dori parte alla sua ricerca. Inbar ha la stessa eta di Dori, non piu giovane come le giovani, ne avanti negli anni come quelle avanti negli anni. Una via di mezzo. Esattamente come Dori. E bella, ha un'abbronzatura sana, un corpo florido e dei capelli castani disordinati con studiata monelleria. Anche Inbar e in fuga dai suoi fantasmi privati e dalle persone in carne e ossa cui e attaccata la sua vita in Israele. Sua madre, ad esempio, che vive nel ricordo struggente del figlio prediletto, Yoavi, morto suicida durante il servizio militare senza lasciare una lettera, una nota che spiegasse il gesto. Oppure Eitan, l'uomo che la spinge a una maternita che lei non puo affatto sopportare. Dori e Inbar si incontrano e si amano in Sudamerica. E in Argentina, la dove alla fine dell'Ottocento il Barone Hirsch compro molte terre,convinto che fosse il posto migliore dove creare un focolare nazionale per gli ebrei, la dove persino Herzl accarezzo l'idea del nuovo stato di Israele, indeciso com'era tra Eretz Isruel e l'America del sud, si imbattono insieme in Meni Peleg. Grandi occhi blu e poncho celeste, barba lunga ma non troppo, pomo d'Adamo sporgente, esattamente come quello di Dori, Meni Peleg ha fondato in quelle terre Neuland, uno <>in miniatura che rammenti allo stato d'Israele cosa avrebbe dovuto essere e cosa potrebbe essere, una comunita perche non vada perduta la millenaria speranza degli ebrei di essere un popolo libero. Romanzo che al suo apparire in patria e stato salutato come un autentico punto di svolta nella letteratura israeliana contemporanea, come un accorato appello al cambiamento di Israele, Neulandriesce nel compito proprio della vera letteratura: mostrare la crisi di un'epoca e di una nazione nell'avvincente narrazione di una storia d'amore.","fiction | history, historical fiction, biography | romance","fiction | history, historical fiction, biography | romance | mystery, thriller, crime | young-adult",,"mystery, thriller, crime | young-adult",2,3,5,251+,3
12373664,102227,Catwoman: Nine Lives of a Feline Fatale,unknown,Unknown,114.0,"Spanning over six decades as Batman's greatest nemesis/love, Catwoman is one of comics' most popular and enduring villainesses, and now the star of a new movie! These stories cover the entire spectrum of Catwoman's thrilling adventures - from her first appearance as a jewel thief in Batman #1 in 1940, to her modern day role of 'champion' of Gotham City's East Side in a story from the current Catwoman series. Featuring classic 'tails' from some of the greatest comics creators in the business - from the man who started it all, Bob Kane (the creator of Batman) to acclaimed modern day writers such as Doug Moench and Ed Brubaker - this is surely the ultimate Catwoman kitty collection!","fiction | fantasy, paranormal | comics, graphic","fiction | history, historical fiction, biography | fantasy, paranormal | young-adult | comics, graphic",,"history, historical fiction, biography | young-adult",2,3,5,76–150,3
15736268,21419606,Istanbul with Love,ind,Non-English,173.0,"Aku mungkin memang sudah gila. Pergi bermil-mil jauhnya hanya untuk menemui seseorang yang selama lima tahun hanya aku kenal di dunia maya. My God, apakah seperti ini yang rasanya jatuh cinta? *** Berbekal keyakinan terhadap takdir jodohnya, Pia Crystalline nekat menempuh penerbangan panjang ke Turki demi menemui Osman Yazici. Hubungan yang telah terjalin selama lima tahun membuatnya tanpa sadar mencintai pria yang belum pernah ditemuinya secara fisik itu. Pia pun berkeinginan menjalin hubungan yang lebih serius dengannya. Agar bisa mengenal Turki dan orang-orangnya lebih dekat, Pia memulai perjalanannya menjelajahi setiap sudut Istanbul. Berbagai macam karakter ia temui dalam setiap petualangannya. Namun, perkenalannya dengan Beyza, teman dekat Osman, keakraban, kemesraan, dan tatapan tak biasa Osman terhadap Beyza membuat Pia semakin lama semakin menyadari jika hubungan mereka tidak sekadar teman dekat. Akhirnya, Pia mendapati kenyataan yang begitu mencabik perasaannya, meninggalkan luka yang tak tertanggungkan lagi hingga membuatnya mengambil keputusan untuk mengakhiri segalanya, termasuk hidupnya. Di lautan dingin Bosphorus, sebuah tragedi cinta segitiga yang berlatar panorama Istanbul bermuara, mengantar jiwa yang beku menuju persinggahan terakhir.",romance,"fiction | fantasy, paranormal | young-adult",romance,"fiction | fantasy, paranormal | young-adult",4,1,3,151–250,1
2139947,2583229,"Les piliers de la création (L'Epée de Vérité, #7)",fre,Non-English,181.0,"La jeune Jennsen, harcelee depuis sa plus tendre enfance par ses demons interieurs, a trouve le moyen de les reduire au silence. Mais la fin de son epreuve est le debut d'un calvaire pour le reste du monde : impliquee contre son gre dans un combat dont l'enjeu est la vengeance et la conquete, Jennsen tombe sous la domination de forces obscures plus atroces que tout ce qu'elle aurait pu imaginer. Et si les voix de ses demons avaient toujours ete reelles ?... Pendant ce temps, Richard et Kahlan a nouveau reunis doivent toujours compter avec la menace des troupes de l'Ordre Imperial. Contraints de s'aventurer dans un pays etrange et desole, ils voient leur quete se transformer en cauchemar lorsqu'un chasseur infatigable se met a les traquer. Affaiblis et de plus en plus seuls, Richard et Kahlan combattent desesperement pour survivre. S'ils veulent un avenir, il leur faudra repousser la menace surnaturelle qui vient d'emerger des plus sombres profondeurs de l'ame humaine. Pour cela. le Sourcier devra lutter contre les demons assoiffes de sang qui rodent parmi les Piliers de la Creation...","fiction | history, historical fiction, biography | romance | fantasy, paranormal","fiction | romance | fantasy, paranormal","history, historical fiction, biography",,1,4,3,151–250,4+
17381970,24175952,Geger Pacinan 1740 - 1743: Persekutuan Tionghoa - Jawa Melawan VOC,ind,Non-English,160.0,"Menyusul pembantaian massal orang Tionghoa oleh Belanda di Batavia pada tahun 1740, laskar Tionghoa yang didukung bala tentara Jawa menyerang balik posisi-posisi VOC. Perang balas dendam ini kemudian disebut Perang Sepanjang atau Geger Pacinan, yang berlangsung antara 1740-1743. Laskar Tionghoa dipimpin Kapitan Sepanjang dari Batavia dan Tan Sin Ko alias Singseh dari Jawa bagian tengah. Pasukan Jawa dipimpin Sunan Amangkurat V alias Raden Mas Garendi dan Raden Mas Said alias Pangeran Sambernyowo, yang kelak menjadi Mangkunegara I. Perang yang dimulai di daerah Gandaria di pinggiran Batavia kemudian membakar hampir seluruh wilayah pantai utara dan pedalaman Jawa, hingga ke Pasuruan di ujung timur Jawa. Inilah perang di Jawa zaman VOC yang terbesar yang mempunyai cakupan wilayah terluas. Sebuah epos yang dilatarbelakangi hubungan sosial yang cair antara golongan Tionghoa dan Jawa, atmosfer keakraban yang perlu dilestarikan dalam usaha penciptaan ke-Indonesia-an yang multikultural. Dalam bukunya ini Daradjadi menyegarkan kembali ingatan kita pada Geger Pacinan, potongan mozaik sejarah Nusantara yang selama ini terlupakan...","history, historical fiction, biography | non-fiction","fiction | fantasy, paranormal | comics, graphic","history, historical fiction, biography | non-fiction","fiction | fantasy, paranormal | comics, graphic",5,2,3,151–250,2
24467169,44060064,くちづけは嘘の味 1 [Kuchizuke wa Uso no Aji 1],unknown,Unknown,55.0,"Satoru is a young business man, a CEO of a major company who has never been in love seriously before. Rushing to work one day he bumps into a stranger, then meets that stranger at a bar he went to with a friend. But is the bartender Makio as cute and sweet as he seems?","romance | comics, graphic",romance,"comics, graphic",,1,2,1,20–75,2
25150543,44851635,Kingston's Kitchen: Simple Wholesome Recipes for Your Favorite Canine,eng,English,178.0,"""When it comes to spoiling you dog, nothing beats great cuisine. Karin Samantha Horn Roseman and Monika S. Phillips have been cooking for their dogs for more than twenty years. Together they share their favorite pup recipes including stories that inspired the recipes. Named after one of Karin's Great Danes, the cookbook includes recipes inspired and named after all of the family pets including: * Ernie's Amazing Pumpkin: a quick and easy recipe that includes pure pumpkin that's great for the tummy and easily digested. * Kingston's Hidden Veggies: Cauliflower, sweet potato, green zucchini and yellow squash mixed in with cubed beef liver. Even if your pooch doesn't want to eat healthy, he or she won't be able to resist the smell of the liver that overpowers the veggies. * Abby's Old Fashioned Steak and Potatoes: Cubed organic beef works best. Throw in some potatoes and bite-sized carrots and you have a healthy and hearty meal. More than a dozen recipes--all based on wholesome, organic, and thoughtful eating--will please the entire family. You'll be delighted with Kingston's Kitchen!""",non-fiction,"fiction | non-fiction | fantasy, paranormal",,"fiction | fantasy, paranormal",2,1,3,151–250,1
12502047,8589603,Cracks in the Sidewalk,en-gb,English,150.0,"Cracks in the Sidewalk, a Royal Palm Literary Award Winner, is the tale of a mother's love for her daughter and the unending search for her missing grandchildren. It is a story filled with courage and compassion. Only by clinging to her faith and reaching out to children in need can Claire McDermott hope to rebuild her life and open her heart to happiness. Claire is an old lady when the letter she has been waiting for finally arrives bringing news of the grandchildren she lost some twenty years ago. Over the years she has written thousands of letters and most probably not one of them ever reached it's destination--but what if one did? Can a single letter change the lives of four people. Claire is about to find out; and three young adults will discover that letters are a journey of the heart that transcends time and distance.","fiction | history, historical fiction, biography | non-fiction | mystery, thriller, crime | children","fiction | romance | mystery, thriller, crime","history, historical fiction, biography | non-fiction | children",romance,4,5,3,76–150,4+
17317994,2226526,A Passion for God: The Spiritual Journey of A. W. Tozer,unknown,Unknown,196.0,"""I fear we shall never see another Tozer. Men like him are not college-bred but Spirit-taught."" Leonard Ravenhill, 20th century British evangelist. Pastor A. W. Tozer, author of the Christian classics The Pursuit of Godand The Knowledge of the Holy, was a complex, intensely private, deeply spiritual man, and a gifted preacher whose impact for the kingdom of God is immeasurable. In this thoughtful biography, bestselling author Lyle Dorsett traces Tozer's life from his humble beginnings as a Pennsylvania farm boy to his heyday as a Chicago pastor--when hundreds of college students would travel to his South Side church to hear him preach and thousands more heard his Sunday broadcasts on WMBI. Eventually, he came to his final pastorate in Toronto. From his conversion as a teen to his death in 1963, Tozer remained true to one passion: to know the Father and make Him known, no matter what the cost. The price he paid was loneliness, censure from other, more secular-minded ministers of the times, and even a degree of estrangement from his family. Read the life story of a flawed but gifted saint, whose works are still impacting the world today.","history, historical fiction, biography | non-fiction | comics, graphic","fiction | history, historical fiction, biography | non-fiction | mystery, thriller, crime","comics, graphic","fiction | mystery, thriller, crime",3,3,4,151–250,3
11653594,16598097,Campie,unknown,Unknown,193.0,"campienoun1a sober, celibate, bankrupt vegetarian who mops floors, cleans toilets, burns garbage, does laundry, makes beds and picks up after rig workers. 2nickname for the camp attendant in an oil-rig camp. 3the loneliest person in the oil fields. When it all goes south, you can always go north Bankrupt, homeless and with only an old Toyota Tercel to her name, Barbara Stewart has taken a job as a camp attendant at Trinidad 11, an oil-rig camp in the wilderness of northwestern Alberta. She was told it's a ""dry"" camp--good news for a person hoping to stay sober--but she soon finds out this isn't true. During the day, she mops floors, scrubs bathrooms, changes smelly beds and picks up empties. At night, as she burns garbage in the incinerator, she finds solace alone under the stars and tries to reconcile her past with an uncertain future. When she discovers that a campie who ""doesn't play doesn't stay,"" Barbara is forced to make a decision. Campieis an entertaining, compelling account of how an ordinary person survives when things fall apart and there's no ""eat pray love"" holiday to put them back together.",non-fiction,fiction,non-fiction,fiction,2,1,1,151–250,1
29478899,25266318,"Kuroko's basket: 20 [Kuroko no Basuke] 20 (Kuroko's Basketball, #20)",ita,Non-English,67.0,"La Seirin e arrivata in semifinale! Il suo prossimo avversario nella corsa alla Winter Cup sara la squadra che uscira vincitrice nello scontro tra Kaijo e Fukuda Sohgoh, rispettivamente guidate dai due assi Kise e Haizaki. Grazie alla capacita di ""rubare"" le tecniche altrui, Haizaki mette in grossa difficolta il rivale - che finora non e mai riuscito a batterlo - finche questi non mostra una nuova arma segreta...","fiction | fantasy, paranormal | mystery, thriller, crime | young-adult | comics, graphic","fiction | romance | fantasy, paranormal | mystery, thriller, crime | young-adult | children","comics, graphic",romance | children,3,5,6,20–75,4+
7058095,7309725,Üç İstanbul,tur,Non-English,147.0,"Yirmiyi askin, onde gelen roman kahramani, bir romani roman yapan butun ruh cozumlemeleriyle karsinizda. Bir o kadar sayida gercek tarihi kisilikler ile baska yardimci unutulmaz tipler romana ustaca yedirilmis... Simsiyah ve 33 yil surmus Abdulhamit donemi baskisiyla ""istibdat Istanbul'u""... Ozgurluk adina iktidara gelenlerin yonetimde oldugu ama Abdulhamit'e rahmet okutturan ""Mesrutiyet Istanbul""u... Batan bir imparatorlugun butun sefaleti ile ulkeyi isgal edenlere yaltaklanmada birinci olanlarin ""isgal Istanbul""u... Ve butun bu Istanbul'lari dikey olarak kesen bir yazar hayati: Muharrir Adnan Bey. Bugune kadar yapilmis butun siralamalarda daima ilk 10'a girmis efsanevi bir roman Uc Istanbul. Mithat Cemal Kuntay'in Uc Istanbul'u yazarin sagligindaki ilk ve tek ozgun baskidan (1938, Suhulet Kitabevi - Semih Lutfi Yayinlari - ayrica Rauf Mutluay'in baskiya hazirladigi 1976 ve 1983 Sander Yayinlari baskilari da vardir) yazim ve noktalama standartlastirmalarinin disinda, hicbir sozcuk degistirilmesi ya da sadelestirilmesi yapilmadan, Rasit Cavas tarafindan yayina hazirlanmistir. Mithat Cemal Kuntay'in kitaba kendisinin ekledigi dipnotlar aynen korunmustur.","history, historical fiction, biography","fiction | history, historical fiction, biography | non-fiction",,fiction | non-fiction,2,1,3,76–150,1
17282116,23899092,Every Move He Makes,en-us,English,181.0,"Keeping an eye on his charge isn't easy. Keeping his hands off? Impossible... It took attending his own funeral to force Logan to accept a new life as an undercover MI6 agent. That doesn't make his latest assignment any less aggravating. Babysitting a Russian pop star with delusions that someone's trying to kill him. Other than an inexplicable attraction Logan ruthlessly suppresses, he couldn't have less in common with the irritating, arrogant rich kid. He's even prepared to walk away--until very real bullets start flying. After his mother's death, Zak Kochenkov's life unravels in an impenetrable haze of grief, drugs and alcohol--until one bodyguard candidate stands out. Except his hopes of having some fun with that guard's body evaporate when he realizes Logan is buttoned up tighter than a clam. The first thing Logan learns is that his charge won't do as he's told. And there's some secret behind his haunted eyes that shakes Logan's resolve to keep him at arm's length. Because he knows if he lets passion close his eyes, that's when danger will find them both...","fiction | romance | mystery, thriller, crime","fiction | romance | mystery, thriller, crime | comics, graphic",,"comics, graphic",1,3,4,151–250,3
3419676,1253407,The Gods Themselves,eng,English,199.0,"Protiv gluposti i bogovi sami bore se uzalud. U ne toliko dalekoj buducnosti, otkricem principa razmene materije i energije izmedu naseg i stranog univerzuma, svi energetski i ekoloski problemi na Zemlji nestali su. Ne postavljajuci suvise pitanja u vezi s tim kako se nepoznata civilizacija povezala s nasom i omogucila besplatnu proizvodnju neogranicene kolicine energije, zemaljska nauka i politika dozvoljavaju doktoru Halamu, opsteprihvacenom ocu nove energije, da slavodobitno gusi svaku kriticku misao koja bi dovela u pitanje bilo koji aspekt novonastalog raja na Zemlji. Medutim, jedan naucnik ne samo da ima dovoljno pameti da shvati ocigledno vec ima i hrabrosti da kaze kako razmena energije dovodi i do razmene razlicitih zakonitosti koje vladaju u razlicitim univerzumima, sto za posledicu moze imati eksploziju Sunca i trenutno unistenje Zemlje. No, da bi dokazao svoje tvrdnje, on se mora povezati s dalekom cilvilizacijom koja je i inicirala razmenu - sto ce dovesti citaoca do sredisnjeg dela knjige koji nosi jedan od najcudesnijih prikaza nezemaljskog drustva u istoriji fantastike. Klasik naucne fantastike, po misljenju i kriticara i citalaca jedan od najboljih romana u istoriji zanra, dobitnik dve najprestiznije nagrade iz oblasti naucne fantastike, Hugo i Nebula, roman koji sam autor smatra svojim najdrazim delom.","fiction | fantasy, paranormal","fiction | history, historical fiction, biography | mystery, thriller, crime","fantasy, paranormal","history, historical fiction, biography | mystery, thriller, crime",3,2,3,151–250,2
3131572,3634578,Whipping Star,eng,English,71.0,"Suddenly - the end of all life throughout the entire Galaxy! It was only weeks away, or days - or even hours. It all depended on the survival of the last of the entities known as Calebians. But the Caleban was dying - subjected to systematic torture by the richest, most wicked woman in the Galaxy. Unless she could be stopped, the end was only a few days away, or hours - or even minutes!","fiction | fantasy, paranormal | mystery, thriller, crime","fiction | romance | fantasy, paranormal | young-adult","mystery, thriller, crime",romance | young-adult,3,3,4,20–75,3
2394134,2401146,This Is Our Earth,unknown,Unknown,72.0,"An inspirational and enlightening look at our earth! Laura Lee Benson's lilting verse carries us over panoramic landscapes as we visit the many creatures and natural wonders of the earth. The subtext introduces basic facts about our diverse environment and encourages global awareness and conservation. John Carrozza's spectacular watercolor illustrations play harmoniously with the spirit of the text. At the end, the verse is set to music so all can sing along!","fiction | non-fiction | children | comics, graphic | poetry",fiction | non-fiction | children | poetry,"comics, graphic",,1,5,4,20–75,4+
25097488,39839246,Fight For Me,eng,English,201.0,"I just needed someone to show me how to fight for me... When tragedy hits Alexis Cole is shattered. She carries the blame on her shoulders after losing a big piece of herself. When Ryder Hayes sweeps back into her life, she has something to hold on to, but just as quickly as he appeared he was gone. When fate-or meddling parents-throw them back together they can no longer deny the heat that's burned between them for years. Ryder has always wanted Lexi, but he's never fought so hard against something in his life. Saving Lexi from her past was never on his agenda, but he could never bear letting her drown in it. With his UFC championship title on the line, the last thing he needs is to be distracted by Lexi. When she's thrown back into his life he can no longer fight their attraction. But once he claims her he knows he'll never let go. Mature content warning:this title is intended for adults 18+ due to language and explicit sexual content. If you have an aversion to steamy scenes, you may not want to board this ride, because it will be a hot and sweaty one.",romance,fiction | romance,,fiction,1,1,2,151–250,1
8145510,12944220,Stitches and Scars,eng,English,115.0,"After a move out of the big city to escape heartbreak, photographer Katherine Thomas embraces life in a new town. With her two best friends by her side, she's ready to start over and not look back. During her first major exhibition at a legitimate art gallery, Kate expects the inevitable nerves, but what she doesn't anticipate is meeting someone who--with one glance--leaves her breathless. What happens when the charming mystery man disappears, leaving Kate wanting more? Without even knowing his name, the odds of finding him again are stacked against her. Will fate intervene, and if it does, will her old wounds prevent her from acting on the undeniable connection she feels?",fiction | romance,"fiction | romance | mystery, thriller, crime",,"mystery, thriller, crime",1,2,3,76–150,2
32183341,3155324,Ni'ihau: The Last Hawaiian Island,eng,English,22.0,"Ni'ihau, The Last Hawaiian Islandtells the rich history of Hawai'i's only privately owned island, its native Hawaiian population and unique Polynesian lifestyle.",non-fiction,"fiction | history, historical fiction, biography | fantasy, paranormal | children | comics, graphic",non-fiction,"fiction | history, historical fiction, biography | fantasy, paranormal | children | comics, graphic",6,1,5,20–75,1
6048959,6224584,Trainwreck: My Life as an Idoit,en-us,English,205.0,"Growing up a privileged Manhattan kid, Jeff Nichols should have had it all. Instead, he got a plethora of impairments: learning disabilities, a speech impediment, dyslexia, ADD, and a mild case of Tourette's syndrome. In Trainwreck, his weird and witty memoir of utter dysfunction, Nichols gives an irreverent look at how one ""idoit"" made good. Bounced from elite private schools, he limps through college, earning the nickname ""Iron Lung"" for his uncanny ability to inhale from a four-foot bong without coughing. By the skin of his teeth, he graduates and lands a job on Wall Street...as a moving target for coked-up traders tossing order cards at his head. Bumming money from his parents to pay for drugs and prostitutes, Nichols hits bottom before he discovers Alcoholics Anonymous, the perfect place to develop material for his new career in stand-up. Several disastrous twists and turns later, he finally makes good when a crazy stroke of luck leads to his story being turned into a feature film by the same production company behind indie hits like Eternal Sunshine of the Spotless Mindand The Savages. Hilarious and oddly inspiring, Trainwreckis proof that a life disastrously lived can still turn out beyond anybody's wildest imaginings.",non-fiction,"fiction | history, historical fiction, biography | mystery, thriller, crime | young-adult",non-fiction,"fiction | history, historical fiction, biography | mystery, thriller, crime | young-adult",5,1,4,151–250,1
27416519,47465586,Waking Up With a Billionaire (The Overnight Billionaires #3),eng,English,118.0,"He can have anything he wants...except her Famed artist Grayson Beaumont is the most elusive of the billionaire Beaumont brothers. He has a reputation for seducing any woman with only a look, word, or sensual stroke of his brush. But now Grayson has lost all his desire to paint . . . unless he can find a muse to unlock his creative-and erotic-imagination. Chloe knew she might have to shed her clothes when she agreed to pose for the celebrated artist, but she wasn't expecting to shed all her inhibitions as well. Under his intense scrutiny, there's nothing she can hide...including a secret from her past that, once exposed, will change how he looks at her forever.",fiction | romance,fiction | romance,,,0,2,2,76–150,2
34379770,46189043,Quand je serai partie,fre,Non-English,171.0,"Mon amour, avant tout, je dois te dire que je t'aime... je n'ai pas choisi de vous quitter. Alors qu'il rentre chez lui apres avoir enterre Natalie, la femme de sa vie et la mere de ses trois enfants, Luke Richardson trouve sur le sol de l'entree une enveloppe bleue sur laquelle son nom est inscrit, d'une ecriture qu'il connait bien : celle de son epouse disparue. Bouleverse, il decouvre une lettre de Natalie, redigee le jour de sa premiere seance de chimiotherapie pres d'un an auparavant. C'est le debut d'une longue correspondance unilaterale, qui conduit progressivement Luke a decouvrir des secrets trop longtemps enfouis. Tourmente par les lettres de son epouse, obsede par le besoin de decouvrir qui les envoie, Luke en vient progressivement a remettre en question son mariage et sa famille. Parviendra-t-il, au-dela de la peine et de la souffrance, a envisager un avenir ou l'amour subsiste envers et contre tout? Est-il trop tard pour tenir ses promesses quand la personne qu'on aime a disparu?","fiction | romance | mystery, thriller, crime | young-adult",fiction | romance,"mystery, thriller, crime | young-adult",,2,4,2,151–250,4+
25351186,45092135,Spørgsmål,dan,Non-English,95.0,"Hvor mange sporgsmal stiller vi mon om dagen? Hvorfor sporger vi overhovedet? Er det altid for at blive klogere? Eller er der nogle sporgsmal, som vi ikke forventer noget svar pa - og nogle, som maske slet ikke kan besvares? Hvad siger vores sporgsmal om os selv? Hvorfor sporger vi om dit og ikke dat? Definerer vores sporgsmal, hvem vi er? Hvem stillede verdens forste sporgsmal? Kan nogen overhovedet svare pa alle de sporgsmal? Er det et dumt sporgsmal? Eller faktisk et rigtig godt et af slagsen? Hvad siger Pia Lauritzen, Aarhus Universitetes egen Sporge-Jorgen?",non-fiction,fiction | non-fiction,,fiction,1,1,2,76–150,1
17566621,24502275,"The Devil Wears Kilts (Scandalous Highlanders, #1)",eng,English,127.0,"On a mission to rescue his runaway sister from the lure of flowery compliments and a useless lot of satin-clad scalawags disguised by their snooty titles, Ranulf MacLawry, Marquis of Glengask, has roared into British society like a storm across the Highlands. But he's about to find out that satin has its appeal, especially when it covers the curves of Miss Lady Charlotte Hanover--whose tongue is as sharp as her skin is soft... Lady Charlotte Hanover has had her fill of hot-headed men, having lost her fiance in an utterly unnecessary duel. When did brawn ever triumph over brains? And yet there is something solid and appealing about the brash Highlander who's as dangerous in the ballroom as in battle. Sometimes bigger really isbetter...","fiction | history, historical fiction, biography | romance | fantasy, paranormal","fiction | history, historical fiction, biography | romance | fantasy, paranormal",,,0,4,4,76–150,4+
15737861,21422069,The Paris Lawyer,en-gb,English,100.0,"As a child, Catherine Monsigny was the only witness to her mother's death. 20 years later as an ambitious attorney in contemporary Paris, she catches a professional break when her boss assigns her to major felony case in rural France. An immigrant stands accused of poisoning her husband, but her secrets are not the only ones hidden in the scenic rolling hills of Creuse. While preparing the defense, Catherine is reunited with images of own past and a high-intensity search for two murderers ensues. Who can she believe? And what will Catherine do with her past should she discover it?","fiction | mystery, thriller, crime","fiction | history, historical fiction, biography | mystery, thriller, crime",,"history, historical fiction, biography",1,2,3,76–150,2
9567540,14378151,The Blood Witch (Jason Dark #8),eng,English,163.0,"An ancient curse resurfaces. From deep within the English forests, a hideous creature threatens to re-emerge, stronger than ever. Meanwhile, young girls are disappearing from the streets of London, and rumors of heinous rituals abound. Fearing for her very life, a young actress working at the famed Lyceum Theatre calls desperately on Jason Dark for help. On the eve of Walpurgis Night, the Geisterjager meets another formidable enemy as he comes face to face with the Blood Witch. Who will prevail? This is the eighth volume in a series of gothic horror adventures where Jason Dark, a fearless and resourceful ghost hunter, follows in the mold of a Sherlock Holmes combined with Randall Garrett's Lord D'Arcy. Written by Guido Henkel, the designer who brought Germany's famed ""Das Schwarze Auge"" series to computer screens, this series is filled with enough mystery, drama and suspenseful action to transport you to the sinister, fog-shrouded streets of Victorian England. Your encounter with the extraordinary awaits.","mystery, thriller, crime","fiction | fantasy, paranormal | mystery, thriller, crime | comics, graphic",,"fiction | fantasy, paranormal | comics, graphic",3,1,4,151–250,1
3097770,1087643,Joey's Case,unknown,Unknown,57.0,Police Chief Mario Balzic has got one hot Italian on his heels. Albert Castelucci wants to straighten some things out about his son's murder. It seems that the investigator Balzic appointed to Castelucci's case made such a mess no jury could convict the killer. Pushing Balzic into losing his temper may just provide the answers Castelucci needs.,"fiction | mystery, thriller, crime","fiction | history, historical fiction, biography | mystery, thriller, crime",,"history, historical fiction, biography",1,2,3,20–75,2
10316334,14971100,"Big, Bad and On Top",unknown,Unknown,267.0,"Duke's driven by his ambition to be the best fighter pilot in the Navy, not the fact that he's a closeted gay man. But he's garnered a reputation for being overly aggressive and far too impulsive. He likes to think the chances he takes are heroic and wise, but there are many in the Navy who think he's reckless and irresponsible. And when the Navy sends Duke to the most rigorous flight class in the world, he becomes even more aggressive in order to be the big, bad ""top gun"" everyone expects him to be. But while he's working hard to be number one, he meets an attractive young civilian flight instructor named Jaime who turns his entire life upside down. Though it starts out as a harmless flirtation, their connection becomes so intense Duke begins to wonder whether or not he can continue to abide by the rules of Don't Ask, Don't Tell. After a serious accident that leaves Duke so devastated he can barely fly a plane, Duke begins to question his goals, his ferocious need to be number one, and his unyielding devotion to a military that refuses to treat him with dignity and equality. He realizes the only good thing that has ever happened to him was falling in love with Jaime, and he discovers he has two choices. Both have the potential to change his and Jaime's lives forever, and both come with serious consequences. But he can only choose one. And even while Duke is wrestling with the biggest decision of his life, his passion for Jaime burns hotter than ever.",fiction | romance,fiction | romance,,,0,2,2,251+,2
1838089,890180,"Outlaw Mountain (Joanna Brady, #7)",eng,English,120.0,"Jance's seventh JoAnna Brady book, Outlaw Mountain, begins with the death of an old woman who was injured when she fell on a poisonous cholla cactus. But it isn't the plant that finishes off Alice Rogers; the lively, free-spirited widow is murdered by someone who injects her as she lies writhing in pain. Now Joanna has to find out whether anyone in Alice's large family would have killed her for her land and money. Was it her son Cletus, ""a restaurateur with the diplomacy of a mountain goat,"" who was recently elected mayor of the legendary Arizona town of Tombstone (where Wyatt Earp once reigned)? Or did the murder have something to do with a local political power struggle?","fiction | romance | mystery, thriller, crime","fiction | history, historical fiction, biography | romance | mystery, thriller, crime",,"history, historical fiction, biography",1,3,4,76–150,3
25257785,44979938,Waiting for Paint to Dry,eng,English,200.0,"For the past decade, Matty Bell has lived safe in a self-made monochromatic life of work-eat-sleep-survive. Living vicariously through her best friend Claire's perfect life wasn't the plan. However, Matty learned long ago it's easier to run and hide from life than to deal with the PTSD she's suffered from since being raped at sixteen. Yet on the night of her thirtieth birthday, a freak accident shows Matty a truth: run from something long enough and it will consume you. She must find a way back to her life, a life full of passion in which she can follow her dreams and is not afraid to love. When Claire announces her family is moving, she asks Matty to come too. Having grown up Navy, Matty's no stranger to picking up and starting over. However, moving half-way around the world to play nanny to Claire's children doesn't sound like the new beginning Matty yearns for. Nor does she want to leave without first confronting her fears and coming full-healing-circle. She can't let another decade slip by before she's able to trust again. ** A portion of the proceeds benefit RAINN: Rape, Abuse & Incest National Network**",fiction | romance,fiction,romance,,1,2,1,151–250,2
6815233,7023476,Gardner's Art Through the Ages: Antiquity Book a: The Western Perspective,unknown,Unknown,165.0,"As fascinating as a real visit to the world's famous museums and architectural sites, GARDNER'S ART THROUGH THE AGES: THE WESTERN PERSPECTIVE gives you a comprehensive, beautifully illustrated tour of the world's great artistic traditions--plus all the study tools you need to excel in your art history course! Easy to read and understand, this 13th Edition of the most widely read history of art book in the English language is the only textbook that includes a unique ""scale"" feature (accompanying the book's photographs of paintings and other artworks) that will help you better visualize the actual size of the artworks shown in the book. Three levels of review including extended image captions, ""The Big Picture"" overviews at the end of every chapter, and a special global timeline will help you study for your exams. You'll also find materials that will help you master the key topics quickly in the ArtStudy Online (a free interactive study guide that includes flash cards of images and quizzes).","history, historical fiction, biography","history, historical fiction, biography | non-fiction",,non-fiction,1,1,2,151–250,1
18667958,26168246,Walter Potter's Curious World of Taxidermy,unknown,Unknown,155.0,"Welcome to Victorian taxidermist Walter Potter's fantasy world of rabbit schoolchildren, cigar-smoking squirrels and exemplary feline etiquette in Walter Potter's Curious World of Taxidermy... Walter Potter (1835-1918), a British country taxidermist of no great expertise, built anthropomorphic taxidermy tableaux that became famous icons of Victorian whimsy, including his masterpiece The Death & Burial of Cock Robin. His tiny museum in Bramber, Sussex, was crammed full of multi-legged kittens, two-headed lambs, and a bewildering assortment of curios. Potter's inspired and beguiling tableaux found many fans in the contemporary art world: it was reported that a PS1M bid by Damien Hirst to keep the collection intact was refused when the museum finally closed. Here, perhaps for the last time, many important pieces from the collection are showcased and celebrated with new photographs of Potter's best-loved works. Darkly witty and affecting, Walter Potter's Curious World of Taxidermy makes a charming, whimsical (and yes, slightly morbid) gift.","history, historical fiction, biography | non-fiction | young-adult","fiction | history, historical fiction, biography | fantasy, paranormal | children",non-fiction | young-adult,"fiction | fantasy, paranormal | children",5,3,4,151–250,3
25690719,45473272,Revenge Best Served Hot (Men of the Zodiac #6),eng,English,153.0,"Sign: Virgo He's all business...until he's all hers Brody Flynn waited years to get his revenge on Douglass Shipping for his parents' accidental deaths. Now the company is fumbling, profits are down, and it's the perfect time for a hostile takeover. Vengeance. But the former CEO's daughter Kate Douglass has other plans... Kate's been waiting for her chance to take on a real role at Douglass and prove to her family that she's not the fragile piece of glass they all think she is. There's no way she'll give up without a fight. All she has to do is convince the gorgeous new CEO to hire her...and notfall for him. But Brody was never supposed to feel attracted to the daughter of his enemy. He was never supposed to want her as hard as he does. And the only thing stronger than his hunger for revenge is his hunger for her...",romance,"fiction | romance | fantasy, paranormal | mystery, thriller, crime",,"fiction | fantasy, paranormal | mystery, thriller, crime",3,1,4,151–250,1
18272325,24700187,My Crazy Purple Pen,en-us,English,53.0,"Written in lively rhyming verse, this is a delightful and amusing story about a small boy and his mischievous purple pen. The boy's teacher, a Police Inspector, and even the Queen, become embroiled in the naughty pen's antics. What will the boy do about the trouble that his inky friend is causing him?",children | poetry,fiction | young-adult | children,poetry,fiction | young-adult,3,2,3,20–75,2
808101,794042,The Wars of the Roses,unknown,Unknown,106.0,"The vicious conflict between the English noble houses of York and Lancaster--known as the War of the Roses--marked the end of medieval England and the birth of the Renaissance. Here is a concise and fascinating study of that 30-year period, which recounts the secret plots, hidden romances, royal murders, great battles, political intrigues, and broken promises. Written by a popular and well-known military historian, it follows the collapse of the great Plantagenet dynasty, which had ruled all of England and much of France for more than 300 years, and the rise of the Tudors, destined to dominate British political life during the 16th century.","fiction | history, historical fiction, biography | non-fiction","fiction | history, historical fiction, biography | romance",non-fiction,romance,2,3,3,76–150,3
18319792,25818654,Out of Eden,eng,English,206.0,"In the time since his parents' divorce, Stony hasn't had much to say to his father. It's not just the embarrassing things his father does in public, like picking fights with strangers on the golf course, needling his ex-wife about the car she drives, and asking girls whether they're attracted to Stony. It's also that his father hasn't talked with him--even once--about his taste in books or girls, or about the painful stuff that has happened, like his grandmother being murdered, ""inexplicably,"" as Stony's psychiatrist says. Then it's summer, and whatever their relationship issues, Stony is headed for a New Hampshire vacation with his father, his sister, Molly, and his father's girlfriend, Sally. They plan to hike, watch movies at the condo, and visit the local caves. But at their very first stop to get a burger along the turnpike, Stony's father gets into an argument with a creepy-looking skinny guy and his huge friend. Sally calms Stony's father down, and the four of them drive away from the rest area-but not, it turns out, from the skinny guy and his friend. OUT OF EDEN is not just about the loss of innocence, it's about coming face-to-face with evil.","fiction | mystery, thriller, crime | young-adult",fiction | romance,"mystery, thriller, crime | young-adult",romance,3,3,2,151–250,3
26634201,45664556,Ophelia: Queen of Denmark,unknown,Unknown,159.0,"Following on from I AM JULIET (August 2014), this is the second title in a proposed new series for young people that focuses on the reinterpretation of Shakespeare's classic and enduring plays. Ages: 10+ She is the girl who will be queen: Ophelia, daughter of Denmarks lord chancellor and loved by Prince Hamlet. But while Hamlets family stab, poison or haunt one another, Ophelia plans a sensible rule, one filled with justice and the making of delicious cheeses. Even if she has to pretend to be mad to make it happen, Ophelia will let nothing, not even howling ghosts, stand in her way. This is Shakespeares play, but with what might also have happened behind the scenes. And this story has a happy ending. From Jackie French, one of Australias most respected and awarded authors and the Australian Childrens Laureate and 2015 Senior Australian of the Year, comes a book that reimagines the life of one of Shakespeares most intriguing female characters.","fiction | history, historical fiction, biography | fantasy, paranormal | young-adult | children","fiction | romance | mystery, thriller, crime | young-adult | children","history, historical fiction, biography | fantasy, paranormal","romance | mystery, thriller, crime",4,5,5,151–250,4+
15991537,3532896,Diari,cat,Non-English,117.0,"Despres de la invasio d'Holanda, els Frank, comerciants jueus alemanys emigrats a Amsterdam el 1933, es van amagar de la Gestapo en una mansarda connectada a l'edifici on el pare de l'Anna tenia les seves oficines. Eren vuit persones i van romandre-hi recloses des del juny de 1942 fins a l'agost de 1944. En aquell lloc i en les mes precaries condicions, l'Anna, una nena de tretze anys, va escriure el seu esgarrifos Diari: un testimoni unic en el seu genere sobre l'horror i la barbarie nazis, i sobre els sentiments i les experiencies que van viure ella mateixa i els seus acompanyants. L'Anna va morir al camp de Bergen-Belsen al marc de 1945. El seu Diarino morira mai.","fiction | history, historical fiction, biography | non-fiction | young-adult | children | comics, graphic","fiction | history, historical fiction, biography | mystery, thriller, crime","non-fiction | young-adult | children | comics, graphic","mystery, thriller, crime",5,6,3,76–150,4+
1959494,15496928,Elementary and Intermediate Algebra: A Combined Course,unknown,Unknown,106.0,"Algebra is accessible and engaging with this popular text from Charles ""Pat"" McKeague! ELEMENTARY AND INTERMEDIATE ALGEBRA is infused with McKeague's passion for teaching mathematics. With years of classroom experience, he knows how to write in a way that you will understand and appreciate. McKeague's attention to detail and exceptionally clear writing style help you to move through each new concept with ease. Real-world applications in every chapter of this user-friendly book highlight the relevance of what you are learning. And studying is easier than ever with the book's multimedia learning resources, including CengageNOW for ELEMENTARY AND INTERMEDIATE ALGEBRA, a personalized online learning companion.",non-fiction,"history, historical fiction, biography | non-fiction | comics, graphic",,"history, historical fiction, biography | comics, graphic",2,1,3,76–150,1
15942777,838097,The Penultimate Peril (A Series of Unfortunate Events #12),eng,English,110.0,"There is nothing to be found in the pages of these books but misery and despair. You still have time to choose something else to read. But if you must know what unpleasantries befall the charming and clever Baudelaire children, read on... Sadly this next-to-last chronicle of the lives of the Baudelaire orphans, and it is next-to-first in its supply of unpleasantness. Probably the next-to-last things you would like to read about are a harpoon gun, a rooftop sunbathing salon, two mysterious initials, three unidentified triplets, a notorious villain and an unsavoury curry. Next-to-last things are the first thing to be avoided!","fiction | fantasy, paranormal | mystery, thriller, crime | young-adult | children","fiction | history, historical fiction, biography | non-fiction | fantasy, paranormal | mystery, thriller, crime | young-adult | children",,"history, historical fiction, biography | non-fiction",2,5,7,76–150,4+
480234,468632,The Mysterious Miss M,eng,English,99.0,"THE REGENCY UNDERWORLD -- SEX, SCANDAL AND REDEEMING LOVE The Mysterious Miss M is a living male fantasy -- alluring, sensual, masked. But when Lord Devlin Steele finds himself responsible for her -- and her child -- he comes to know the real Maddy: the loving, passionate woman who drives away the nightmares of the Waterloo battlefield. But the aristocratic soldier can't support his new family. He will inherit his fortune only on marriage to a suitable lady -- and Maddy is far from suitable. With the dangers of London's underworld closing in, how can he protect the woman he has come to love?","fiction | history, historical fiction, biography | romance | children","fiction | history, historical fiction, biography | romance | mystery, thriller, crime",children,"mystery, thriller, crime",2,4,4,76–150,4+
18405420,26040242,"Lee Harvey Oswald: 48 Hours to Live: Oswald, Kennedy, and the Conspiracy that Will Not Die",unknown,Unknown,164.0,"What did Lee Harvey Oswald do in the 48 hours after he shot President John F. Kennedy? This riveting companion to the upcoming History Channel documentary follows Oswald in the immediate aftermath of the assassination, searching for the answers to the questions that have troubled America for a half century: Did he actually pull the trigger? Was he alone? And if so, why? Steven M. Gillon, Scholar-in-Residence at the History Channel, explores the possibility that Cuban intelligence officials may have encouraged Oswald to commit the crime and promised to help him escape. Gillon recreates in painstaking detail the long interrogation sessions and reveals that many of the police officers who witnessed the sessions were convinced that Oswald had received special training. He was simply too good at deflecting questions, too smart, too confident. With new information from recently declassified documents, and revealing photos and documents, these pages offer a refreshingly new and complicated portrait of the man who assassinated President John F. Kennedy.","history, historical fiction, biography | non-fiction | mystery, thriller, crime","history, historical fiction, biography | non-fiction | mystery, thriller, crime",,,0,3,3,151–250,3
2278835,2949432,"The Manitou (Manitou, #1)",unknown,Unknown,127.0,"It only grows at night. Karen Tandy was a sweet and unassuming girl until she discovers the mysterious lump growing underneath her skin. As the doctors and specialists are puzzling over the growth, Karen`s personality is beginning to drastically change. The doctors decide there is only one thing to do, cut out the lump. But then it moved. Now a chain reaction has begun and everyone who comes in contact with Karen Tandy understands the very depths of terror. Her body and soul are being taken over by a black spirit over four centuries old. He is the remembrance of the evils the white man has bestowed on the Indian people and the vengeance that has waited four hundred years to surface. He is the Manitou.","fiction | history, historical fiction, biography | fantasy, paranormal | mystery, thriller, crime","fiction | history, historical fiction, biography | romance | mystery, thriller, crime","fantasy, paranormal",romance,2,4,4,76–150,4+
13356206,18583429,The Book of Tormod #3: A Templar's Destiny,unknown,Unknown,144.0,"The final book in Kat Black's historical fantasy trilogy!Tormod MacLeod's brother, Torquil, has been captured and locked in a dungeon hidden in the depths of the French royal castle. Tormod and Aine journey to France, hoping to save him, but the search is proving more difficult than they ever imagined--and getting out alive seems impossible. Meanwhile, they must stop the wicked plot that King Philippe le Bel has put in motion to destroy the Knights Templar from within. Their journey takes them all the way to the French court, where they meet the enchanting Princess Isabella. She has her eye on Tormod, and Aine notices. Their chances of accomplishing all they've set out to do while keeping the power of the Holy Vessel from being exposed to the world are slim, and in the end, Tormod has a devastating decision to make.","fiction | history, historical fiction, biography | fantasy, paranormal | young-adult","fiction | history, historical fiction, biography | romance | fantasy, paranormal | mystery, thriller, crime | young-adult",,"romance | mystery, thriller, crime",2,4,6,76–150,4+
5997039,17291848,Hostage (Star Wars: Rebel Force #2),en-us,English,111.0,"The deadly assassin contracted by the Empire, X-7, is closer than ever to discovering the identity of his target. He's already infiltrated the top levels of the Rebel Alliance and gained Leia's trust. But he still hasn't been able to get Leia to give up the classified information he needs. After all, Leia Organa is unbreakable: the youngest, toughest member of the Galactic Senate, and after its dissolution, the fiercest opponent of the Empire. She's survived kidnapping and torture under Darth Vader, but she's never had to do anything more difficult than her latest mission. She is going home. And X-7 knows it will be the perfect opportunity to destroy her.","fiction | history, historical fiction, biography | fantasy, paranormal | young-adult | children","fiction | history, historical fiction, biography | romance | fantasy, paranormal | mystery, thriller, crime | young-adult",children,"romance | mystery, thriller, crime",3,5,6,76–150,4+
28789706,48998604,The Fall Guy,en-us,English,127.0,"It is summer, 2012. Charlie, a wealthy banker with an uneasy conscience, invites his troubled cousin Matthew to visit him and his wife in their idyllic mountaintop house. As the days grow hotter, the friendship between the three begins to reveal its fault lines, and with the arrival of a fourth character, the household finds itself suddenly in the grip of uncontrollable passions. As readers of James Lasdun's acclaimed fiction can expect, The Fall Guyis a complex moral tale as well as a gripping suspense story, probing questions of guilt and betrayal with ruthless incisiveness. Who is the real victim here? Who is the perpetrator? And who, ultimately, is the fall guy? Darkly vivid, with an atmosphere of erotic danger, The Fall Guyis Lasdun's most entertaining novel yet.","fiction | mystery, thriller, crime","fiction | history, historical fiction, biography | romance | mystery, thriller, crime",,"history, historical fiction, biography | romance",2,2,4,76–150,2
92916,2960451,"Shards Of A Broken Crown  (The Serpentwar Saga, #4)",en-gb,English,130.0,"THE DEMON IS NO MORE The enemy has been routed, yet peace still eludes the Kingdom. Midkemia lies in smouldering ruins following the Demon King's siege. Many lives have been lost, including that of the brave James, Duke of Krondor. As the people turn their hands to rebuilding their once great nation, a new threat arises from the ashes of war: the fearsome Fadawah, former Commanding General of the Army of the Emerald Queen. He has grasped the fallen reins of command and seeks to forge a personal empire out of the wreckage of the Western Realm. And so it falls to two young men - Jimmy and Dash - grandsons of the late Duke, to gather together the shards of the broken crown and resurrect the Kingdom to its former glory.","fiction | fantasy, paranormal","fiction | romance | fantasy, paranormal | mystery, thriller, crime | comics, graphic",,"romance | mystery, thriller, crime | comics, graphic",3,2,5,76–150,2
4815816,4880945,Maxwell's Curse,en-gb,English,40.0,"Peter Maxwell is about to celebrate the millennium, the mathematically and historically correct one, that is Dec 2000. But he finds a frozen corpse on his own doorstep and when he begins to investigate he stumbles into a spot of witchcraft.","mystery, thriller, crime","fiction | fantasy, paranormal | comics, graphic","mystery, thriller, crime","fiction | fantasy, paranormal | comics, graphic",4,1,3,20–75,1
23635499,10682652,The Story of Saiunkoku 01,ind,Non-English,90.0,"Shuurei Kou adalah seorang gadis yang besar di Klan Kou, salah satu klan ternama di Saiunkoku. Walaupun kedudukannya adalah putri Klan Kou, keuangan keluarganya jarang sekali beranjak dari bawah garis minus. Akibatnya, hari-hari Shuurei diisi dengan melakukan berbagai pekerjaan. Suatu hari, datanglah tawaran pekerjaan sebagai tutor pembimbing""kaisar muda nan payah"", dengan imbalan sebesar 500 ryo emas. Tanpa pikir panjang, Shuurei segera menyambar tawaran itu. Tapi ternyata dia harus tinggal di dalam istana keputrian selama masa tugasnya... Apa yang terjadi selanjutnya?! Inilah bagian pertama kisah pergelutan seorang putri yang menakjubkan!!","fiction | history, historical fiction, biography | romance | fantasy, paranormal | young-adult | comics, graphic",fiction | young-adult | children,"history, historical fiction, biography | romance | fantasy, paranormal | comics, graphic",children,5,6,3,76–150,4+
24705863,24242135,One Step Too Far,eng,English,161.0,"The #1 international bestseller reminiscent of After I'm Gone, Sister, Before I Go to Sleep,and The Silent Wife--an intricately plotted, thoroughly addictive thriller that introduces a major new voice in suspense fiction--a mesmerizing and powerful novel that will keep you guessing to the very end. No one has ever guessed Emily's secret. Will you? A happy marriage. A beautiful family. A lovely home. So what makes Emily Coleman get up one morning and walk right out of her life--to start again as someone new? Now, Emily has become Cat, working at a hip advertising agency in London and living on the edge with her inseparable new friend, Angel. Cat's buried any trace of her old self so well, no one knows how to find her. But she can't bury the past--or her own memories. And soon, she'll have to face the truth of what she's done--a shocking revelation that may push her one step too far. . . .","fiction | mystery, thriller, crime","fiction | romance | mystery, thriller, crime",,romance,1,2,3,151–250,2
13741121,19374544,Sakura,unknown,Unknown,81.0,"This is a story about a good man who loves two women. He lives the good life of a respected professor in a quiet college town on the United States west coast. He loves his wife, his cottage garden and his academic routine. He is content. But when his new Japanese graduate assistant's mother visits her son from Japan, the professor's world is turned upside down. Memories that he thought he had forgotten or suppressed flood back, and his tranquility vanishes.",fiction | romance,fiction | romance,,,0,2,2,76–150,2
16611764,7165488,"Chanslös (Parasol Protectorate, #2)",swe,Non-English,138.0,"Alexia Tarabotti, numera Lady Maccon, trivs i sin nya tillvaro som fru till Conall Maccon, Londonvarulvarnas alfa. Men hennes idylliska tillvaro stors snart da varulvsregementet atervander fran utlandet och slar ner sina taltpinnar pa hennes grasmatta. samtidigt sveper en farsot in over London, och den paverkar stadens overnaturliga invanare pa ett skrammande satt. Pa order av drottningen fattar Alexia sitt parasoll, gar ombord pa ett luftskepp och ger sig av mot Skottland, ursinniga varulvar och en marklig egyptisk mumie. Men det verkar som om nagon helst ser att hon inte nar sin destination och Alexia maste inse att det finns situationer som inte ens en kopp te kan radda! Chanslos ar andra delen i Gail Carrigers charmiga och humoristiska steampunkserie om den sjallosa Alexia Tarabotti. Det ar en spannande steampunkroman fylld av humor, romantik, oronmuffar, haggis och luftskepp.","fiction | history, historical fiction, biography | romance | fantasy, paranormal | mystery, thriller, crime | young-adult","fiction | history, historical fiction, biography | romance","fantasy, paranormal | mystery, thriller, crime | young-adult",,3,6,3,76–150,4+
386208,1178545,The Sex Life Of My Aunt,en-gb,English,93.0,"Lovely home, lovely husband, lovely family: apart from the envy of her less content sister, everything in Dilys's rags-to-riches life is lovely, lovely, lovely. Until the day she meets a man at a railway station who is also--lovely. As Dilys hurtles toward her destruction-- her liberation--she discovers that deceit is in the blueprint of our birth, that ancient aunts have their own dark secrets, that envious sisters have their reasons, and that when brief encounters meet basic instincts, the right choice, like truth, is rarely pure and never simple.",fiction | romance | young-adult,"fiction | history, historical fiction, biography | romance | mystery, thriller, crime",young-adult,"history, historical fiction, biography | mystery, thriller, crime",3,3,4,76–150,3
18750549,6527274,"Çöl Mızrağı (Demon Cycle, #2)",tur,Non-English,255.0,"BAZEN KARANLIKTAN KORKMAK ICIN COK IYI BIR SEBEP VARDIR! Gunes insanligin uzerinde batmaktadir. Gece artik gunes batarken yerden yukselen obur iblislere aittir. Yaratiklar, kadim ve yari yariya unutulmus guc sembollerinin arkasina saklanmak zorunda kalan ve sayisi gittikce azalan insan nufusunu avlamaya devam etmektedir. Muhafaza denen bu guc sembolleri, yalnizca iblisleri uzakta tutmaya yaramaktadir, fakat efsanelerde bir Kurtaricidan soz edilmektedir: bir zamanlar tum insanligi tek bir cati altinda toplayip iblisleri yenilgiye ugratan, kimilerinin peygamber dedigi bir generalden. Ancak o gunler, gercekten yasanmissa bile, cok gerilerde kalmistir. Iblisler geri donmustur ve Kurtaricinin geri donusu sadece bir masaldan ibarettir yoksa degil midir? Collerin hakimi, Krasianin savasci kabilelerini iblis katili bir orduya donusturen Ahmann Jardirdir. Kendini SharDama Ka, yani Kurtarici ilan eden Jardir, bu iddiasini destekleyen kadim silahlar bir mizrak ve bir tac tasimaktadir. Ancak kuzeyliler, baska birini Kurtarici kabul etmistir. Kurtaricilarinin adi Arlendir, ancak herkes onu artik Dovmeli Adam olarak tanimaktadir: Derisindeki muhafaza dovmeleriyle tum iblislere karsi koyabilecek guce erismis olan karanlik, korkutucu bir figur. Dovmeli Adam kendisinin Kurtarici oldugunu reddeder, ancak yaptiklari bunun aksini soylemektedir. Bir zamanlar SharDama Ka ve Dovmeli Adam ayni saflarda dovusmusler, dost olmuslardir. Simdiyse birbirlerinin can dusmanlaridirlar. Onlarin arasinda ise, insana has dayanma gucunun sinirlarina itilmis genc ve guzel bir kadin olan Renna; muhafaza yapma yetenekleri Dovmeli Adaminkileri bile asan gururlu ve guzel sifaci Leesha; ve tekinsiz muzigiyle iblisleri yatistirabilen ya da onlari delirtip birbirlerine saldirtabilen gezgin kemanci Rojer bulunmaktadir. Ancak, eski ittifaklar sinanip yenileri kurulurken, hepsi onceki yaratiklarin tumunden daha zeki ve daha olumcul olan yeni bir iblis turunun ortaya cikisindan habersizdir.","fiction | romance | fantasy, paranormal","fiction | history, historical fiction, biography | non-fiction | fantasy, paranormal | mystery, thriller, crime | comics, graphic",romance,"history, historical fiction, biography | non-fiction | mystery, thriller, crime | comics, graphic",5,3,6,251+,3
1595767,1588859,Gaveston,unknown,Unknown,186.0,"A brilliant retelling of a true medieval tale that has entered gay mythology.""What Hunt has done is no less than the finest of literature: creating myth, in its most powerful form, whose vision enriches us"" -- John Preston ""Chris Hunt has carved out a comfortable niche as the author of highly readable historical epics set against a well-researched background"" -- Gay times, London ""First of all, let it be set down that Piers Gaveston was the most beautiful creation on God's earth, and if it had not been so, his joys and his pains would have been in proportion the less. Set it down that Gaveston had eyes as green as emeralds, and a smile that dazzled like the sun.."". And so Edward II begins the famous tale of his excellent Gaveston. They were young lovers blinded by dreams of Camelot and knights in shining armor, but caught in a web of courtly jealousy and prejudice that eventually destroyed them both. Their story has inspired writers and dramatists from Christopher Marlowe to Derek Jarman, and is recreated here in Chris Hunt's inimitable and well-researched style.","fiction | history, historical fiction, biography | romance","fiction | history, historical fiction, biography | romance",,,0,3,3,151–250,3
7120569,1766847,"Love Only Once - Cinta Sejati Seumur Hidup (Mallory Family, # 1)",ind,Non-English,182.0,"Regina Ashton, atau Reggie, tidak berminat lagi menghadiri pesta-pesta dansa untuk mencari jodoh. Ia berjanji kalau pesta dansa ini adalah yang terakhir baginya. Semua laki-laki yang dipilihnya selalu ditolak mentah-mentah oleh keempat pamannya yang sangat menyayanginya. Namun, pada malam itu, tanpa sengaja Reggie diculik oleh Nicholas Eden, seorang playboy tampan dan sombong. Reggie yang terpesona oleh ketampanan Nicholas dan sikapnya yang mirip dengan perpaduan keempat pamannya, memutuskan untuk membuat Nicholas menjadi suaminya. Namun, Nicholas hanya ingin menjadi kekasih Reggie walaupun ia harus mengakui kalau Reggie berbeda dengan wanita pada umumnya dan telah mencuri hatinya. Skandal penculikan itu memaksa mereka untuk bersama. Namun, kebersamaan mereka terenggut oleh sikap kasar Nicholas yang menyakiti Reggie. Masa lalu Nicholas yang kelam dan kesalahpahaman yang terjadi di antara mereka menjadi halangan bagi mereka untuk bersatu. Ketika akhirnya menyadari bahwa Reggie adalah cinta sejatinya, mampukah Nicholas menyembuhkan luka hati Reggie dan menjelaskan masa lalunya yang mungkin akan membuat Reggie berpaling darinya? Dan mampukah Reggie menerima Nicholas setelah semua perlakuan buruknya? Nicholas harus berusaha memenangkan hari Reggie kembali karena ia hanya mampu mencintai sekali seumur hidupnya.","fiction | history, historical fiction, biography | romance","fiction | history, historical fiction, biography | romance | fantasy, paranormal | mystery, thriller, crime | young-adult",,"fantasy, paranormal | mystery, thriller, crime | young-adult",3,3,6,151–250,3
19269544,19198861,The Fundamentals of Caring,unknown,Unknown,231.0,"Benjamin Benjamin has lost virtually everything-his wife, his family, his home, his livelihood. With few options, Ben enrolls in a night class called The Fundamentals of Caregiving in the basement of a local church. There Ben is instructed in the art of inserting catheters and avoiding liability, about professionalism, and how to keep physical and emotional distance between client and provider. But when Ben is assigned to tyrannical nineteen-year-old Trev, in the advanced stages of Duchenne Muscular Dystrophy, he soon discovers that the endless mnemonics and service plan checklists have done little to prepare him for the reality of caring for a fiercely stubborn, sexually frustrated adolescent with an ax to grind with the world at large. Though begun with mutual misgivings, the relationship between Trev and Ben evolves into a close camaraderie and the traditional boundaries between patient and caregiver begin to blur as they embark on a road trip across the American West to visit Trev's ailing father. A series of must-see roadside attractions sidetrack them into an adventure highlighted by one birth, two arrests, a freakish dust storm, and a six-hundred-mile cat-and-mouse pursuit by a mysterious brown Buick Skylark. Bursting with energy, The Revised Fundamentals of Caregivingis a big-hearted, soulful, and inspired novel that ponders life's terrible surprises and the heart's uncanny capacity to mend and become whole again.",fiction | young-adult,"fiction | fantasy, paranormal | mystery, thriller, crime",young-adult,"fantasy, paranormal | mystery, thriller, crime",3,2,3,151–250,2
6523489,106385,"Una mujer rebelde (Splendid Trilogy, #3)",spa,Non-English,159.0,"William Dunford, el soltero mas escurridizo de Londres, recibe una noticia que lo dejara sin habla: ha heredado un titulo y la finca que lo acompana, bienes que cambiaran su vida, pero no se imagina hasta que punto. Porque resulta que Henry, el administrador de la propiedad, es en realidad Henrietta Barrett, una mujer bella y tenaz que jamas se ha adaptado a las normas de la sociedad. A pesar de la muerte de su tutor, la joven no desea cambiar en lo mas minimo su estilo de vida, por lo que esta dispuesta a enviar al nuevo propietario de regreso a la ciudad lo antes posible. Sin embargo, el apuesto William tiene tambien su ambicioso proyecto: convertir a Henry en toda una dama, a pesar de que parece tener escasas posibilidades de lograrlo. Lo que comienza como un juego para el hombre que nunca cedio por completo ante ninguna mujer, hara tambalear sus creencias y sentimientos mas profundos.","fiction | history, historical fiction, biography | romance","fiction | history, historical fiction, biography | romance | non-fiction",,non-fiction,1,3,4,151–250,3
26124639,44095678,Doctor Who: The Time Lord Letters,en-us,English,202.0,"Aunique collection of more than 100 never-before-seen letters, notes, and jottings both by and to the Doctor--correspondence by turns entertaining and inspiring, funny and flippant, brilliant and incredible drawn from all fifty-two years of the show. No one could travel through history--past present and future--as much as the Doctor does without leaving an impression. Much of what we know about this mysterious figure comes from what he does-- the planets he saves and the monsters he defeats. But until now we've had little knowledge of his writings. These rich and diverse documents paint an extraordinarily detailed picture of the Doctor and include his plea to the Time Lords to help end the War Games, an extract from the written defense he submitted at his subsequent trial, his application for the post of Caretaker at Coal Hill School, his apology to the Queen for missing dinner, even telepathic messages to the High Council on Gallifrey and his famous letter to Santa Claus. Like the Doctor himself, the mood can change in an instant. The Time Lord Letterscaptures the best and most dramatic moments of an impossible life. You'll never see the Doctor in quite the same way again.","fiction | romance | non-fiction | fantasy, paranormal | mystery, thriller, crime","fiction | history, historical fiction, biography | fantasy, paranormal | young-adult | children","romance | non-fiction | mystery, thriller, crime","history, historical fiction, biography | young-adult | children",6,5,5,151–250,4+
6987171,2796040,"Tempt Me with Darkness (Doomsday Brethren, #1)",eng,English,193.0,"He's an immortal knight hungering for satisfaction....As soon as Marrok sees Olivia Gray's dark windswept hair and burning violet eyes, he's sure they've met in eons past. He's felt her soft gentle curves writhing in pleasure beneath his own hard powerful body...Morganna! For centuries, towering Marrok, once the mightiest of King Arthur's warriors, has endured a terrible curse cast upon him when he spurned the witch. She's a modern woman about to discover ancient magic.... Olivia shares a mystical and irresistible connection with brooding Marrok. Soon after the sexy warrior appears in her erotic dreams, he abducts her, demanding she uncurse him. Their intense passion is more powerful and intimate than either of them has ever known. Olivia may be the key to unlocking the diary that will break Morganna's hold on his life. But in the wrong hands, the book also holds the power to destroy all magickind. As they search for answers, a ruthless wizard returned from exile is building an army of evil. When he discovers Marrok and Olivia have the diary, only their love with the help of a powerful group of magical Brethren can save them.","fiction | romance | fantasy, paranormal","fiction | romance | fantasy, paranormal | young-adult | children",,young-adult | children,2,3,5,151–250,3
8312586,13161744,Sonrası Kalır II - Bütün Şiirleri,tur,Non-English,31.0,"""Doganin bana verdigi bu odulden Cildirip yitmemek icin Iki insan gibi kaldim Birbiriyle konusan iki insan"" ... ""Ve iste bir dip baligi su boslugunda Cirparaktan yuzgeclerini Hic kimseye uymayan bir mevsim oneriyor""",fiction | poetry,fiction | romance | non-fiction,poetry,romance | non-fiction,3,2,3,20–75,2
34431200,55537459,Worked Hard (Eye Candy Handyman #2),eng,English,150.0,"Garrett is the biggest manwhore at Eye Candy Handymen. He swore he'd never fall in love, preferring variety over a mundane relationship. But everything changes when Barbie, the drop-dead gorgeous owner of a co-ed strip club, hires him for a ""special"" project. Garrett never thought he could find someone with a bigger sexual appetite than him, but Barbie delivers more than he may be able to handle. Will Garrett be able to admit there's only one woman for him and give up his manwhoring ways? DON'T SLEEP WITH THE CLIENTS--it's an unwritten rule and one Garrett is more than happy to break. Warning: Worked Hard is a filthy short story, filled with passion, threesomes, foursomes, and lots of hotness. If you want a story with condoms, suspense, and safe lovemaking...move on. If you're looking for something hot and dirty, Falon & Nix Stone are about to deliver.",fiction | romance,romance,fiction,,1,2,1,76–150,2
221550,214538,"Modern Love: 50 True and Extraordinary Tales of Desire, Deceit, and Devotion",unknown,Unknown,232.0,"50 Irresistible True Accounts of Love in the Twenty-first Century. A young woman wryly describes a relationship that races from start to finish almost entirely via text messages. A Casanova is jilted after an idyllic three weeks and learns the hard way that the woman is, well, just not that into him. An overweight woman in a sexless marriage wrestles with the rules of desire. A young man recounts the high-wire act of sharing the woman he loves with both her husband and another boyfriend. A female sergeant in the Missouri National Guard, fresh from Iraq, tells what she is not supposed to tell about the woman she is not allowed to love. These are just a few of the people whose stories are included in Modern Love, a collection of the fifty most revealing, funny, stirring essays from the New York Times's popular ""Modern Love"" column. Editor Daniel Jones has arranged these tales to capture the ebb and flow of relationships, from seeking love and tying the knot to having children and finding love that endures. (Cynics and melancholics can skip right to the section on splitting up.) Taken together, these essays show through a modern lens how love drives, haunts, and enriches us. For anyone who's loved, lost, stalked an ex, or made a lasting connection, and for the voyeur in all of us, Modern Loveis the perfect match.",romance | non-fiction,"fiction | history, historical fiction, biography | romance",non-fiction,"fiction | history, historical fiction, biography",3,2,3,151–250,2
27634795,19234046,Twilight of the Idols: How to Philosophize with a Hammer,unknown,Unknown,260.0,"Twilight of the Idols Friedrich Nietzsche d104 prepared from the original German and the translations by Walter Kaufmann and R.J. Hollingdale Twilight of the Idols, or, How to Philosophize with a Hammer (German: GOtzen-DAmmerung, oder, Wie man mit dem Hammer philosophirt) is a book by Friedrich Nietzsche, written in 1888, and published in 1889. Twilight of the Idols was written in just over a week, between 26 August and 3 September 1888, while Nietzsche was on holiday in Sils-Maria. As Nietzsche's fame and popularity was spreading both inside and outside Germany, he felt that he needed a text that would serve as a short introduction to his work. Originally titled A Psychologist's Idleness, it was renamed Twilight of the Idols or How to Philosophize with a Hammer. The latter title, GOtzen-DAmmerung in German, is a pun on the title of Richard Wagner's opera, GOtterdAmmerung, or 'Twilight of the Gods'. GOtze is a German word for ""idol"" or ""false god."" Walter Kaufmann has suggested that in his use of the word Nietzsche might be indebted to Francis Bacon. Nietzsche criticizes German culture of the day as unsophisticated and nihilistic, and shoots some disapproving arrows at key French, British, and Italian cultural figures who represent similar tendencies. In contrast to all these alleged representatives of cultural ""decadence,"" Nietzsche applauds Caesar, Napoleon, Goethe, Thucydides and the Sophists as healthier and stronger types. The book states the transvaluation of all values as Nietzsche's final and most important project, and gives a view of antiquity wherein the Romans for once take precedence over the ancient Greeks.","fiction | history, historical fiction, biography | non-fiction","history, historical fiction, biography | non-fiction | comics, graphic",fiction,"comics, graphic",2,3,3,251+,3
630064,613161,Sarah Bishop,eng,English,57.0,"Left alone after the deaths of her father and brother, who take opposite sides in the War of Independence, Sarah Bishop flees from the British who seek to arrest her and struggles to shape a new life for herself in the wilderness. ""An engrossing story with a vital lesson on the meaning of Tunalienable rights.'"" -- Publishers Weekly","fiction | history, historical fiction, biography | young-adult | children","fiction | history, historical fiction, biography | romance",young-adult | children,romance,3,4,3,20–75,4+
30972020,46159896,Living with Postcards,eng,English,101.0,"Alternate Cover Edition for  This fully colour-illustrated non-fiction book describes my close relationship with old postcards. I have collected them since the 1970s and now own over two thousand of these charming, beautiful, quirky, historical items. I started fanatically collecting them whilst writing my thesis on Fantasy in Postcards at art college, where I was studying for a graphic design degree. My thesis won me a first with distinction, whereas my graphic art annoyingly gained me only a 2:2. All the cards in this fully colour-illustrated book are from my own large collection. A perfect present from the past.",non-fiction,fiction,non-fiction,fiction,2,1,1,76–150,1
21972673,8272,Tender Is the Night,eng,English,82.0,"Set on the French Riviera in the late 1920s, Tender Is the Night is the tragic romance of the young actress Rosemary Hoyt and the stylish American couple Dick and Nicole Diver. A brilliant young psychiatrist at the time of his marriage, Dick is both husband and doctor to Nicole, whose wealth goads him into a lifestyle not his own, and whose growing strength highlights Dick's harrowing demise. A profound study of the romantic concept of character - lyrical, expansive, and hauntingly evocative.","fiction | history, historical fiction, biography | romance",fiction | romance,"history, historical fiction, biography",,1,3,2,76–150,3
131081,126253,Dark Horse,unknown,Unknown,147.0,"Edward Nicholas Quinn, an obscure New Jersey highway official, had suddenly become a Presidential candidate. Not a serious contender, of course. He was the compromise choice of the National Committee after the sudden death of the party's original nominee. With only three weeks left before the election, no one considered him more than an inoffensive figurehead. But Eddie Quinn was nobody's figurehead. If he couldn't win, he could at least shake things up. Proposing ideas that would reallybenefit the minorities, the young, women, and the long-abused working man, he quickly lost the backing of the party's well-heeled supporters and won the admiration of millions of voters. His refreshingly unorthodox campaign, the twists of fate that test Eddie's influence and integrity, the suspense of a long election night - Fletcher Knebel weaves these elements into a timely and engrossing novel of politics and power in America today.","fiction | mystery, thriller, crime","fiction | fantasy, paranormal | comics, graphic","mystery, thriller, crime","fantasy, paranormal | comics, graphic",3,2,3,76–150,2
1712649,787930,Cop Killer (Martin Beck #9),unknown,Unknown,135.0,"Au fin fond de la campagne suedoise, un cadavre de femme est retrouve dans un marecage. C'est la personnalite de son voisin qui interesse particulierement la police. Mais comme souvent, les apparences sont trompeuses et les prejuges tenaces. C'est alors qu'une fusillade oppose des flics a des adolescents. L'un des policiers decede et Malm organise la chasser a l'ado survivant. Les methodes employees montrent que la militarisation des forces de police a bel et bien commence. Martin Beck et Lennart Kollberg sont sur les deux affaires. Plonges dans une ambiance provinciale peu familiere, ils vont croiser une vielle connaissance, que tout designe comme un coupable ideal. Les appels au lynchage, la mediocrite de la presse, la cretinerie des flics de base menacent de faire degenerer la situation. Ecoeure, Lennart Kollberg decide de quitter la police.","fiction | mystery, thriller, crime","fiction | mystery, thriller, crime",,,0,2,2,76–150,2
34961616,56223493,Heart Spring Mountain,eng,English,249.0,"In this evocative first novel, a young woman returns to her rural Vermont hometown in the wake of a devastating storm to search for her missing mother and unravel a powerful family secret It's August 2011, and Tropical Storm Irene has just wreaked havoc on Vermont, flooding rivers and destroying homes. One thousand miles away--while tending bar in New Orleans--Vale receives a call and is told that her mother, Bonnie, has disappeared. Despite a years-long estrangement from Bonnie, Vale drops everything and returns home to look for her. Though the hometown Vale comes back to is not the one she left eight years earlier, she finds herself falling back into the lives of the family she thought she'd long since left behind. As Vale begins her search, the narrative opens up and pitches back and forth in time to follow three generations of women--a farming widow, a back-to-the-land dreamer, and an owl-loving hermit--as they seek love, bear children, and absorb losses. All the while, Vale's search has her unwittingly careening toward a family origin secret more stunning than she ever imagined. Written with a striking sense of place, Heart Spring Mountainis an arresting novel about returning home, finding hope in the dark, and of the power of the land--and the stories it harbors--to connect and to heal. It's also an absorbing exploration of the small fractures that can make families break-and the lasting ties that bind them together.","fiction | history, historical fiction, biography","fiction | history, historical fiction, biography | romance | mystery, thriller, crime",,"romance | mystery, thriller, crime",2,2,4,151–250,2
9613666,11169086,"Las aventuras de Uuk y Gluk, cavernícolas del futuro y maestros de kung fu:",unknown,Unknown,99.0,"!Aqui estan Uuk y Gluk, las estrellas de esta graciosisima novela grafica de los creadores del Capitan Calzoncillos! Es el ano 500.000 a.C., y Caverlandia, Ohio, el apacible pueblo de Uuk y Gluk, es atacado por la corporacion mas malvada del mundo, que ha venido desde el futuro para invadir el pasado. A traves de un misterioso portal del tiempo, los chicos y su amigo dinosaurio, Lily, llegan al ano 2.222, y luego conocen a un experto en artes marciales que les ensena kung fu. !Ahora solo tienen que viajar al pasado, 502.223 anos para ser exactos, y salvar al mundo!","fiction | history, historical fiction, biography | fantasy, paranormal | young-adult | children | comics, graphic","fiction | romance | fantasy, paranormal | mystery, thriller, crime | young-adult","history, historical fiction, biography | children | comics, graphic","romance | mystery, thriller, crime",5,6,5,76–150,4+
1054912,1041458,A Scandalous Affair,eng,English,85.0,"A dynamic Washington D.C. activist, Samantha Montgomery faces the controversy of a lifetime when she agrees to help handsome civil rights attorney Chad Rushmore take on a landmark police brutality suit. Not only does their sudden, fiery attraction endanger the already-turbulent case, but it puts Samantha at heartbreaking odds with her attorney sister, Simone. With both family and a cause at stake, Samantha must walk a dangerous line between passion and loyalty, duty and desire... to discover the most fulfilling love of all.",romance,"fiction | romance | mystery, thriller, crime",,"fiction | mystery, thriller, crime",2,1,3,76–150,1
18806290,1324493,تماثيل الوحوش الزجاجية,unknown,Unknown,56.0,"Abandoned by her husband, Amanda Wingfield comforts herself with recollections of her earlier, life in Blue Mountain when she was pursued by 'gentleman callers'. Her son Tom, a poet with a job in a warehouse, longs for adventure and escape from his mother's suffocating embrace, while Laura, her daughter, has her glass menagerie and her memories.","fiction | history, historical fiction, biography | romance | poetry",fiction | romance,"history, historical fiction, biography | poetry",,2,4,2,20–75,4+
186778,180550,Affair of Risk,eng,English,109.0,"A strange flash of elemental recognition arced between them. The shock was staggering. Kendra Loring gasped as she met the full force of Case Garrett's night-dark gaze. Yet they had never met! And once she finished her business, she promised herself, they would never meet again. Danger and darkness lurked just beneath the glittering surface of the elegant Lake Tahoe casino. Kendra had sworn that no man would take advantage of her again. If she let herself go, if she fell under his mesmerizing spell for just one minute, the stakes would be impossibly high, and she would be gambling far more than she could afford to lose.","fiction | history, historical fiction, biography | romance | fantasy, paranormal | mystery, thriller, crime","fiction | romance | fantasy, paranormal | mystery, thriller, crime","history, historical fiction, biography",,1,5,4,76–150,4+
17790763,24883002,The ETA from You to Me,eng,English,39.0,"In which Derek drives a tow truck and Stiles is the weekend dispatcher who attempts to woo him with his lack of a brain-to-mouth filter and affinity for run-on sentences. (16 chapters and 105,439 words). Reposted to AO3!","fiction | romance | fantasy, paranormal",fiction | non-fiction,"romance | fantasy, paranormal",non-fiction,3,3,2,20–75,3
2379488,2386497,Crazy for You 3,jpn,Non-English,106.0,"Sachi Takamura e una diciassettenne allegra e dall'animo innocente, che non ha mai avuto un ragazzo. Le cose sembrano sul punto di cambiare quando, a furia di imbattersi piu o meno casualmente in Yukihiro Miyamoto, finisce col prendersi una bella cotta per lui. La sua migliore amica, pero, la mette in guardia: pare che dietro a quel viso dolce e a quei modi di fare gentili si nasconda in realta un dongiovanni impenitente! Ora che le carte sono tutte in tavola, i destini di Sachi, Akemi, Yuki e Akahoshi si avviano verso un cammino comune... E quale palcoscenico migliore se non una gita nella romantica Kyoto?","romance | young-adult | comics, graphic","fiction | romance | mystery, thriller, crime","young-adult | comics, graphic","fiction | mystery, thriller, crime",4,3,3,76–150,3
25271324,589497,Fiesta,ita,Non-English,110.0,"Pubblicato nel 1926, Fiesta ebbe un successo immediato, collocando Hemingway tra i piu ammirati scrittori di quella che Gertrude Stein defini la ""generazione perduta"". Romanzo per quei tempi di palpitante attualita, per le situazioni che descrive e per i riferimenti alle burrascose inquietudini di un gruppo di emigrati internazionali. Fiestatratteggia l'intensa suggestione dell'ambiente, le notti insonni trascorse tra clamorose sbornie e tempestose discussioni con uno stile tutto teso tra cronaca e poesia. La narrazione, caratterizzata tra l'altro da un dialogato che rimane esemplare per incisivita ed eleganza, viene definita, in una lettera di Hemingway al suo editore, ""non una satira, ma una tragedia che ha come eroe la terra"". ISBN 10: 8804469056 ISBN 13: 9788804469056","fiction | history, historical fiction, biography | romance","fiction | history, historical fiction, biography | non-fiction | young-adult | comics, graphic",romance,"non-fiction | young-adult | comics, graphic",4,3,5,76–150,3
30322766,50815868,Spellbound,en-us,English,321.0,"Five complete never before seen YA novellas to help you find a quick getaway this summer!! Part of Your World by L.A. Starkey - When two worlds collide at the edge of the sea in a measure of desperation, a prince will bow before a commoner and a lost soul will finally be found. Part of Your World - Where love is waiting just beyond the edge of what you can see. Glistens by Chess Desalls - Marian Spritz won't gain guardian fairy status if she fails her summer school project. But when she hears a call for help--a song felt only by Glistens--she must choose between not letting her schoolwork and teammates suffer and protecting a ward who faces grave danger. Tethered by Kelly Hall - Life had been simple for vampire Jayden Blackwell until he met the runaway Emmaline Grey. One taste of her blood revealed that not only is she a fledgling vampire on the cusp of her transition, but she's also his bondmate and the granddaughter of his family's biggest enemy. Will family feuding keep them apart or is it Jayden who compromised Emma's survival? Drops of Sunshine by Tricia Copeland - Working as lifeguard at a camp for the blind seems like the perfect escape for Nina. But a few perceptive kids can hear her thoughts. Can embracing her truth help her heal and reveal possibilities she never imagined? Feathers and Fireflies by Melanie Rodriguez - Seventeen year old Rory of Vanora Village dreams of capturing the sacred summer solstice ritual of the animal shapeshifters with her trusty charcoal and parchment. But with only legends and tales to guide her, she cannot even convince her childhood friend, Lucas, that the ritual is real. On the night Rory follows the fireflies, she gets far more than she bargained for. These fun beach reads have never been published before and were written specifically for this anthology. Hope you enjoy the adventure!!","fantasy, paranormal | young-adult","fiction | romance | fantasy, paranormal | mystery, thriller, crime | young-adult",,"fiction | romance | mystery, thriller, crime",3,2,5,251+,2
18324214,25866931,The Power of Metaphor: Examining Its Influence on Social Life,eng,English,188.0,"This book explores the possibility that people understand abstract social concepts using metaphor, which from this perspective is not simply a matter of words. Rather, it is a cognitive tool that people routinely use to understand abstract concepts (such as morality) in terms of superficially dissimilar concepts that are relatively easier to comprehend (such as cleanliness). Although observations on metaphor's cognitive significance date back to Aristotle, the development of a formal theoretical framework, labeled conceptual metaphor theory, has stimulated systematic empirical study on metaphor's role in social psychological phenomena primarily over the past decade. This book summarizes current knowledge and integrates recent developments for readers interested in the topic of metaphor and, more broadly, in the cognitive underpinnings of social life. Some topics covered include * overcoming many of the empirical limitations confronting linguistic analyses of conceptual metaphor * how metaphoric influences guide perceptions of other people and the self and judgments of right and wrong * relying on metaphor when constructing memories of social stimuli * the role of metaphor in judgment and decision making * how exposure to metaphor in mass political communication influences observers' attitudes toward social and political issues",non-fiction,fiction | non-fiction,,fiction,1,1,2,151–250,1
479667,468073,The Fall of the House of Habsburg,unknown,Unknown,101.0,"Edward Crankshaw's distinguished study offers a compelling account of the final decades of the Austro-Hungarian Empire. At the centre of the dramatic events stands the majestic figure of the Emperor Franz Josef, facing the tragedies of his disastrous marriage and the suicide of his only son, and doggedly resisting the ruin of his inheritance. In a sweeping panorama of Vienna, Imperial Russia, Napolean's France, Bismark's Prussia and Cavour's Italy, Crankshaw portrays the political and military intricacies, the statesman, soldiers and common people, and examines the ambitions and disillusionment that broke the Empire and forged the destiny of the twentieth century.","fiction | history, historical fiction, biography | non-fiction","history, historical fiction, biography | non-fiction",fiction,,1,3,2,76–150,3
6949666,7183947,"Rediscovering Values: On Wall Street, Main Street, and Your Street: A Moral Compass for the New Economy",unknown,Unknown,357.0,"When we start with the wrong question, no matter how good an answer we get, it won't give us the results we want. Rather than joining the throngs who are asking, When will this economic crisis be over? Jim Wallis says the right question to ask is How will this crisis change us? The worst thing we can do now, Wallis tells us, is to go back to normal. Normal is what got us into this situation. We need a new normal, and this economic crisis is an invitation to discover what that means. Some of the principles Wallis unpacks for our new normal are . . . * Spending money we don't have for things we don't need is a bad foundation for an economy or a family. * It's time to stop keeping up with the Joneses and start making sure the Joneses are okay. * The values of commercials and billboards are not the things we want to teach our children. * Care for the poor is not just a moral duty but is critical for the common good. * A healthy society is a balanced society in which markets, the government, and our communities all play a role. * The operating principle of God's economy says that there is enough if we share it. * And much, much more . . . In the pages of this book, Wallis provides us with a moral compass for this new economy--one that will guide us on Wall Street, Main Street, and Your Street. Embracing a New Economy Getting back to ""the way things were"" is not an option. It is time we take our economic uncertainty and use it to find some moral clarity. Too often we have been ruled by the maxims that greed is good, it's all about me, and I want it now. Those can be challenged only with some of our oldest and best values--enough is enough, we are in it together, and thinking not just for tomorrow but for future generations. Jim Wallis shows that the solution to our problems will be found only as individuals, families, friends, churches, mosques, synagogues, and entire communities wrestle with the question of values together.",fiction | non-fiction,"fiction | history, historical fiction, biography | non-fiction | mystery, thriller, crime",,"history, historical fiction, biography | mystery, thriller, crime",2,2,4,251+,2
1070012,1056691,Every Secret Thing,unknown,Unknown,41.0,"When Elizabeth Gunnar accepts a teaching position at the preparatory school she attended as a girl, she is returning to more than a place - to memories, mysteries, and an old love. Once there she meets unexpected challenges and challenging new people.","fiction | romance | mystery, thriller, crime","fiction | history, historical fiction, biography | romance","mystery, thriller, crime","history, historical fiction, biography",2,3,3,20–75,3
34016045,149484,Fat City,unknown,Unknown,492.0,"Fat Cityis a novel about the indestructibility of of hope, the anguish and comedy of the human condition. It tells the story of two young boxers out of Stockton, California: Ernie Munger and Billy Tully, one in his late teens, the other just turning thirty, whose seemingly parallel lives intersect for a time. Set in an ambiance of glittering dreams and drab realities, it tells of the two fighters' struggles to escape the confinements of their existence, and of the men and women in their world. Fat Cityis a novel about the sporting life like no other ever written: without melodrama or false heroics, written with a truthfulness that is at once painful and beautiful. Denis Johnson:""Between the ages of 19 and 25 I studied Leonard Gardner's book so closely that I began to fear I'd never be able to write anything but imitations of it, so I swore it off(...)When I was about 34 (the same age Gardner was when he published his), my first novel came out. About a year later I borrowed Fat Cityfrom the library and read it. I could see immediately that ten years' exile hadn't saved me from the influence of its perfection -- I'd taught myself to write in Gardner's style, though not as well. And now, many years later, it's still true: Leonard Gardner has something to say in every word I write."" Joan Didion:""Leonard Gardner's Fat Cityaffected me more than any new fiction I have read in a long while, and I do not think it affected me only because I come from Fat City, or somewhere near it. He has got it exactly right--the hanging around gas stations, the field dust, the relentless oppressiveness of the weather, the bleak liaisons sealed on the levees and Greyhound buses--but he has done more than just get it down, he has made it a metaphor for the joyless in heart."" David Wagoner:""The people he writes about are alive and three-dimensional, and have that meaty, sweaty immediacy I admire in novels and find so seldom. It's an odd, interesting world he explores here--as tense and vivid as the prose."" Ivan Gold:""Gardner writes with power, with an insider's knowledge, and with a vividness and love for his characters which redeem them even when they're lost and beaten."" Harry Mark Petrakis:""A man of real talent. He makes the savage world he writes of come alive to the point where the reader can smell the sweat, and feel the anguish of unremitting failure."" Ross Macdonald: ""In his pity and art Gardner moves beyond race, beyond guilt and punishment, as Twain and Melville did, into a tragic forgiveness. I have seldom read a novel as beautiful and individual as this one."" Originally published in 1969, Fat City is an American classic whose stature has increased over the years. Made into an acclaimed film by John Huston, the book is set in and around Stockton, California.","fiction | history, historical fiction, biography","fiction | history, historical fiction, biography | mystery, thriller, crime",,"mystery, thriller, crime",1,2,3,251+,2
28118451,48129250,The Candymakers and the Great Chocolate Chase,eng,English,157.0,"The highly-anticipated sequel to theNew York Timesbestselling novel The Candymakers by beloved author Wendy Mass It has been a few months since the nationwide New Candy Contest, and Logan, Miles, Philip, and Daisy have returned to their regular lives. But when the winning candy bar comes down the conveyor belt at the Life is Sweet candy factory, Logan realizes something's very wrong.... When the Candymaker announces that they will be going on tour to introduce the new candy bar, the four friends see this as an opportunity to make things right. But with a fifty-year-old secret revealed and stakes higher for each of them than they ever imagined, they will have to trust one another--and themselves--in order to face what lies ahead. In this action-packed sequel to the bestselling novel The Candymakers, prepare to embark on a journey full of hidden treasures, secret worlds, and candy. LOTS and LOTS of candy.","fiction | fantasy, paranormal | mystery, thriller, crime | young-adult | children","fiction | fantasy, paranormal | young-adult | children | comics, graphic","mystery, thriller, crime","comics, graphic",2,5,5,151–250,4+
1538899,1531054,The Dictionary of Wordplay,unknown,Unknown,44.0,"This marvelous reference guide should be at the side of every writer; it's the first wordplay dictionary ever! Concepts like ""exquisite corpse,"" ""kangaroo word,"" and ""Jabberwocky,"" which frequently appear in contemporary writings, are defined here, with examples. More than 1,234 entries are in this book.",non-fiction,"fiction | history, historical fiction, biography | non-fiction",,"fiction | history, historical fiction, biography",2,1,3,20–75,1
759175,2549658,Lottery,en-us,English,118.0,"Perry's IQ is only 76, but he's not stupid. His grandmother taught him everything he needs to know to survive: She taught him to write things down so he won't forget them. She taught him to play the lottery every week. And, most important, she taught him whom to trust. When Gram dies, Perry is left orphaned and bereft at the age of thirty-one. Then his weekly Washington State Lottery ticket wins him 12 million dollars, and he finds he has more family than he knows what to do with. Peopled with characters both wicked and heroic who leap off the pages, Lottery is a deeply satisfying, gorgeously rendered novel about trust, loyalty, and what distinguishes us as capable.",fiction | romance | young-adult,fiction | young-adult | children,romance,children,2,3,3,76–150,3
7968438,12026921,Mixed Signals: Understanding And Treating Your Child's Sensory Processing Issues,unknown,Unknown,288.0,"Mary Lashno, an occupational therapist at the Kennedy Krieger Institute in Baltimore, Maryland, shares her extensive experience working with children who don't process sensory information properly. Her new book educates parents about why some children's sensory systems are over- or under-stimulated and what can be done to treat the condition so children can learn and be a part of daily activities. Mixed Signals also helps parents recognize when behavior is a characteristic of another condition, such as autism or Down syndrome, and when it's due to poor sensory processing. With the help of case studies, the author provides many examples of how children with poor sensory processing react differently to sensory input--staring into lights, avoiding face-washing or brushing teeth, seeming overly clumsy--than children with normal sensory systems. Parents learn how to interpret behaviors and detect when a child may be over-stimulated or under-stimulated. A discussion of strategies and interventions explains how therapists and families can work with children to help develop an individualized sensory diet to calm or awaken sensory receptors so kids can function better and begin to tolerate a wider range of sensory information. Topics covered include: - Terminology of sensory processing - Normal vs. abnormal sensory processing - Evaluating your child's sensory system - Assessment tools - Sensory Integration Therapy--what it is and how it works - Treatment approaches - Establishing and managing your child's sensory diet This guide is useful to families of children with a variety of diagnoses, deficits, and skills. You'll be better able to understand your child's sometime perplexing behavior as well as be a part of the therapeutic process in conjunction with trained professionals. Buy a copy to share with a teacher, coach, or therapist so everyone can get involved!",non-fiction,fiction | non-fiction | children,,fiction | children,2,1,3,251+,1
15717000,13569845,"Todesherz (Romantic Suspense, #12)",ger,Non-English,60.0,"Die erfahrene Gerichtsmedizinerin Lucy Trask ist einiges gewohnt. Doch der Anblick dieser verstummelten Leiche schockiert selbst sie: Finger und Zunge wurden fachmannisch entfernt, das Herz herausgerissen. Nur wenig spater findet Lucy in ihrem Wagen ein grauenvolles Paket, darin: ein blutiges Herz. Detective J. D. Fitzpatrick vermutet einen personlich motivierten Rachefeldzug. Doch wer konnte solchen Hass auf die attraktive Gerichtsmedizinerin haben?","fiction | romance | mystery, thriller, crime","fiction | history, historical fiction, biography | romance | fantasy, paranormal | mystery, thriller, crime | young-adult",,"history, historical fiction, biography | fantasy, paranormal | young-adult",3,3,6,20–75,3
24215664,43802708,Doc Wore Grey,unknown,Unknown,47.0,"Doc Wore Grey is written by a direct descendant of Doc's, Archie Ken Shipe. The story is a mixture of fiction and non-fiction. Doc fought from ""Bull Run"" to Appomattox for the Confederacy without a scratch and retired as a riverboat captain on the Potomac River.","fiction | history, historical fiction, biography","fiction | history, historical fiction, biography",,,0,2,2,20–75,2
3306886,3344063,The Great Houdini,eng,English,67.0,"How did he escape from sealed bank vaults...from an escape-proof jail? No one in the world has ever equaled Houdini's remarkable feats. This amazing man dared to accept any challenge--from being sealed in a boiler to being dropped into the sea in a locked, chain-wrapped trunk--and never failed to escape! Read the true life story of the Great Houdini--learn his secrets!","history, historical fiction, biography | non-fiction | children","fiction | history, historical fiction, biography | non-fiction | mystery, thriller, crime | comics, graphic",children,"fiction | mystery, thriller, crime | comics, graphic",4,3,5,20–75,3
1115628,1743336,Die Möwe Jonathan,ger,Non-English,376.0,"Richard Bach ist einer der meistgelesenen neuzeitlichen Schriftsteller der USA. Seine zahlreichen Bucher sind in allen moglichen Sprachen erschienen und ausnahmslos Bestseller. Wer auch nur Eines gelesen hat, weiss, warum. Bach schreibt mit Liebe, Humor und aus Erfahrung. Trotzdem ist er kein Lehrmeister -- eher der wohlmeinende Freund an der Tur des Kranken. Einmal hereingelassen, bringt er Mut, Inspiration und Hoffnung.Schon sowas wie ein Kultbuch, Die Mowe Jonathanhandelt von Freiheit, von Selbstverwirklichung, vom Leben selbst. Ein kurzweiliger Schmoker, dessen Tiefe nur begrenzt wird, von der Vorstellungskraft und Offenheit des Lesers selbst. Wer seine Wochenenden gern mit Heidegger und Dostojewski verbringt, oder sich fur Stunden in Fachliteratur verlieren kann: Hande weg, das bringt's nicht! Aber wer gern mal mit leichter, nahezu poetischer Lekture entspannt, wer mit dem Herzen liest, wer gern mit den Mowen uber die unendlichen Weiten sanfter Wellen und steiler Klippen seine aerobatischen Kunststucke vollbringen mochte: Mit dem Kissen im Rucken auf's Sofa, anschnallen, und mit beiden Handen das Buch fest umschlingen! Jonathan ist keine gewohnliche Mowe. Er nimmt einfach nichts fur selbstverstandlich hin, es genugt ihm nicht, wie alle Anderen seine fliegerischen Fahigkeiten nur zum Fischen einzusetzen. Jonathan ist verliebt ins Fliegen und in die Freiheit. Er ist besessen von dem Willen, das Beste aus sich herauszuholen, und Nichts und Niemand kann ihn aufhalten. Er ist neugierig, will alles erfahren, alles versuchen, alles verstehen -- selbst wenn es bedeutet, aus dem Kreise seiner Gemeinschaft und seiner Familie verbannt zu werden. In seiner Bescheidenheit, seiner Einfachheit und seiner Tiefe ist Jonathan dem kleinen Prinzen nicht unahnlich, obwohl seine Botschaft nicht ganz so global, nicht ganz so welterschutternd ist. Auch an Hesses Siddarthahabe ich mich ein wenig erinnert gefuhlt. Jonathan ist ein Aufruf zur Initiative, eine Botschaft an Alle, die ihre Traume und Sehnsuchte noch nicht vollig in die Hand der Hamburg-Mannheimer gelegt haben. Selbstverwirklichung, der Mut dazu, dem Herzen zu folgen und einfach das zu tun, was wirklich befriedigt. Wer Jonathan liest, wird es entweder lieben oder hassen. Aber Millionenauflagen, und die Tatsache, dass viele Leser dieses Buches nach weiteren Werken von Richard Bach verlangen, ist ein Beweis dafur, dass Jonathan in vielen von uns steckt. Sehr empfehlenswert fur Alle, die gerne fliegen, sei es im Herzen, im Kopf, oder in der Wirklichkeit. --Thomas Kaminski","fiction | non-fiction | fantasy, paranormal | young-adult | children | poetry","fiction | history, historical fiction, biography | romance | children","non-fiction | fantasy, paranormal | young-adult | poetry","history, historical fiction, biography | romance",6,6,4,251+,4+
17182147,664245,Fear of the Dark,eng,English,89.0,"On a moon of the ruined planet Akoshemon, an age-old terror is about to be reborn. Something that remembers the spiral of war, pestilence and deprivation - and rejoices in it. The Fifth Doctor joins a team of archaeologists searching for evidence of the planet's infamous past, and uncovers more than just ancient history. Forced to confront his own worst fears, even the Doctor will be pushed to breaking point - and beyond. An adventure featuring the Fifth Doctor as played by Peter Davison and his companions Tegan and Nyssa.","fiction | fantasy, paranormal | mystery, thriller, crime","fiction | fantasy, paranormal | comics, graphic","mystery, thriller, crime","comics, graphic",2,3,3,76–150,3
25859635,45729747,"Below the Water Line: Getting Out, Going Back, and Moving Forward in the Decade After Hurricane Katrina",eng,English,133.0,"Lisa Karlin's memoir describes her family's hurricane evacuation experiences and all that followed in the decade after Hurricane Katrina. In August 2005, Lisa, her husband, thirteen-year-old daughter, eleven-year-old son, and two dogs evacuated New Orleans for what they thought would be a two-day ""hurrication."" Her day-by-day account of the weeks that follow vividly chronicles the unprecedented displacement of thousands of Americans, and on a personal level, describes how her family makes the trifecta of major life decisions: where to live, where to work, and where to enroll their children in school. Lisa Karlin provides a personal commentary on how everyday life has been impacted by Katrina's aftermath and how, a decade later, there are still lingering effects of one of the most devastating events in American history.","history, historical fiction, biography | non-fiction | comics, graphic",non-fiction | children,"history, historical fiction, biography | comics, graphic",children,3,3,2,76–150,3
598166,584795,A Long Way,unknown,Unknown,99.0,"A little girl takes some intriguing conveyances on a flight of fancy to her grandmother's house - with the help of a big empty box and a very active imagination A gift for Grandma arrives one fine day, and her young granddaughter is eager to deliver it by hand. Grandma's house may be just a hop, skip, and a jump away, but to the girl it seems a long way, and it certainly takes a special kind of creativity to get there. A spare text and abundantly descriptive illustrations guide this elaborate journey into a child's world of make-believe.",children,fiction | non-fiction | young-adult | children,,fiction | non-fiction | young-adult,3,1,4,76–150,1
26844536,46192093,"Avis Blackthorn and the Magical Multicolour Jumper (The Wizard Magic School Series, Book 2)",unknown,Unknown,355.0,"Get it now for 2.99! Before the price rises back to 4.99... Avis Blackthorn and the Magical Multicolour Jumper The second book in the Wizard Magic School Series Avis Blackthorn is a good wizard -- unlike his family, who are the most evil family in all of the Seven Magical Kingdoms. He is in his second year at ""Hailing Hall School for Wizards,"". Little does he know that this year will be as eventful and stressful as the first. Strange things are brewing... and Avis is determined to get to the bottom of it. His trusty friend Robin joins Avis through thick and thin -- as they start new lessons with the Magisteers, rebuild a Stadium and go to the Happendance Carnival. But when he buys an old incense holder with a strange mark on, he soon realises that it contains a Djinn, one that will grant hima wish. That's where mystery after mystery -- humorous, haunting and chilling -- starts to unfold... It knits Avis a very special, magical, multicolour jumper that does very special things, suddenly Avis is the most popular person in school, everybody loves him! But every wish has a bite in the tail... Avis' very place at school is in jeopardy -- facing expulsion, he must do all he can to uncover the truth and save his place at school. He must not only cope with something trying to kill him, with a family member teaching in the school and his best friend Tina ignoring him but also with a furious jealousy that could threaten to ruin everything he holds dear... On top of that, the newspapers are reporting that Malakai, the most evil Sorcerer in all the Seven Magical Kingdoms is back! And he will be out for revenge -- Avis knows the first person he'll come back for -- him! Read now to discover Jack Simmonds' funny, enhancing, spell-binding adventure -- Avis Blackthorn and the Magical Multicolour Jumper... ""Perfect for children, teen and young adults alike, this book will inspire, entertain and enthral. If you love books like Harry Potter, you will love this!"" Click buy nowto read on and discover the magical world of Avis Blackthorn!","fiction | fantasy, paranormal | young-adult","fiction | romance | fantasy, paranormal | young-adult | children",,romance | children,2,3,5,251+,3
23475051,21866975,"Sandmannen (Joona Linna, #4)",nor,Non-English,98.0,En kald vinternatt i Stockholm blir en ung mann funnet gaende pa en jernbanebro. Han har legionaersyken og er sterkt nedkjolt. Pa sykehuset oppdages det at mannen ble erklaert dod for sju ar siden. Han var et av seriemorderen Walter Jureks siste ofre for Jurek ble arrestert av kriminaletterforsker Joona Linna. Jurek ble domt til psykiatrisk behandling og total isolasjon. - Hvor har den unge mannen befunnet seg i alle disse arene? Hans uventede vitnesbyrd betyr at den gamle saken ma gjenopptas. Og det haster. Noen ma vinne seriemorderens tillit. Med sin fjerde thriller overgar Lars Kepler alle forventninger.,"fiction | mystery, thriller, crime","fiction | romance | mystery, thriller, crime",,romance,1,2,3,76–150,2
1823433,3057002,"Sea Monsters (Magic Tree House Research Guide, #17)",unknown,Unknown,134.0,"Magic Tree House Research Guides are now Magic Tree House Fact Trackers! Track the facts with Jack and Annie! When Jack and Annie got back from their adventure in Magic Tree House #39: Dark Day in the Deep Sea,they had lots of questions. How big is a giant squid? What is a dragonfish? How do deep-sea creatures find food when it's sodark down there? What do scientists think mythical sea monsters might really be? Find out the answers to these questions and more as Jack and Annie track the facts. Filled with up-to-date information, photos, illustrations, and fun tidbits from Jack and Annie, the Magic Tree House Fact Trackers are the perfect way for kids to find out more about the topics they discovered in their favorite Magic Tree House adventures.","fiction | history, historical fiction, biography | non-fiction | fantasy, paranormal | young-adult | children",non-fiction | young-adult | children,"fiction | history, historical fiction, biography | fantasy, paranormal",,3,6,3,76–150,4+
521873,509766,Crusader,eng,English,32.0,This novel is 13th-century Scottish history as seen through the eyes of the young man who sought to guide the child king Alexander III to maturity and to keep his throne.,"fiction | history, historical fiction, biography","fiction | history, historical fiction, biography | romance | fantasy, paranormal | children",,"romance | fantasy, paranormal | children",3,2,5,20–75,2
18588587,24711325,Survival Lessons,unknown,Unknown,199.0,"Fifteen years ago, Alice Hoffman received a diagnosis that changed everything about the life she d been living. Most significant aside from the grueling physical ordeal she underwent was the way it changed how she felt inside and what she thought she out to be doing with her days. Now she has written the book that she needed to read then. In this honest, wise, and upbeat guide, Alice Hoffman provides a road map for the making of one s life into the very best it can be. As she says, In many ways I wrote this book to remind myself of the beauty of life, something that s all too easy to overlook during the crisis of illness or loss. There were many times when I forgot about roses and starry nights. I forgot that our lives are made up of equal parts sorrow and joy, and that it s impossible to have one without the other. . . . I wrote to remind myself that in the darkest hour the roses still bloom, the stars still come out at night. And to remind myself that, despite everything that was happening to me, there were still some choices I could make.","fiction | history, historical fiction, biography | non-fiction",fiction | romance | non-fiction | young-adult,"history, historical fiction, biography",romance | young-adult,3,3,4,151–250,3
1199764,1187892,"Colonial Affairs: Bowles, Burroughs, and Chester Write Tangier",unknown,Unknown,109.0,"A North African port city that was home to as many Europeans as Moroccans, postwar Tangier was truly an international zone, a place where the familiar boundaries of language, culture, nationality, and sexuality blurred, and anything seemed possible. In the 1950s and 1960s three leading American writers settled in Tangier, where they were able to find critical new ways of living and writing on the margins of society. A subtle literary portrait of Paul Bowles, William S. Burroughs, and Alfred Chester, Colonial Affairs is also a complex and perceptive account of the ways colonialism and sexuality structure each other, particularly as reflected in the literature written in postwar Tangier.",non-fiction,"fiction | history, historical fiction, biography | non-fiction | comics, graphic",,"fiction | history, historical fiction, biography | comics, graphic",3,1,4,76–150,1
25946762,43083260,"A Dead Red Miracle (A Dead Red, #5)",en-us,English,108.0,"Thinking to jump start their careers as private investigators in Wishbone, Arizona, cousins Lalla and Pearlie Bains buy into it with a local P.I. But their nifty plan starts circling the drain when his unscrupulous business practices end in his untimely death and they discover that he's been siphoning clients from their partnership. With only a week before the state puts pulls the business license Lalla and Pearlie will have to corral a wall-climbing Apache ninja, pacify their former boss's greedy ex-wives and nail a killer. Sure Lalla and Pearlie are in a really tight spot, but all they need is a miracle or two.","fiction | mystery, thriller, crime","fiction | romance | mystery, thriller, crime",,romance,1,2,3,76–150,2
10212647,6937488,Stop Acting Rich: And Start Living Like a Real Millionaire,unknown,Unknown,249.0,"With the current financial crisis, high unemployment, and tight credit, you may be saying to yourself: ""Who is acting rich these days? We're barely making ends meet."" The reality is the recession may have caused us to take a breather, but every indication is that we will pick up right where we left off when gentler economic winds blow again. Before you spend another dime, listen to this audiobook and understand how to become rich instead of act rich. It all starts with where you live. Live in a prestige neighborhood and you will spend more on everything from your car to your watch. Real millionaires understand that living in communities where their neighbors have less net worth than they do naturally leads to spending less. It's easier to be rich when keeping up with the Joneses hardly costs anything. Life satisfaction comes not from cruising down the highway in a chunk of your net worth, but from having the financial resources to choose--to spend time with family and friends, to volunteer, to pursue interests. Bestselling author of The Millionaire Next Door and The Millionaire Mind and leading authority on the wealthy, Dr. Thomas Stanley uncovers the truth that few people become rich by way of a high income, and even fewer high-income people are truly rich. The good news is that almost anyone can become wealthy--even without a super high income--if you would just stop acting . . . and instead start living like a rich person.",non-fiction,"fiction | history, historical fiction, biography | non-fiction | mystery, thriller, crime | young-adult",,"fiction | history, historical fiction, biography | mystery, thriller, crime | young-adult",4,1,5,151–250,1
20884484,40225519,تزار و کاتیا,per,Non-English,38.0,"katia le demon bleu du tsar alexandre `nwn: tzr w khty; thr: lwsyl dkhw; trjmh w qtbs: dhbyHllh mnSwry; nshr: thrn, zryn, ngrstn khtb, chp nkhst 1376, chp dwm 1381; chp chhrm 1389, shbkh: 9644071158; dr 328 S., mwDw`: dstnhy frnsh -- qrn 19m.","history, historical fiction, biography | romance","fiction | history, historical fiction, biography | fantasy, paranormal",romance,"fiction | fantasy, paranormal",3,2,3,20–75,2
27108493,1394263,The Elephant and the Kangaroo,unknown,Unknown,45.0,"Somewhat autobiographical in its details. An English author, based on White, resident in Ireland (as he was in the mid-'40s) is visited by an angel who tells him that Noah's flood is coming again and he had better start building an ark. Comedy ensues.","fiction | fantasy, paranormal","fiction | fantasy, paranormal | comics, graphic | poetry",,"comics, graphic | poetry",2,2,4,20–75,2
28175648,48194176,Tatsuyuki Oyamato The 4th,eng,English,59.0,"Completely disarmed by Minori, gang leader Tatsuyuki Oyamato is sent down to Fukuoka to expand the family's territory in Kyushu, with the hidden intention of revitalizing himself. However, after arriving in Fukuoka, the dismayed Tatsuyuki is still distraught. Completely drunk and lying in a park, he's taken home by someone and treated to an evening of his wildest desires.","romance | comics, graphic","fiction | fantasy, paranormal | mystery, thriller, crime | comics, graphic",romance,"fiction | fantasy, paranormal | mystery, thriller, crime",4,2,4,20–75,2
5657375,2506784,Der satanarchäolügenialkohöllische Wunschpunsch,ger,Non-English,95.0,"Der Geheime Zauberrat Beelzebub Irrwitzer und seine Tante, die Geldhexe Tyrannja Vamperl, haben ein grosses Problem: Das Jahr neigt sich dem Ende zu und beide haben ihr Soll an bosen Taten noch lange nicht erfullt. Daran sind nur Kater Maurizio und der Rabe Jakob schuld, die ihnen vom Hohen Rat der Tiere auf den Hals gehetzt wurden. Doch mit einem besonders raffinierten Plan konnte es den beiden Zauberern noch gelingen, den Ruckstand an bosen Taten aufzuarbeiten. Maurizio und Jakob entdecken die bosen Absichten, aber konnen sie diese auch verhindern? Ein Wettlauf mit der Zeit beginnt.","fiction | fantasy, paranormal | young-adult | children","fiction | fantasy, paranormal | mystery, thriller, crime",young-adult | children,"mystery, thriller, crime",3,4,3,76–150,4+
2722251,2747851,All About Colour,unknown,Unknown,297.0,"A fascinating and idiosyncratic journey through colour -- its history, its meaning, and its effect on everyday life. Janice Lindsay, an experienced colour designer with a background in art history and design, has always been passionate and curious about colour. In this book she shares a lifetime of discoveries about why colour, something we think will be simple to use and understand, is so complex. She takes us on a journey that combines history, biology, and interior design with personal insights from years of helping others choose colour and get it right. Along the way she recounts how a yellow was once made from cow's urine and can be used as an intellectual stimulant. How blue used to be considered light black before it gained popularity and became more expensive than gold. And how vermilion red used to look better the longer it was ground -- twenty years was just about long enough. Lindsay explains how the invisible colour in daylight is as essential to our bodies as air and water. Colour is not just decoration, it has the power to change how we feel and function. She tells stories of colour-blind clients, of clients who thought they were happy living without colour until they found out what they were missing, and students whose marks improved once colour was added to the halls. Lindsay explains how we have a colour wisdom that is millions of years in the making based on nature encoded into our DNA and that we need to draw on that wisdom to humanize our built environments. Colour can make a house a home. This book is about you. You and colour are linked in ways that we haven't imagined. Beware: after reading this book you will never look at colour the same way again.",fiction | non-fiction,"fiction | history, historical fiction, biography | non-fiction | children",,"history, historical fiction, biography | children",2,2,4,251+,2
25563254,45361232,The power of listening,eng,English,135.0,"What makes a good listener? In this book are a variety of tried and true exercises to benchmark where you are as a listener. Discover the power of being a good listener in the six benefits of being a good listener. Take part in the eighteen concrete activities to become a better listener, plus learn fourteen things to avoid when listening to someone. Of extreme relevance is Chapter 7: Listening Challenges in the Digital Age and how to Overcome Them. One of the first casualties of the digital juggernaut is the art of effective listening and writing. Instead of communicating with people face-to-face, we are reading texts, e-mails, and social media updates. This is a book that can be referenced again and again as you continue your journey of becoming a better listener.",non-fiction,non-fiction | young-adult,,young-adult,1,1,2,76–150,1
18490332,6617006,Sagor för barn över 18 år,swe,Non-English,113.0,"Tage Danielssons klassiska novellsamling med Per Ahlins alskade illustrationer. Innehaller bland annat novellerna ""Sagan om den fule Manfred"", ""Sagan om busschaufforen som tankte att va fan"" och forstas ""Sagan om Karl-Bertil Jonssons julafton"". ""Tage Danielssons sagor ar aktuella och angelagna, de slar en brygga mellan Broderna Grimm och Harriet Andersson, och de graver djupt i dagens sagovarld dar hjalten anvander Brylcreme och hjaltinnans hjartattacker doljs under bysthallaren 'Hidden Treasure' ... En bok for hela familjen. Hemma hos oss har vi inte haft sa roligt sedan vi laste 'Den unge boerhjalten'."" Carl Henrik Svanstedt ""Med 'sagor' har Tage Danielsson tagit ett litterart fjat framat. Har finns sagor for alla manniskor och situationer."" Henrik Sjogren",fiction,"fiction | history, historical fiction, biography | romance | mystery, thriller, crime",,"history, historical fiction, biography | romance | mystery, thriller, crime",3,1,4,76–150,1
7012914,2015399,You Suck: A Love Story (Vampire Trilogy #2),unknown,Unknown,190.0,"""You bitch, you killed me. You suck!"" Being dead sucks. Make that being ""un""dead sucks. Literally. Just ask Thomas C. Flood. Waking up after a fantastic night unlike anything he's ever experienced, he discovers that his girlfriend, Jody--the woman of his dreams--is a vampire. And surprise! Now he's one, too. For some couples, the whole biting-and-blood thing would have been a deal breaker. But Tommy and Jody are in love, and they vow to work through their issues. Like how much Jody should teach Tommy about his new superpowers (and how much he needs to learn on his own). Plus there's Tommy's cute new minion, sixteen-year-old goth girl Abby Normal. (Well, ""someone"" has to run errands during daylight hours!) Making the relationship work, however, is the least of Jody and Tommy's problems. Word has it that the vampire who nibbled on Jody wasn't supposed to be recruiting any new members into the club. Even worse, Tommy's erstwhile turkey-bowling pals are out to get him, at the urging of a blue-dyed Las Vegas call girl named (duh) Blue. And that really sucks.","fiction | romance | fantasy, paranormal | young-adult","fiction | romance | fantasy, paranormal | young-adult",,,0,4,4,151–250,4+
21765210,26486410,Early One Morning,eng,English,167.0,"He was the dark haired deity with a salacious smile... he was the one the girls gossiped and giggled about for months... 2,600 miles away, Terence Javier didn't have a clue his high school yearbook was being passed around an all girl choir and that he had been voted, as one of the more experienced girls put it, the one she would 'most likely do.' Thirteen years later Marissa Crandall, while on a romantic island vacation celebrating her ten year wedding anniversary, is shocked and surprised to find their dive master was none other than her old high school crush. Seeing her chance to fulfill a dream, Marissa sets out to kiss Terence. Stuck in San Diego, dealing with unreasonable clients and babysitting Marissa's kids, a jealous Annie Harper catches the red-eye out of LAX wanting to intercept Terence and foil her best friend's plans . This envious act uncovers a scandalous affair, and in that one pivotal moment none of their lives would ever be the same.","fiction | romance | mystery, thriller, crime",fiction | romance,"mystery, thriller, crime",,1,3,2,151–250,3
23625549,43190257,"When a Scot Ties the Knot (Castles Ever After, #3)",eng,English,161.0,"On the cusp of her first London season, Miss Madeline Gracechurch was shyly pretty and talented with a drawing pencil, but hopelessly awkward with gentlemen. She was certain to be a dismal failure on the London marriage mart. So Maddie did what generations of shy, awkward young ladies have done: she invented a sweetheart. A Scottish sweetheart. One who was handsome and honorable and devoted to her, but conveniently never around. Maddie poured her heart into writing the imaginary Captain MacKenzie letter after letter ... and by pretending to be devastated when he was (not really) killed in battle, she managed to avoid the pressures of London society entirely. Until years later, when this kilted Highland lover of her imaginings shows up in the flesh. The real Captain Logan MacKenzie arrives on her doorstep--handsome as anything, but not entirely honorable. He's wounded, jaded, in possession of her letters... and ready to make good on every promise Maddie never expected to keep.","fiction | history, historical fiction, biography | romance","fiction | history, historical fiction, biography | romance | young-adult",,young-adult,1,3,4,151–250,3
15729296,21408172,Allt jag rör vid försvinner,swe,Non-English,25.0,Fjorton manus skrivna av Henrik Bromander och illustrerade av en rad talangfulla serietecknare. Manskligt och frammande i en kombination som ar typisk for Bromanders berattarstil.,"comics, graphic","fiction | history, historical fiction, biography | mystery, thriller, crime","comics, graphic","fiction | history, historical fiction, biography | mystery, thriller, crime",4,1,3,20–75,1
1655961,1650624,Runner's World Best: Getting Started,unknown,Unknown,60.0,"Getting Startedprovides beginning runners with everything they need to know to get off on the right foot. Full-color photographs demonstrate proper running technique and equipment. Runners learn how to incorporate interval, tempo, and Fartlek training to achieve optimum performance from the start. Rounding out the volume are cross-training suggestions, along with valuable tips on increasing speed and endurance.",non-fiction,non-fiction,,,0,1,1,20–75,1
32729810,41107568,La fille du train,fre,Non-English,144.0,"Every day the same Rachel takes the same commuter train every morning and night. Every day she rattles down the track, flashes past a stretch of cozy suburban homes, and stops at the signal that allows her to daily watch the same couple breakfasting on their deck. She's even started to feel like she knows them. Jess and Jason, she calls them. Their life--as she sees it--is perfect. Not unlike the life she recently lost. Until today And then she sees something shocking. It's only a minute until the train moves on, but it's enough. Now everything's changed. Unable to keep it to herself, Rachel goes to the police. But is she really as unreliable as they say? Soon she is deeply entangled not only in the investigation but in the lives of everyone involved. Has she done more harm than good?","fiction | mystery, thriller, crime","fiction | romance | mystery, thriller, crime | young-adult",,romance | young-adult,2,2,4,76–150,2
937094,922073,Plague Year,unknown,Unknown,22.0,"A harrowing account of a town that surrenders its humaniy. ""A frightening and compelling story about prejudice, ignorance and hysteria.""--Columbia Missourian",fiction | young-adult | children,"fiction | history, historical fiction, biography | non-fiction | mystery, thriller, crime",young-adult | children,"history, historical fiction, biography | non-fiction | mystery, thriller, crime",5,3,4,20–75,3
17375709,239391,Il guerriero,ita,Non-English,125.0,"Nel cuore di un uomo ci sono un santo e un peccatore Lochlan MacAllister, educato per essere all'altezza di guidare il proprio clan, ha dedicato la vita a questo scopo. Ma quando scopre che il fratello che credeva di aver perso e in realta vivo, non esita a mettersi in viaggio e a cercare in Francia la verita. Qui si imbatte nella cugina Catarina, figlia illegittima del re, il quale ha deciso di darla in sposa con scopi politici. In fuga da questo destino, la sorte sembra essersi accanita contro di lei perche Lochlan e l'uomo che piu di ogni altro lei odia. Cosi diversi di carattere, ma con il ricordo di un'infanzia infelice da condividere, attraverso la reciproca conoscenza scopriranno il calore della passione.","fiction | history, historical fiction, biography | romance | fantasy, paranormal","fiction | fantasy, paranormal | young-adult","history, historical fiction, biography | romance",young-adult,3,4,3,76–150,4+
34914724,56177996,Time Strike (Exodus: Empires at War #12),unknown,Unknown,257.0,"The New Terran Empire is still trying to recover from the Ca'cadasan strike that left over three hundred million dead and ripped the heart out of the ship production of Central Docks. The Donut, the huge station in orbit around the Supersystem black hole, was almost destroyed in that strike, and its defenses have been strengthened considerably.That Caca strike didn't do all they had wanted, but it had hurt the Empire's war making capabilities. The Ca'cadasans are at it again, with a two-pronged attack on the Empire. Sean has to decide, and quickly, how his fleet is to counter this move. The fleet, short of resources, could use the almost thousand ships destroyed and damaged in the enemy strike. And Sean would give his soul to get his heir, killed in the Caca strike, back. The lure of changing time, something he learns is very possible, beckons. Despite the warning that time travel was the undoing of the Ancients who had once ruled his sector of space. But the Ancients are not extinct, and they will do whatever they can to prevent the humans from disrupting the time stream and destroying their own race. Even if it means destroying the one weapon the humans have that might win their war of extermination against the Ca'cadasan Empire. They will try to prevent the Time Strike with their last resources, with their lives. ??? The saga continues, as massive Empires war with each other across thousands of light years of space. Scroll up and grab a copy today.",fiction,"fiction | history, historical fiction, biography | fantasy, paranormal",,"history, historical fiction, biography | fantasy, paranormal",2,1,3,251+,1
20262760,28098772,"Seduce Me (Ravage MC, #2)",eng,English,278.0,"Casey Alexandergrew up part of the Ravage Motorcycle family since the day she was abandoned by her mother and thrown into her father's lap. Always seeing herself as an outsider, she spent her whole life trying to fit in, but never really succeeding. When she loses her beloved father, the utter aloneness engulfs her, leaving her searching for solace in the one man she's always craved. Confessing her love for him only results in devastation when he pushes her away. Convinced she needs a fresh start, she leaves everything behind in order to mend her broken heart and begin building a future without him. Gage Thomas (G.T.)Gavelson fell in love with his Angel when he was just a pint sized kid. Both beautiful and smart, he always felt she deserved so much better than him. Growing up beside her in the club only continued to test his will power, until one night, he gave into temptation. Realizing he couldn't allow himself to hold her back from the life she deserved, he pushed her away, allowing her to believe she would never be enough for him. Letting her go had been the hardest thing he'd ever done. Even though he'd thought it'd been the right thing to do, not a day goes by that misery doesn't consume him for it. When a tragic shootout occurs, everything changes as once again their lives are intermingled. When you find your way back to the one person you are meant to be with, forgiveness should be easy. But sometimes, we hurt each other too much to ever be able to forgive. Is their love strong enough to heal their pain?","fiction | romance | mystery, thriller, crime",romance,"fiction | mystery, thriller, crime",,2,3,1,251+,3
1209636,1223215,Applied Hydrogeology,unknown,Unknown,52.0,This text gives an examination of how each facet of hydrology is related to other geologic fields. The text stresses the application of mathematics to problem solving rather than derivation of theory. Numerous case studies cultivate student understanding of the occurrence and movement of ground water in a variety of geologic settings.,non-fiction,non-fiction,,,0,1,1,20–75,1
11506793,16442555,Out of the Killing Fields--Into the Light: Interviews with Mormon Converts from Cambodia,unknown,Unknown,59.0,"During the time the Khmer Rouge communists ruled Cambodia, over a million people were tortured and killed. This book chronicles the miracles of several Cambodian refugees who found their way out of the killing fields and into the light and joy of the restored gospel of Jesus Christ. Inspirational and touching, this fascinating volume will fill you with awe.","fiction | history, historical fiction, biography | non-fiction","fiction | history, historical fiction, biography | non-fiction",,,0,3,3,20–75,3
18918578,26110980,Catch,unknown,Unknown,104.0,"**Catch is a 20,00 word story (about 80 pages). It should take most readers 1 or 2 hours to read.** When eighteen-year-old Miranda chases a purse snatcher on the Las Vegas Strip, the last thing she expects is for the pursuit to turn into an extended game of hide-and-seek. All Miranda wants are the old black and white photographs buried at the bottom of her purse. They're the only things she has left of the grandmother she never knew. But how much is she willing to put on the line to save them? And is it possible she's falling in love with a thief?","fiction | romance | mystery, thriller, crime | young-adult","fiction | romance | mystery, thriller, crime | young-adult",,,0,4,4,76–150,4+
1462998,990677,The Day Of The Locust And His Other Novels,unknown,Unknown,139.0,"The Day of the Locustis a novel about Hollywood and its corrupting touch, about the American dream turned into a sun-drenched California nightmare. Nathaniel West's Hollywood is not the glamorous ""home of the stars"" but a seedy world of little people, some hopeful, some desparing, all twisted by their by their own desires -- from the ironically romantic artist narrator to a macho movie cowboy, a middle-aged innocent from America's heartland, and the hard-as-nails call girl would-be-star whom they all lust after. An unforgettable portrayal of a world that mocks the real and rewards the sham, turns its back on love to plunge into empty sex, and breeds a savage violence that is its own undoing, this novel stands as a classic indictment of all that is most extravagant and uncontrolled in American life.","fiction | history, historical fiction, biography","fiction | history, historical fiction, biography | mystery, thriller, crime | young-adult",,"mystery, thriller, crime | young-adult",2,2,4,76–150,2
748565,734706,"History of My Life, Vols. VII & VIII",eng,English,60.0,"In volumes 7 and 8, Casanova is now close to forty. His various manipulations of the credulous rich have made him rich in turn. His travels take him to France, Germany, Switzerland, and Italy. In Rome he charms the Pope; in Naples, he nearly marries a young woman as licentious as he is himself, but she turns out to be his daughter.","fiction | history, historical fiction, biography | romance | non-fiction | comics, graphic","fiction | history, historical fiction, biography","romance | non-fiction | comics, graphic",,3,5,2,20–75,4+
2808754,2834652,"MegaMan NT Warrior, Vol. 3",unknown,Unknown,74.0,"A new force has been unleashed from the darkest, wildest realms of the Net--a menace more dangerous than anything DenTech City has ever faced. What is it? MegaMan himself! Transformed by the mysterious ""Beast"" program, MegaMan has developed the unwelcome power to turn into a rampaging monster. While Lan's scientist dad searches for a solution, MegaMan and Lan try to deal with MegaMan's beastly new condition...while fighting the world's most powerful NetNavis!","fiction | children | comics, graphic","fiction | fantasy, paranormal | mystery, thriller, crime | comics, graphic",children,"fantasy, paranormal | mystery, thriller, crime",3,3,4,20–75,3
18248825,803815,Il responsabile delle risorse umane,ita,Non-English,181.0,"Un terrorista suicida si fa esplodere in un mercato di Gerusalemme. Una donna muore. Era straniera, viveva da sola in una squallida baracca di un quartiere di religiosi. Nessuno va a reclamare il suo cadavere all'obitorio del Monte Scopus. Eppure Julia Regajev aveva ancora formalmente un lavoro, come addetta alle pulizie in un grande panificio della citta. Un giornalista senza scrupoli sfrutta il caso per imbastire uno scandalo e denuncia la <>dell'azienda, che non si e nemmeno accorta dell'assenza della dipendente. Tocca al responsabile delle risorse umane, spedito in missione dall'anziano proprietario del panificio, cercare di rimediare al danno d'immagine. Ma il viaggio verso la compassionevole sepoltura della donna si rivela per lui molto piu importante di un'operazione di facciata nei confronti dell'opinione pubblica. Per un personaggio di Yehoshua, essere responsabile significa non tanto essere colpevole, ma soprattutto portare attivamente il peso di un imperativo morale. Cosi il responsabile delle risorse umane impara che anche una piccola colpa, come quella di cui si e macchiata la sua azienda, non va trascurata, perche anche le piccole colpe possono avere un potere terribile.","fiction | history, historical fiction, biography","fiction | history, historical fiction, biography | comics, graphic",,"comics, graphic",1,2,3,151–250,2
34080383,50518327,Highland Vixen,unknown,Unknown,80.0,"Marcus MacPherson is every inch the fearsome Highlander. He's used to men averting their eyes and women cowering before him. He thinks he'll eventually settle down with a nice, obedient bride. Instead, he gets Helen Grant . . . Stubborn as the day is long, fearless, and dedicated to raising as much hell as possible, Helen is definitely going to challenge Marcus. And challenge him some more. And then some. It's anyone's guess who'll win this battle of the heart . . . Contains mature themes.","fiction | history, historical fiction, biography | romance","fiction | romance | fantasy, paranormal","history, historical fiction, biography","fantasy, paranormal",2,3,3,76–150,3
9988051,12458845,Los Radley,spa,Non-English,72.0,"ROWAN: Nunca duerme. Usa protector solar de factor 60. Es un freak. CLARA: Quiere ser vegetaria, pero la falta de carne la pone enferma. PAPA: Medico de familia con permanente dolor de cabeza. Esta sediento, muy sediento. MAMA: Quiere evitar a toda costa un desastre familiar y jamas metiria a sus hijos... ?o si? TIO WILL: Cool. Peligroso. El tio prodigo vuelve para desenterrar los mas oscuros secretos. Y mucha, mucha sangre fresca.","fiction | romance | fantasy, paranormal | mystery, thriller, crime | young-adult","fiction | fantasy, paranormal | mystery, thriller, crime | young-adult | comics, graphic",romance,"comics, graphic",2,5,5,20–75,4+
31152405,49013874,Z Children: The Surge,unknown,Unknown,148.0,"The forecast for tomorrow? Bloody! Z Children 2: The Surge is action-packed from start to finish. Focusing on JW & Virginia's group, the story captures the true ugliness and sacrifice that goes with survival. Buckle up as a rescue mission is brimming with spine-tingling terror. An armored truck becomes the new Alamo. And there's a wedding which is anything but 'a happily ever after'. JW's group has made camp in a hotel overlooking a Dallas hospital where someone is trapped. Bonnie and Ranger, the now inseparable duo, have faith that JW can, not only stay alive, but also save this person from an otherwise certain death. JW, however, isn't so sure. He's faced enemies before, but nothing as unsettling as the innocent death masks these Z children wear. The ex-special forces drifter used to believe he'd seen the worst the world had to offer. He was wrong.","fiction | fantasy, paranormal","fiction | romance | fantasy, paranormal | young-adult",,romance | young-adult,2,2,4,76–150,2
31916507,52570087,E.M.P.: The End Of The Grid As We Know It (All At Once) (Volume 1),unknown,Unknown,106.0,"The United States may have just come to an end in this exciting post-apocalyptic, dystopian thriller about several electromagnetic pulse (EMP) attacks all at once. Not only has the electrical grid come crashing down, but all other critical infrastructures of the country have ceased to exist, leaving the country a vast wasteland, where only the ruthless and resourceful survive. Jim Burkett is stuck on a business trip when it all happens, and he must battle prison breaks, food riots, criminal gangs, looters, cannibals, terrorist sleeper cells, nuclear fallout, and otherwise total anarchy in his quest to get home to his family. Will he make it?","fantasy, paranormal","fiction | mystery, thriller, crime | comics, graphic","fantasy, paranormal","fiction | mystery, thriller, crime | comics, graphic",4,1,3,76–150,1
7883334,11091829,The Hunt For Sunan,unknown,Unknown,39.0,"Three engineers meet on business in a small Louisiana town next to the Mississippi River. When one disappears, the other two, Daniel and Nadine, start searching, and uncover a decades-old secret that threatens the town and their lives.","fiction | mystery, thriller, crime","fiction | mystery, thriller, crime",,,0,2,2,20–75,2
1003131,1398442,The Stars My Destination,eng,English,68.0,"In this pulse-quickening novel, Alfred Bester imagines a future in which people ""jaunte"" a thousand miles with a single thought, where the rich barricade themselves in labyrinths and protect themselves with radioactive hit men - and where an inarticulate outcast is the most valuable and dangerous man alive. The Stars My Destinationis a classic of technological prophecy and timeless narrative enchantment by an acknowledged master of science fiction.","fiction | fantasy, paranormal | mystery, thriller, crime","fiction | history, historical fiction, biography | romance | fantasy, paranormal | comics, graphic","mystery, thriller, crime","history, historical fiction, biography | romance | comics, graphic",4,3,5,20–75,3
2984373,3014816,In Search of a Confident Faith: Overcoming Barriers to Trusting in God,unknown,Unknown,94.0,"Many obstacles can get in the way of having a healthy Christian faith. Some of those obstacles are intellectual, but there are emotional, relational and experiential ones as well. Even theological problems can get in the way when the very nature of faith itself is misunderstood. J. P. Moreland and Klaus Issler team up in this book to clear away the barriers to faith by helping you gain a clear grasp of what faith is, identifying the various obstacles to it and providing guidance for growing in your trust in God through Jesus Christ.",non-fiction,non-fiction,,,0,1,1,76–150,1
23358301,847797,"Charlie a ukrytý král (The Children of the Red King, #5)",cze,Non-English,70.0,"Jednoho dne za husteho snezeni zmizela z mesta vsechna zvirata. Charliemu je jasne, ze to neni jen tak. Proc se to stalo, kam se zvirata podela? V Bludove akademii se opet deji podivne veci. A navic je Charlieho maminka ocarovana. Kdo v tom ma zle prsty? Charlie Hnat ma zase spoustu prace - musi vsemu co nejdriv prijit na kloub. A ze to bude vic nez nebezpecne, na to vemte jed!","fiction | fantasy, paranormal | mystery, thriller, crime | young-adult | children","romance | fantasy, paranormal | mystery, thriller, crime",fiction | young-adult | children,romance,4,5,3,20–75,4+
18427230,26064480,"The Pursuit of Passion (Pursuit, #2)",eng,English,206.0,"Who am I kidding? I can't even beat a dead man in his grave. It's true what everyone has been saying all these years. What she has been saying. Her coldness, the way she always tries to keep her distance, her constant refusals of my dinner invitations aren't because she's close-minded or afraid to give love another try. It's because she can't. **************** Adam Garnett has been known for his utterly good looks, brilliance at closing multimillion-dollar business deals, and failed attempts at seducing his boss, Taylor Doheny: The beautiful widow of Adam's best friend. Three years after her husband's death, Taylor Doheny is still determined to keep her heart locked away from men, particularly the ultimate flirt and notorious womanizer named Adam Garnett. She had better take care; his ravishing words, sweet promises, and provocative gestures are threatening to break through her defenses and irrevocably get under her skin. When Adam risks his life to rescue her during a vicious assault, Taylor can't find it in her to ignore his broiling desire and obsessive lust for her. Will she be able to leave the past behind and open up her heart to Adam, despite the real danger of having her already fragile emotions crushed?",romance,"fiction | romance | fantasy, paranormal",,"fiction | fantasy, paranormal",2,1,3,151–250,1
27760382,47738050,"Shy Violet (Wildflowers of Scotland, #4)",eng,English,38.0,A bagpiper whose music spans the centuries. A pirate ship that goes where it will. A castle with a troubled history. Violet is fleeing the present only to collide with the past -- and run headfirst into her dream.,romance,"fiction | romance | fantasy, paranormal | young-adult | children",,"fiction | fantasy, paranormal | young-adult | children",4,1,5,20–75,1
13453297,18979793,Collins Improve Your Grammar,eng,English,135.0,"An invaluable guide to the world of good grammar which breaks down the barriers that prevent many intelligent people from communicating effectively. Picking up a book on grammar takes courage, but the learner can take heart from the fact that many of the great writers, including Charlotte Bronte, were hopeless at grammar at school. Her teachers complained that she ,,knew nothing of grammar?, and could read only ,,tolerably? and write ,,indifferently?. Yet although learning and obeying the rules of grammar won?t automatically bestow the grace and excellence of a Bronte on your writing, learning how written language works will certainly improve your communication skills, step by practical step. The guide features: the thirteen gremlins of grammar, from apostrophes to verbs. the point of sentence construction. the writing of good English. witty cartoons and illustrations.",non-fiction,"fiction | history, historical fiction, biography | non-fiction | young-adult | children",,"fiction | history, historical fiction, biography | young-adult | children",4,1,5,76–150,1
102270,211769,Dark Ladies: Conjure Wife/Our Lady of Darkness,eng,English,133.0,"Conjure Wife Witchcraft. Norman Saylor considered it nothing but superstition, until he learned that his own wife was a practicing sorceress. Even still, he refuses to accept the truth that every woman knows...that in the secret occult warfare that governs our lives, witchcraft is a matter of life and death. Our Lady of Darkness Middle-aged San Francisco horror writer Franz Westen is rediscovering ordinary life following a long alcoholic binge. The one day, peering at his apartment window from a top a nearby hill, he sees a pale, brown thing lean out his window...and wave. This encounter sends Westen on a quest through ancient books and modern streets, for the dark forces and paramental entities that thrive amidst the towering skyscrapers...and, meanwhile, the entities are also looking for him.","fiction | romance | fantasy, paranormal","fiction | history, historical fiction, biography | fantasy, paranormal",romance,"history, historical fiction, biography",2,3,3,76–150,3
32602910,44709300,"A qualunque costo (Sex & Mayhem, #4)",ita,Non-English,223.0,"Fantasma. Non e membro dei Coffin Nails. Non e piu medico. Non e gay. Luca. E stato costretto a piegarsi, ma non si e spezzato. Vuole restare con Fantasma. A qualunque costo. Fantasma impara a caro prezzo che le persone incontrate su internet non sempre sono chi dicono di essere. Dopo cinque anni di frequentazione online, lui e ""Zara"" sono diventati inseparabili. Lei gli e rimasta accanto nei momenti belli e in quelli brutti. Lui l'ha sostenuta e consolata quando il fidanzato violento la riduceva in lacrime. ""Zara"" e Quella Giusta e, nonostante gli amici gli diano del folle, Fantasma vuole chiederle di sposarlo. Purtroppo, pero, viene fuori che ""Zara"" e Luca, e Luca e un maschio. Eppure e la stessa persona dagli occhioni scuri e con un disperato bisogno d'aiuto che Fantasma ha imparato ad amare, e per questo finisce per farsi coinvolgere fino al collo. Solo che il cosiddetto ""fidanzato"" non e soltanto violento: e un trafficante di droga, un mafioso siciliano, un uomo spietato e pericoloso. Per salvare la persona che ama e che gli ha sconvolto il cuore, Fantasma e costretto a fare un patto con il Coffin Nails Motorcycle Club, da cui si e sempre tenuto a distanza. E quando questa vita all'insegna della violenza diventera troppo difficile da sopportare, forse sara lui ad aver bisogno di Luca.","romance | mystery, thriller, crime","fiction | history, historical fiction, biography | romance | young-adult","mystery, thriller, crime","fiction | history, historical fiction, biography | young-adult",4,2,4,151–250,2
21844143,40283,Of Mice and Men,eng,English,134.0,"Alternate cover edition and format for ISBN 9781101530900 The compelling story of two outsiders striving to find their place in an unforgiving world. Drifters in search of work, George and his simple-minded friend Lennie have nothing in the world except each other and a dream--a dream that one day they will have some land of their own. Eventually they find work on a ranch in California's Salinas Valley, but their hopes are doomed as Lennie, struggling against extreme cruelty, misunderstanding and feelings of jealousy, becomes a victim of his own strength. Tackling universal themes such as the friendship of a shared vision, and giving voice to America's lonely and dispossessed, Of Mice and Menhas proved one of Steinbeck's most popular works, achieving success as a novel, a Broadway play and three acclaimed films.","fiction | history, historical fiction, biography | young-adult","fiction | mystery, thriller, crime | young-adult","history, historical fiction, biography","mystery, thriller, crime",2,3,3,76–150,3
31689938,42072736,La soledad,fre,Non-English,84.0,"Bruno Labastide est venu s'installer a Venise, dans le quartier de Dorsoduro, au terme d'une vie bien remplie durant laquelle il n'a cesse de parcourir le monde. Cela fait bien un an qu'il y reside, lorsqu'un jour, il voit une jeune Japonaise d'une beaute stupefiante passer devant le cafe ou il a ses habitudes. C'est le coup de foudre. Mais cette derniere, Keiko, ne lui concedera une nuit d'amour que s'il parvient a l'emouvoir avec un poeme ou une histoire... Mais par laquelle commencer ?",fiction,fiction | romance,,romance,1,1,2,76–150,1
25175808,44737982,Hard,en-us,English,105.0,"I have been staring at her for three months. Watching her. Memorizing her. For ninety-two days, I've looked into those lifeless green eyes. And for ninety-two days she has inspired me in ways I never knew possible. A muse, unbeknownst to her. Motivating me. Encouraging my darkest desires. I'm a man who knows what he wants. And what I want is the beautiful and broken Holland Howard. My name is Jensen Payne--photographer, autocrat, lecher, Scopophiliac. I am who I am and I will not--cannot--change. *This is an Erotic Romance. Recommended for readers 18+ ONLY. WARNING: This book contains possible emotional triggers.",romance,"fiction | romance | mystery, thriller, crime",,"fiction | mystery, thriller, crime",2,1,3,76–150,1
24326889,2158906,Para Sempre Alice,por,Non-English,207.0,"Alice (no filme, interpretada por Julianne Moore) sempre foi uma mulher de certezas. Professora e pesquisadora bem-sucedida, nao havia referencia bibliografica que nao guardasse de cor. Alice sempre acreditou que poderia estar no controle, mas nada e para sempre. Perto dos cinquenta anos, Alice Howland comeca a esquecer. No inicio, coisas sem importancia, ate que ela se perde na volta para casa. Estresse, provavelmente, talvez a menopausa; nada que um medico nao de jeito. Mas nao e o que acontece. Ironicamente, a professora com a memoria mais afiada de Harvard e diagnosticada com um caso precoce de mal de Alzheimer, uma doenca degenerativa incuravel. Poucas certezas aguardam Alice. Ela tera que se reinventar a cada dia, abrir mao do controle, aprender a se deixar cuidar e conviver com uma unica certeza: a de que nao sera mais a mesma. Enquanto tenta aprender a lidar com as dificuldades, Alice comeca a enxergar a si propria, o marido (Alec Baldwin), os filhos (Kate Botsworth, Hunter Parrish e a queridinha de Hollywood, Kirsten Stewart) e o mundo de forma diferente. Um sorriso, a voz, o toque, a calma que a presenca de alguem transmite podem devolver uma lembranca - mesmo que por instantes, e ainda que nao saiba quem e.",fiction | non-fiction,"fiction | history, historical fiction, biography | fantasy, paranormal | mystery, thriller, crime | young-adult",non-fiction,"history, historical fiction, biography | fantasy, paranormal | mystery, thriller, crime | young-adult",5,2,5,151–250,2
13481110,861214,Principessa di sangue,ita,Non-English,192.0,"Un'automobile avanza lenta tra le dune sabbiose di una spiaggia. A bordo, tre uomini dal fare circospetto e una bambina di sette anni, avvolta in un sacco a pelo, stordita da un'iniezione di morfina. Il gruppo raggiunge una casa isolata, si unisce al resto dei rapitori. Ma scoppia uno scontro a fuoco e i malviventi si uccidono tra loro. Uno solo si salva, si carica in spalla la bambina rimasta ferita e si allontana a piedi tra i bagliori di un'esplosione. E il 1950. 1956. Ivory Pearl, una fotoreporter d'assalto che ha seguito a rischio della vita i vari conflitti e guerriglie del dopoguerra, decide di prendersi una pausa da quell'esistenza di dolore e morte e si ritira a Cuba, nel cuore della Sierra Maestra. Immersa in una natura selvaggia e mozzafiato, si ritrovera suo malgrado al centro di un intrigo internazionale condotto dai Servizi segreti. Con lei, un uomo inquietante e una ragazzina rozza e misteriosa, di cui sara costretta a incrociare il destino. Un romanzo in cui si mescolano piccola e grande Storia, personaggi straordinari e traffici di tutti i generi, e che traccia sapientemente il grande caos del secolo appena trascorso.","fiction | mystery, thriller, crime","fiction | history, historical fiction, biography | fantasy, paranormal | mystery, thriller, crime | young-adult",,"history, historical fiction, biography | fantasy, paranormal | young-adult",3,2,5,151–250,2
24765932,13460686,"The Unbecoming of Mara Dyer (Mara Dyer, #1)",eng,English,85.0,"I know that having a fake name is strange, but trust me -- it's the most normal thing about my life right now. Mara Dyer believes life can't get any stranger than waking up in a hospital with no memory of how she got there. It can. She believes there must be more to the accident she can't remember that killed her friends and left her strangely unharmed. There is. She doesn't believe that after everything she's been through, she can fall in love. She's wrong.","fiction | romance | fantasy, paranormal | mystery, thriller, crime | young-adult","fiction | romance | mystery, thriller, crime","fantasy, paranormal | young-adult",,2,5,3,76–150,4+
13381453,1361691,Só Os Mortos Sabem...,por,Non-English,180.0,"Trinta anos atras, duas irmas desapareceram de um centro comercial. Os seus corpos nunca foram encontrados. Agora uma mulher manifestamente desorientada, envolvida num acidente de viacao em hora de ponta, afirma ser a mais nova das irmas Bethany ha muito desaparecidas. Mas a sua admissao involuntaria e subsequente esforco para alienar os investigadores adensam ainda mais o misterio. Onde esteve ela todo este tempo? Por que esperou tanto para reaparecer? Podera o seu raptor ser um estimado policia de Baltimore? Nao existem quaisquer provas que validem a sua historia e cada pista que fornece a policia parece conduzir a mais um beco sem saida - um moribundo incoerente, uma casa arrasada, uma campa inexistente e uma familia ha muito desfeita, destrocada nao so pelo crime mas tambem pelas fissuras reveladas pela tragedia num lar aparentemente perfeito. Numa historia que recua e avanca por varias decadas, somente uma pessoa ousa mostrar-se ceptica em relacao a mulher que pretende reivindicar a identidade de uma das irmas Bethany sem, no entanto, revelar o destino da outra. Sera ela capaz de descobrir a verdade?","fiction | mystery, thriller, crime | children","fiction | romance | mystery, thriller, crime",children,romance,2,3,3,151–250,3
2778186,2803944,"The Long War Ahead and the Short War Upon Us: Imperfect Civilization, Perfect Barbarism, and WMD Terror",unknown,Unknown,99.0,"The Long War refers to the struggle against radical strains of Islam, which will take generations; the Short War refers to the effort to stop a WMD attack that would inflict grave damage on America and the West. The author is optimistic that the West will prevail in the Long War, but pessimistic about the Short War, because we are not doing all we that can-and must-do to stop a catastrophic WMD strike. Should we lose the Short War, we may well find victory hollow in the Long War. We must act now to prevail in both.","history, historical fiction, biography | non-fiction | mystery, thriller, crime","fiction | history, historical fiction, biography | fantasy, paranormal","non-fiction | mystery, thriller, crime","fiction | fantasy, paranormal",4,3,3,76–150,3
35286193,56648404,"Teresa, la de Jesús",spa,Non-English,42.0,"Biografia de Santa Teresa en formato comic, donde lo documentado no quita lo sencillo y donde una cascada de dibujos intentan transmitir la personalidad y el espiritu de Teresa a gente como nosotros que, sin negarnos a los libros, devoramos los comics.",young-adult,"fiction | history, historical fiction, biography | young-adult | comics, graphic",,"fiction | history, historical fiction, biography | comics, graphic",3,1,4,20–75,1
14290356,19931506,Family Ties,en-gb,English,150.0,"She's all country... He's all city... Grace Tucker thought she had her life put back together - with the help of her over-protective brothers. She had a quiet, predictable life operating the family hardware store in her hometown and spending her free time with her friends, the Caldwell family. That was... until a tragic accident took her two best friends and left their daughters orphaned. If that wasn't devastating enough - Dirk Caldwell, the egocentric brother no one's met, blows into town. Dirk Caldwell realized he wasn't in California anymore when he stepped from the redneck, rattletrap airplane and was smacked in the face with a cold breeze laced with manure. It was exactly what he'd expected from the backwater town his brother called home. But going head to head with Grace Tucker was not. When two worlds collide can they form a bond strong enough to tie a family together?",romance,fiction | romance,,fiction,1,1,2,76–150,1
18634333,26430117,"Aberration (East Park, #3)",eng,English,136.0,"As a new East Park graduate with a sparkling business degree, Britain McCulley returns to her parents' Malibu estate for the summer to play the part of the naive, modest heiress that Mom and Dad want her to be. For two months, Britain must hide who she really is, which means not letting slip the fact that she's an incredibly successful erotica photographer. Or the fact that she had mind-blowing sex with one of her models--Jaime Rivera--who also happens to be her brother's traitor of a best friend. When Jaime shows up to make amends with her family, he threatens to blow over her good-girl facade like a house of cards. And he is only the beginning. Bawdy, hilarious, and sinfully sexy, ABERRATION is the newest addition to the East Park chronicles.",fiction | romance,"fiction | romance | fantasy, paranormal",,"fantasy, paranormal",1,2,3,76–150,2
8808693,1330198,This Book Will Save Your Life,eng,English,91.0,"Since her debut in 1989, A. M. Homes has been among the boldest and most original voices of her generation, acclaimed for the psychological accuracy and unnerving emotional intensity of her storytelling. Her ability to explore how extraordinary the ordinary can be is at the heart of her touching and funny new novel, her first in six years. This Book Will Save Your Lifeis a vivid, uplifting, and revealing story about compassion, transformation, and what can happen if you are willing to lose yourself and open up to the world around you.",fiction,"fiction | fantasy, paranormal | comics, graphic",,"fantasy, paranormal | comics, graphic",2,1,3,76–150,1
34735126,15198,Snowball Oranges: One Mallorcan Winter,unknown,Unknown,103.0,"When the Kerr family leave Scotland to grow oranges in a secluded valley on the island of Mallorca, they are surprised to be greeted by the same freezing weather they have left behind. Then they realize that their new orange farm is a bit of a lemon. . . . Laughter, finds Peter Kerr, is the best medicine when faced with a local dish of rats and the live-chicken-down-a-chimney technique of household maintenance. But their Mallorcan neighbors help them adapt to their new life. Snowball Orangesis hilarious and revealing, full of life and color, set against the breathtaking beauty of the Mediterranean.","fiction | history, historical fiction, biography | non-fiction","fiction | fantasy, paranormal","history, historical fiction, biography | non-fiction","fantasy, paranormal",3,3,2,76–150,3
23081118,42633214,"Hidden Gem (Hidden Gem, #1)",eng,English,196.0,"Misaki ""Aki"" Itou is a psi--a person with mutated DNA granting him psychic abilities. He's also a contracted companion--a whore. It may not be the perfect profession, but having a roof over his head, food to eat, and not being subjected to torture is a dream come true. He is the top companion at the Hidden Gem, and it makes him enough money to buy the prettiest, most sparkly shoes he can find. Shane McNaughton is an Irishman who survived the Third World War and works as a cop. Head of Missing Persons, he's good at finding people, but after the plague of the Third mutated his DNA, he has a hard time letting anyone see the monster inside. He's been paying for Aki's services for two years, both the psi and the sexual kind, but he wants more from the companion. Shane needs Aki's ability to see into another person's past to track down a serial killer murdering the children of rich and powerful men, but the more they work together, the clearer it becomes that they are linked through a darker past than either of them realizes. Warning: Contains mild BDSM elements.","fiction | romance | fantasy, paranormal | mystery, thriller, crime","fiction | romance | mystery, thriller, crime","fantasy, paranormal",,1,4,3,151–250,4+
800011,1392816,"Medusa (Aurelio Zen, #9)",unknown,Unknown,181.0,"348 393 9028: MEDUSA. After the heated pool, the air was distinctly cool, even down here in the sheltered terraces above lake Lugano. He keyed in the number, then turned to face the hillside behind the villa. The land rose precipitously, the contours marked by the looping line of Via Totone and its accompanying homes and gardens. There was no one in sight. When a group of Austrian cavers in the Italian Alps come across human remains at the bottom of a deep shaft, everyone assumes the death was accidental - until the still unidentified body is stolen from the morgue and the Defence Ministry puts a news blackout on the case. The whole affair has the whiff of political intrigue. The search for the truth leads Zen back into the murky history of post-war Italy and obscure corners of modern-day society to uncover the truth about a crime that everyone thought was as dead and buried as the victim. If you enjoyed the Inspector Zen Mystery series you may also like The Last Sherlock Holmes Story, another crime novel by Michael Dibdin.","fiction | mystery, thriller, crime | young-adult","fiction | history, historical fiction, biography | mystery, thriller, crime",young-adult,"history, historical fiction, biography",2,3,3,151–250,3
118514,114089,Tammy: Telling It My Way,unknown,Unknown,23.0,"The controversial, outrageous former co-host of the PTL tells her harrowing story of love, faith, corruption, and courageous recovery. 16 pages of photos.","history, historical fiction, biography | non-fiction","fiction | history, historical fiction, biography | non-fiction | mystery, thriller, crime | comics, graphic",,"fiction | mystery, thriller, crime | comics, graphic",3,2,5,20–75,2
34644325,55805531,Solstice to Solstice to Solstice,eng,English,314.0,"Against a backdrop of loss and exhaustion, in the searching tradition of Walden, Bluets, and Pilgrim at Tinker Creek, the speaker of Solstice to Solstice to Solstice chronicles the in-breaking of day in a quest to see and to be seared by seeing, to know what can be known, to find truth sturdy as clapboards and joy robust enough to get her through each coming day. Allison Boyd Justus' collection of freeform and prose poetry captures every sunrise during the 2009-10 solar year--from solstice to solstice and back to solstice--and each cyclical dawn brings something new and fresh, bursting with color, internal compasses, and astronomical guides. Through it all, beauty, introspection, hope, and felicity remind us to embrace every day in its new light. ~~~~~~~~~ ""In Solstice to Solstice to Solstice, Allison Boyd Justus gives us 366 mornings of sunrises during a single solar year, 366 blank slates, 366 chances to perceive and create something new. These eye-opening poems are like mornings themselves, full of startling pleasures: 'light brilliant as fact,' 'the mountain a shudder,' 'a murmuration of starlings rattl[ing] like a tambourine.' Justus shows us, poem after poem, that each day is a page where anything might be written."" --Maggie Smith, author of The Well Speaks of Its Own Poison, Lamp of the Body, and The List of Dangers ""Justus reminds us that observation is one of the most important parts of being alive: just noting change and presence. She forces attention to the small things, and even though the sky is the star, the speaker takes on a supporting role. By the end, it seems that both the sun and the speaker have learned something in their year: they're back where they started, but also further along. There's something about witnessing dawn, each day--knowing, this is new, and untouched."" --Micah Ling, author of Three Islands, Sweetgrass, Settlement, and Flashes of Life",poetry,"fiction | fantasy, paranormal | poetry",,"fiction | fantasy, paranormal",2,1,3,251+,1
12957295,18114589,Ten Universal Principles: A Brief Philosophy of the Life Issues,en-us,English,192.0,"How do we make sense of life? How should we treat others? How should we reasonably be expected to be treated by others? When human life is at stake, are there reasonable principles we can rely on to guide our actions? How should our laws be framed to protect human life? What kind of society should be built?Many people rely on their religious beliefs to answer these questions. But not everyone accepts the same religious premises or recognizes the same spiritual authorities. Are there public arguments--reasons that can be given that do not presuppose agreement on religious grounds or common religious commitments--that can guide our thoughts and actions, as well as our laws and public policies?In Ten Universal Principles: A Brief Philosophy of the Life Issues, Jesuit Father Robert Spitzer sets out, in a brief, yet highly-readable and lucid style, ten basic principles that must govern the reasonable person's thinking and acting about life issues. A highly-regarded philosopher, Father Spitzer provides an intelligent outline for thinking and talking about human life. This book is a powerful tool for persuasively articulating and effectively inculturating a prolife philosophy.","history, historical fiction, biography | non-fiction | young-adult",non-fiction,"history, historical fiction, biography | young-adult",,2,3,1,151–250,3
7054202,951056,The Iron Heel,eng,English,88.0,"Set in the future, ""The Iron Heel"" describes a world in which the division between the classes has deepened, creating a powerful Oligarchy that retains control through terror. A manuscript by rebel Avis Everhard is recovered in an even more distant future, and analyzed by scholar Anthony Meredith. Published in 1908, Jack London's multi-layered narrative is an early example of the dystopian novel, and its vision of the future proved to be eerily prescient of the violence and fascism that marked the initial half of the 20th century.","fiction | history, historical fiction, biography | fantasy, paranormal","fiction | history, historical fiction, biography | fantasy, paranormal | young-adult | comics, graphic",,"young-adult | comics, graphic",2,3,5,76–150,3
1276387,103828,Make Way For Ducklings,unknown,Unknown,271.0,"""Robert McCloskey's unusual and stunning pictures have long been a delight for their fun as well as their spirit of place.""--The Horn Book Mrs. Mallard was sure that the pond in the Boston Public Gardens would be a perfect place for her and her eight ducklings to live. The problem was how to get them there through the busy streets of Boston. But with a little help from the Boston police, Mrs. Mallard and Jack, Kack, Lack, Nack, Ouack, Pack, and Quack arive safely at their new home. This brilliantly illustrated, amusingly observed tale of Mallards on the move has won the hearts of generations of readers. Awarded the Caldecott Medal for the most distinguished American picture book for children in 1941, it has since become a favorite of millions. This classic tale of the famous Mallard ducks of Boston is available for the first time in a full-sized paperback edition. Make Way for Ducklingshas been described as ""one of the merriest picture books ever"" (The New York Times). Ideal for reading aloud, this book deserves a place of honor on every child's bookshelf. ""This delightful picture book captures the humor and beauty of one special duckling family. ... McClosky's illustrations are brilliant and filled with humor. The details of the ducklings, along with the popular sights of Boston, come across wonderfully. The image of the entire family proudly walking in line is a classic.""--The Barnes & Noble Review ""The quaint story of the mallard family's search for the perfect place to hatch ducklings. ... For more than fifty years kids have been entertained by this warm and wonderful story.""--Children's Literature",fiction | young-adult | children,fiction | children,young-adult,,1,3,2,251+,3
24692943,25472328,You Are Your Own Best Medicine: A Doctor’s Advice on the Body’s Natural Healing Powers,unknown,Unknown,320.0,"Simple do-it-yourself home remedies for better health and healing * Verifies the common sense of folk medicine with the latest medical research * Reveals easy steps to boost immunity and address common ailments like allergies, sleep disorders, cardiovascular problems, sexual dysfunction, and excess weight * Explains how to reduce your risk of cancer, heart attack, and Alzheimer's In You Are Your Own Best Medicine, Frederic Saldmann, M.D., verifies the common sense of folk medicine with the latest medical research to reveal simple do-it-yourself remedies that activate the body's natural healing powers and address common ailments like allergies, sleep disorders, cardiovascular problems, sexual dysfunction, and excess weight. You will learn: * how washing your hands helps your mood, * why hitting snooze on your alarm makes you tired, * how pistachios are more effective than Viagra, * simple acupressure tricks to relieve cramps, congestion, and other acute conditions, * how dark chocolate helps you lose weight, * which sleep position increases your risk of cancer, * the role of gut flora and probiotics in alleviating asthma, * how kissing boosts the immune system and helps wounds heal faster, * the importance of replacing your pillow regularly, * and much, much more . . . Sharing startling study results, Dr. Saldmann explains how reducing your calorie intake by 30% each day can increase your life expectancy by 20% and how 30 minutes of exercise a day reduces your risk of cancer, Alzheimer's, and cardiovascular disease by 40%! He discusses how to combat the harmful effects of electromagnetic fields, which are now implicated in insomnia as well as the onset of certain diseases. He explains how to overcome constipation and get a flat stomach in the process. Giving full scientific backing to home remedies that were well known three generations ago, as well as providing his own tips and tricks from his years as a respected medical doctor in Paris, Dr. Saldmann shows how the body can produce its own medicines and, given the opportunity, prevent illness altogether.",non-fiction,non-fiction,,,0,1,1,251+,1
34887914,21416605,Το 12ο Θύμα,gre,Non-English,168.0,"MIA ZOE DEMIOURGEITAI E Linzi Mpoxer gennaei to moro tes! Omos, prin prolabei na kharei te neogennete kore tes, anagkazetai na epistrepsei ste douleia, kathos to Tmema Anthropoktonion katakluzetai apo epeigouses upotheseis. Enas ekkentrikos kathegetes Agglikes Logotekhnias blepei sta oneira tou na diaprattontai dolophonies, tis opoies perigraphei sten astunomia me kathe leptomereia. Kaneis den ton pisteuei, mekhri te stigme pou ta oneira tou arkhizoun na bgainoun alethina. MIA ZOE KATASTREPhETAI Mia skhediastria modas dolophoneitai mesa sto autokineto tes. Basikos upoptos einai o philos tes, asteras tes omadas phoutmpol San Phransisko Phortinainers. E upothese phainetai na men krubei megales ekplexeis, mekhri te stigme pou to ptoma exaphanizetai apo to nekrotomeio. MIA ZOE KINDUNEUEI Enas katadikasmenos kata surroe dolophonos sunerkhetai apo to koma sto opoio briskotan epi duo khronia kai uposterizei oti tha apokalupsei tis theseis opou ekhei thapsei ta thumata tou. Kai xaphnika e Linzi erkhetai antimetope me to endekhomeno tes pio sugklonistikes apoleias tes zoes tes... E Gunaikeia Leskhe Phonon epistrephei me ena muthistorema pou tha sas kathelosei!","fiction | romance | mystery, thriller, crime","fiction | history, historical fiction, biography | romance | fantasy, paranormal | mystery, thriller, crime | young-adult",,"history, historical fiction, biography | fantasy, paranormal | young-adult",3,3,6,151–250,3
12416528,15352584,"Double Dexter (Dexter, #6)",unknown,Unknown,52.0,"Dexter Morgan is not your average serial killer. He enjoys his day job as a blood spatter analyst for the Miami Police Department, but he lives for his nighttime hobby of hunting other killers. Dexter is therefore not pleased to discover that someone is shadowing him, observing him, and copying his methods.","fiction | mystery, thriller, crime","fiction | mystery, thriller, crime",,,0,2,2,20–75,2
6082917,3229092,Your Heart Belongs to Me,unknown,Unknown,132.0,"For one man, they are the five most terrifying words of all...your heart belongs to me One year after the heart transplant that saved his life, thirty-five-year-old Ryan Perry has never felt better. He's getting back everything he nearly lost forever--his business, his life, and, with luck, his beloved girlfriend. Miracles do happen. Then the unmarked gifts begin to arrive--a box of candy hearts, a heart-shaped pendant. Most disturbing of all is a graphic heart-surgery video and its chilling message: Your heart belongs to me. Ryan is being stalked by someone who feels entitled to everything he has. She's the spitting image of the twenty-six-year-old donor of the heart beating steadily in Ryan's chest. And she's come to take it back.","fiction | mystery, thriller, crime","fiction | romance | mystery, thriller, crime",,romance,1,2,3,76–150,2
25987697,45900933,It Gets Under My Skin,eng,English,36.0,"Teen Wolf (TV) Stiles Stilinski/Jackson Whittemore This is what regret looks like: fucking in a bathroom, with the door locked, at some stupid party, because neither of you are supposed to want it. Words: 2868 complete","fiction | romance | fantasy, paranormal",fiction | romance | young-adult,"fantasy, paranormal",young-adult,2,3,3,20–75,3
33290623,2416056,Contact,unknown,Unknown,116.0,"For centuries humanity has dreamed of life and intelligence beyond the Earth; for decades scientists have searched for it in every corner of the sky; for years Project Argus, a vast, sophisticated complex of radio telescopes, has listened for a signal indicating the existence, somewhere in the universe, of extraterrestrial intelligence. Then, one afternoon, the course of human history is changed, abruptly and forever. The Message, awaited for so long, it's very possibility doubted by so many, arrives. Contact has been made. Life, intelligence, someone, somethingbeyond Earth, 26 light-years away, in the vicinity of the star Vega, is calling, beaming across space a wholly unexpected message to say that we are not - have never been - alone.","fiction | non-fiction | fantasy, paranormal","fiction | non-fiction | fantasy, paranormal",,,0,3,3,76–150,3
17679263,658092,The Lord and His Prayer,eng,English,53.0,"By looking in detail at the Lord's Prayer and its background, Tom Wright offers a really fresh and helpful way of looking at Jesus. Phrase by phrase, he demonstrates how understanding the prayer in its original setting can be the starting point for a rekindling of Christian spirituality and the life of prayer.","history, historical fiction, biography | non-fiction","history, historical fiction, biography | non-fiction",,,0,2,2,20–75,2
16236101,22238471,Seduce Me Tonight,unknown,Unknown,148.0,"Erotic love is the most powerful force in the world. 'Seduce Me Tonight' explores seduction from lust to long term love, from playful and teasing to dark and edgy. A short story collection perfect for anyone seduced by the 'Fifty Shades' trilogy or Sylvia Day's 'Crossfire' series. ""Seduce me."" A plea? A command? A need for connection that goes beyond the physical? These are stories of seduction. The anticipation, the tease, the buildup ... the promise of what comes next. That moment where your breath catches in your throat and your pulse quickens. The long look across a crowded coffee shop, the brush of fingers against the inside of your wrist. The dirty text message while you're in a meeting, the quick flash of bare skin still damp from the shower. Whether its lust at first sight or a long-held desire, 'Seduce Me Tonight' is the ultimate rush.",romance,"fiction | history, historical fiction, biography | romance",,"fiction | history, historical fiction, biography",2,1,3,76–150,1
22546088,24786910,"Five, Six, Seven, Nate!",eng,English,135.0,"Encore! Nate Foster's Broadway dreams are finally coming true in this sequel to Better Nate Than Ever that Publishers Weekly calls a ""funny, tender coming-of-age story."" Armed with a one-way ticket to New York City, small-town theater geek Nate is off to start rehearsals for E.T.: The Broadway Musical. It's everything he ever practiced his autograph for! But as thrilling as Broadway is, rehearsals are nothing like Nate expects: full of intimidating child stars, cut-throat understudies, and a director who can't even remember Nate's name. Now, as the countdown to opening night is starting to feel more like a time bomb, Nate is going to need more than his lucky rabbit's foot if he ever wants to see his name in lights. He may even need a showbiz miracle.",fiction | romance | young-adult | children,"fiction | romance | fantasy, paranormal | young-adult | children | comics, graphic",,"fantasy, paranormal | comics, graphic",2,4,6,76–150,4+
16344853,17617275,"The Tycoon's Revenge (Baby for the Billionaire, #1)",eng,English,174.0,"Jasmine Freeman's world is about to tumble down around her and the one responsible for it is none other than her first love, Derek Titan. She hasn't seen him in ten years, and they are both going to learn the truth of what happened back then. Jasmine grew up wealthy and oblivious to the destruction her father caused all around him. Derek was from the wrong side of the tracks. In ten years their lives will be reversed. He is now a multi-billionaire tycoon and she works hard, but barely gets by due to her father's unethical business practices. Derek comes seeking revenge and instead finds out he has a half grown son and the woman he's been angry with for so many years is not who he thought she was. They both fight against the passion they still feel for each other, but in the end it is irresistible. Come take the journey with Derek and Jasmine as they rediscover a passion that never died and the lies that kept them apart.",fiction | romance,fiction | romance,,,0,2,2,151–250,2
16173015,15615499,Kriget har inget kvinnligt ansikte: en utopis röster,swe,Non-English,106.0,"De var piloter, stridsvagnsforare, spanare och prickskyttar kvinnorna som stred i Roda armen, sida vid sida med mannen. De var ocksa sjukvardarna som bar de sarade ut ur stridszonen. Men till skillnad fran mannen betraktades de efter kriget inte som hjaltar, utan bemottes med misstanksamhet och inte sallan med forakt. Sa de teg. Tills journalisten och forfattaren Svetlana Aleksijevitj fyrtio ar senare borjade soka upp dem pa fabrikerna och i hemmen och bad dem beratta sin historia. Den flerfaldigt prisbelonta boken bygger pa hundratals djupintervjuer och ingar i forfattarens stora livsverk >>Utopins roster<<, ett unikt forsok att beskriva den sovjetiska erfarenheten utifran den lilla manniskans perspektiv.","fiction | history, historical fiction, biography | non-fiction","fiction | history, historical fiction, biography | children",non-fiction,children,2,3,3,76–150,3
29997716,50404265,Injustice: Gods Among Us - Year Five,eng,English,98.0,"This is it: the final year of INJUSTICE:GODS AMONG US, leading into the storyline of the hit videogame! Having defeated the Green Lantern Corps, the forces of magic, and now the gods themselves, the Regime seems to have eliminated all threats. Yet uneasy lies the crown on the head of Emperor Superman. Still obsessed with the outlaw Batman and worried about having enough troops to police his world, The Man of Steel begins to recruit some of Earth's deadliest villains to his side. Does the Dark Knight have any chance of ending the Man of Steel's rule?","fiction | fantasy, paranormal | young-adult | comics, graphic","fiction | fantasy, paranormal | comics, graphic",young-adult,,1,4,3,76–150,4+
16060393,21847684,Expedition No. 3 - Cycling around Iceland,eng,English,44.0,"Omaelamakerrallinen sarjakuvakirja vie lukijan pyoramatkalle sumuisen ja sateisen Islannin ympari. Tien varrella nakyy enemman hevosia kuin ihmisia ja valilla yosijaksi on tarjolla vain marka teltta, mutta lopulta tuuli kaantyy myotaiseksi ja pyorailijan epatoivo muuttuu riemuksi.Suomi Pyorailee -yhteistyotoimikunta on valinnut Kaisa Lekan Vuoden pyorailijaksi 2012.","non-fiction | comics, graphic","fiction | history, historical fiction, biography | non-fiction | fantasy, paranormal | mystery, thriller, crime | comics, graphic",,"fiction | history, historical fiction, biography | fantasy, paranormal | mystery, thriller, crime",4,2,6,20–75,2
6877898,7095048,Full Depth: The Raymond Knister Poems,unknown,Unknown,64.0,"Raymond Knister was a rising Canadian literary star when he died mysteriously of drowning in 1932. In this debut collection Micheline Maylor considers the circumstances surrounding Knister's sudden death and deftly captures the voices of those caught up in the tragedy. Treading gently through innuendo and rumour, Maylor draws the reader into the story with finely etched portraits of the characters and their imagined emotions.",poetry,"fiction | history, historical fiction, biography | mystery, thriller, crime",poetry,"fiction | history, historical fiction, biography | mystery, thriller, crime",4,1,3,20–75,1
34866349,16466434,Confucius in a Nutshell,eng,English,115.0,"Our 'In a Nutshell' guide offers a quick and accessible introduction to the ancient Chinese philosopher Confucius, whose teachings have had such a resounding influence on the development of Far Eastern society and beyond. The author of the famous precept 'never impose on others what you would not choose for yourself' advocated an ethical system based on principles of humanity, integrity, filial piety and self-improvement, with the ultimate goal of social harmony. From China to Vietnam, Far Eastern rulers throughout the ages have adopted the Confucian belief system and fervently promoted its tenets. A knowledge of Confucian thought is essential to fully understand both the history and the present formation of Far Eastern culture.",non-fiction,"history, historical fiction, biography | non-fiction",,"history, historical fiction, biography",1,1,2,76–150,1
25917818,43894216,Dragon Marked,unknown,Unknown,155.0,"As a wolf shifter with razor-sharp senses, Jessa Lebron can perceive the slightest change in the air. And her lupine instincts go into overdrive right before her mother, who abandoned her years ago, returns to the pack bearing secrets that change everything. The biggest secret of all: Jessa is dragon marked, a designation that places her in grave danger. The dragon marked are destined to resurrect the dragon king, a fearsome ancient warmonger. And they must be eliminated. Soon Jessa is locked up in Vanguard, the notorious paranormal prison that houses criminal vampires, feys, and magic users. Thankfully, she's not alone: Braxton Compass, her best friend and a dragon shifter, has her back. Jessa and Braxton must find a way to free themselves and the rest of the dragon marked. But can her pack mates help her stop the dragon king before his deadly return? Revised edition: This edition of Dragon Markedincludes editorial revisions.","fiction | romance | fantasy, paranormal | mystery, thriller, crime | young-adult","fiction | romance | fantasy, paranormal | mystery, thriller, crime | young-adult",,,0,5,5,151–250,4+
13634422,19244901,Witch in the Wind,eng,English,107.0,"Bandit Creek (Montana), has a new magical dimension, The Otherland. When murder strikes in Bandit Creek, and the victims aren't who they seemed, powerful guardian warlock, Marcus Egan, is sent from The Otherland to investigate. What he doesn't expect to find is Avalon Gwynn, the grieving daughter of the victims, who has no idea she's an extraordinary, hereditary witch. And Avy's pent up magical abilities have just been set free in the mortal world. Can Marcus catch a killer while making sure Avy doesn't bring Crow Mountain crashing down on the town--destroying Bandit Creek for the second time? This is a Paranormal Romance Novella Approx. 45,000 words","fiction | romance | fantasy, paranormal | mystery, thriller, crime","fiction | romance | fantasy, paranormal | mystery, thriller, crime",,,0,4,4,76–150,4+
20570200,25086155,You Will Pay - For Leaving Me,eng,English,146.0,"Librarian's note: This is an alternate cover edition for ASIN: B00CPSGLEE. ""The part I hated most about my miserable existence - the bedroom. I hated the way he demanded sex just about every night, forced me into perverted positions and the fact that he was insatiable. Hated the way he roughed me up during sex, grabbed my hair, twisted my neck, the way his hand fastened around my throat while thrusting vigorously into me, the way he took total control over my body and my soul and dominated me in the harshest possible way, the way he demanded I orgasm in record time, then got irritated when I didn't, the way I had to fake it just to please him, the way I broke down and cried in the bathroom so many times after sex with him, the man I had chosen to have and to hold.","fiction | romance | mystery, thriller, crime",non-fiction,"fiction | romance | mystery, thriller, crime",non-fiction,4,3,1,76–150,3
1486116,1477295,Thieves Break In,unknown,Unknown,182.0,"The Reverend Kathryn Koerney is looking forward to guiding a group of her New Jersey parishioners through historical Oxford, England. She's also eager to visit her cousin, Richard, who works for a baronet at Datchworth Castle. But just before she departs, Kathryn gets word that Richard has fallen to his death from a castle tower. The police are calling it murder--yet they don't have a single lead. Fortunately, her friend, Chief of Police Tom Holder, is anxious to accompany her to the scene and lend his expertise. Secretly smitten with the divine lady priest, there's nothing the crime-deprived, unhappily married cop would like more than to conduct an investigation with her by his side. But his enthusiasm quickly fades when a certain marquis captures Kathryn's attention. Datchworth has a wealth of secret treasures--and dark secrets. And when Kathryn stumbles upon what could be the most sensational find of the century, Tom and Kathryn are caught in a web of greed and madness that will require all their courage and faith--not just to save their friendship, but their lives.","fiction | mystery, thriller, crime","fiction | romance | mystery, thriller, crime",,romance,1,2,3,151–250,2
1370923,1360776,"Rowan and the Keeper of the Crystal (Rowan of Rin, #3)",unknown,Unknown,168.0,"...Add venom from your greatest fear -- One drop -- and then the truth is clear.Rowan and his mother have journeyed to the Maris folk on the coast to do their duty. Rowan's mother is to choose the new Keeper of the Crystal, who will lead the Maris when the old Keeper dies. Rowan is to be ready to take her place if she should be killed. Her death is a distinct possibility.Then Rowan's mother is poisoned, and he boldly breaks a thousand-year-old tradition. He refuses to choose a candidate using the customary tests until all three candidates help him find the antidote for his mother. Armed with just a cryptic rhyme, the four set forth to face perils they can't even imagine. Will they figure out the meaning of the rhyme in time to save Rowan's mother? Can they survive the deadly creatures that await them? And even if they do, what will happen when the hidden dangerwhich threatens everyone in the land -- reveals itself?","fiction | fantasy, paranormal | mystery, thriller, crime | young-adult | children","fiction | romance | fantasy, paranormal | mystery, thriller, crime | children",young-adult,romance,2,5,5,151–250,4+
26078460,18423782,"Breathless (Sparks of Hope, #1)",en-us,English,122.0,"What happens when an ordinary girl meets the man of everyone's dreams? Keeping secrets is never easy, especially since Ryan Spalding is on the cover of every magazine and this year's ""Hottest Hunk under 30."" Good thing busy lawyer Carly Sparks is so out of the loop when it comes to celebrity affairs, or she'd realize she was in one! Leading man Ryan Spalding tempts Carly Sparks in ways she's only ever seen in the movies. She's drifted away from a promise she made to God as a teenager, but Carly must rely on her faith when her relationship with Ryan is put to the test. Will it be enough to keep them together, or will theirs be just another failed Hollywood romance?",romance,"fiction | romance | mystery, thriller, crime | comics, graphic",,"fiction | mystery, thriller, crime | comics, graphic",3,1,4,76–150,1
7327685,8949631,Peek-a-Poo What's in Your Diaper?,unknown,Unknown,93.0,"Mouse is so curious that he wants to look into everything--even into his friends' diapers! After he investigates Hare's seven hare pellets, Goat's clump of little black droppings, and the contents of many of his other friends' diapers, they are in for a big surprise: in Mouse's diaper there is nothing, for he knows how easy it is to use the potty. Perfect for little ones, this delightful picture book will make kids aware of the contents of their own diapers and encourage them to keep them empty just like Mouse does.",children,"fiction | fantasy, paranormal | young-adult | children | comics, graphic",,"fiction | fantasy, paranormal | young-adult | comics, graphic",4,1,5,76–150,1
10413697,15317902,ബാല്യകാലസഖി | Balyakalasakhi,mal,Non-English,192.0,"The childhood romance between neighbours blossoms into passionate love during adolescence. Majeed's father was rich once, so could send him to a school in the distant town, although he was not very good at studies. Suhra's father on the other hand had trouble making both ends meet. Even then he wanted to send his daughter, who was good at studies to the school. But after her father's death, all her hopes of further studies was ruined. Majeed begs his father to sponsor Suhra's education, but he refuses. Majeed leaves home after a skirmish with his father, and wanders over distant lands for a long time before returning home. On his return, he finds that his family's former affluence is all gone, and that his beloved Suhra has married someone else. He is grief struck at the loss of love, and this is when Suhra turns up at his home. She is a shadow of her former self. The beautiful, sunshiny, vibrant Suhra of old is now a woman worn out by life, battered hard by a loveless marriage to an abusive husband. Majeed commands her, ""Suhra, don't go back!"" and she stays.",fiction | romance,fiction | romance,,,0,2,2,151–250,2
29499035,48096285,Please Enjoy Your Happiness: A Memoir,unknown,Unknown,229.0,"""The most romantic memoir you're likely to read in a lifetime."" --Elin Hilderbrand, New York Timesbestselling author of Here's to Us An evocative memoir. A beautiful journey to half a century and half a world away.An ageless love story. Pulitzer Prize-winning war correspondent Paul Brinkley-Rogers has lived an adventurous life all over the world. But there is one story he cannot forget: that of his haunting love affair with a mysterious older Japanese woman in 1959. Paul was a sailor aboard the USS Shangri-Lathat long-ago summer when he met Kaji Yukiko in the seaport of Yokosuka. A fierce intellectual, Yukiko shared her astonishing knowledge of literature, film, and poetry with Paul and encouraged, even demanded, that he use his gifts to become the writer he is today. But theirs was not a quiet love story. When a member of the yakuza, Japan's brutal crime syndicate, attempted to kidnap Yukiko, Paul realized that there was much more to her--and to Japan in the devastating wake of World War II--than he saw at first glance. Through the searing letters that Yukiko wrote to him and Paul's vivid telling of a history made all the more powerful and poignant by the weight of time, Please Enjoy Your Happinessreaches across decades and continents, inviting us all to revisit those loves of our lives that never do end.","fiction | history, historical fiction, biography | romance | non-fiction | poetry","fiction | history, historical fiction, biography | non-fiction | mystery, thriller, crime | comics, graphic",romance | poetry,"mystery, thriller, crime | comics, graphic",4,5,5,151–250,4+
25898498,45781357,Owls! Strange and Wonderful,unknown,Unknown,189.0,"This latest installment in the popular Strange and Wonderful series by Laurence Pringle is an easy-to-read and comprehensive introduction to owl species from all over the world. Stuffed with scintillating science facts and large, colored illustrations from Meryl Henderson, this great educational book is sure to resonate with young animal lovers seeking to learn more about these elusive ghost birds. From the tiny elf owl that weighs less than two ounces to the Eurasian eagle owl that can have a wing span of over five feet, each individual species is described and masterfully pictured in vivid detail through clear, informative text with accompanying artwork. Various facets of the owls' lives are discussed, including their habitats, diet, mating habits, vision, physiology, digestion, and parenting. This miniature encyclopedia, complete with a glossary, index, and further resources, offers a wealth of knowledge to aspiring avian enthusiasts and contains enough factoids to allow even fledgling readers to soar to new heights. School Library Journalsays: ""Back matter will lead young researchers to learn more, and the glossary is especially informative. A great purchase for report writers, budding ornithologists, and generally curious readers.""",non-fiction | young-adult | children,"fiction | history, historical fiction, biography | non-fiction | fantasy, paranormal | children",young-adult,"fiction | history, historical fiction, biography | fantasy, paranormal",4,3,5,151–250,3
18453988,2209746,La seconda guerra mondiale (2 voll.),ita,Non-English,181.0,"Raymond Cartier - un ""grande"" del giornalismo internazionale - pubblico quest'opera trent'anni dopo la fine della seconda guerra mondiale, quando l'immensa documentazione, diplomatica e militare, dei vari paesi in conflitto era ormai diventata accessibile. Egli ha cosi potuto attingere tra l'altro agli archivi del Pentagono, prendere visione degli interrogatori dei criminali di guerra a Norimberga, consultare le memorie dei grandi protagonisti, da Churchill a De Gaulle, da Eisenhower a MacArthur. Ne e risultata una sintesi storica a tutt'oggi fondamentale, che offre al lettore un quadro d'insieme degli avvenimenti, delle loro cause e delle conseguenze che ancora gravano sul presente. ""Ma lo sforzo maggiore"" scrive lo stesso autore ""e stato compiuto nell'intento di presentare una tragedia, il cui ritorno e per noi oggi inconcepibile, attenendosi il piu possibile alla verita ed evitando che qualsiasi altra considerazione potesse travisare i fatti. Per quanto definita mondiale, la guerra e stata quasi essenzialmente una guerra europea. Essa viene qui descritta da un europeo nel pieno rispetto di tutti i popoli d'Europa i quali, attraverso gli eccessi di una lotta fraticida, hanno finalmente trovato la via verso l'unita"".","history, historical fiction, biography | non-fiction","fiction | history, historical fiction, biography | mystery, thriller, crime | comics, graphic",non-fiction,"fiction | mystery, thriller, crime | comics, graphic",4,2,4,151–250,2
18070067,2936738,İmparator Dünya,tur,Non-English,75.0,"2276... Amerika'nin Besyuzuncu Yili'na hos geldiniz! Sikintili zamanlar sona vermistir. Savas ve yoksulluk ortadan kalkmistir. Uzak bir dunya olan Titan'in yoneticisi Duncan Makenzie atalarinin gezegenine bir sirri cozmek ve bir erkek evlat yaratmak icin donmustur. Bir klon... Kendisinin kusursuz bir kopyasi... ""Simdiki zaman kavraminin, gelecegin incelikle islenen dokusuyla yeniden yaratildigi, hayal gucunun sinirlarini zorlayan bir yolculuk... Esprili, zeka dolu, carpici bir roman."" - Harper's Bookletter ""Fantastik bir gelecege dussel bir macera! Clarke gucunun dorugunda."" - New York Times","fiction | fantasy, paranormal","fiction | history, historical fiction, biography | non-fiction","fantasy, paranormal","history, historical fiction, biography | non-fiction",3,2,3,20–75,2
74587,209468,The World Jones Made,eng,English,142.0,"Floyd Jones is sullen, ungainly, and quite possibly mad, but in a very short time he will rise from telling fortunes at a mutant carnival to convulsing an entire planet. For although Jones has the power to see the future -- a power that makes his life a torment -- his real gift lies elsewhere: in his ability to make people dream again in a world where dreaming has been made illegal, even when the dream is indistinguishable from a nightmare. In Philip K. Dick's unsettling chronicle of the rise and fall of a postnuclear messiah, readers will find a novel that is as minutely realistic as it is prophetic. For along with its engineered mutants, hermaphroditic sex performers, and protoplasmic drifters from the stars, The World Jones Made gives us nothing less than a deadly accurate reading of our own hunger for belief.","fiction | fantasy, paranormal","fiction | history, historical fiction, biography | romance | fantasy, paranormal | mystery, thriller, crime",,"history, historical fiction, biography | romance | mystery, thriller, crime",3,2,5,76–150,2
12157565,16534478,Renaissance - A Journal of Discovery,unknown,Unknown,221.0,"Renaissance begins with the end of a six year marriage. Sarah suddenly finds herself facing divorce, debt, and a future as a single mum-of-three. This certainly wasn't how she had planned life all those years ago when she first met her 'dream man'. Unfortunately, that dream had quickly turned into a nightmare, and now Sarah was dealing with the fallout. Renaissance picks up Sarah's story as she deals with the final stages of a toxic relationship. Despite it seeming as though her world has collapsed, Sarah is able to escape and close the door on her ex. With the help of family, friends, and therapy, she learns to look inside herself and find an inner strength she didn't know she had. Describing the highs and lows of life as a single mum in Switzerland, Renaissance details Sarah's journey back to normality. As she finds solace through her therapist, she begins to learn the true nature of what she has been up against all these years, and as she arms herself with knowledge, she is slowly able to come to terms with what happened, regain her strength, and finally move on. Renaissance is a 'must read' for anybody who's found themselves in the position of having to re-build their lives from scratch following the breakdown of a toxic relationship.","history, historical fiction, biography","fiction | history, historical fiction, biography",,fiction,1,1,2,151–250,1
13491485,19031316,"Sons of Hellenism, Fathers of the Church: Emperor Julian, Gregory of Nazianzus, and the Vision of Rome",eng,English,126.0,"This groundbreaking study brings into dialogue for the first time the writings of Julian, the last non-Christian Roman Emperor, and his most outspoken critic, Bishop Gregory of Nazianzus, a central figure of Christianity. Susanna Elm compares these two men not to draw out the obvious contrast between the Church and the Emperor's neo-Paganism, but rather to find their common intellectual and social grounding. Her insightful analysis, supplemented by her magisterial command of sources, demonstrates the ways in which both men were part of the same dialectical whole. Elm recasts both Julian and Gregory as men entirely of their times, showing how the Roman Empire in fact provided Christianity with the ideological and social matrix without which its longevity and dynamism would have been inconceivable.","history, historical fiction, biography","history, historical fiction, biography | non-fiction",,non-fiction,1,1,2,76–150,1
23097133,198990,The Runaways,eng,English,217.0,"This charming, magical story from award-winning author Elizabeth Goudge beautifully depicts early twentieth century English country life while conjuring an air of magical adventure. Written by the author who inspired J.K. Rowling, it is full of vivid characters, battles between good and evil and wonderful spell-binding moments. Locked away in separate rooms as punishment by their ruthless grandmother, Nan, Robert, Timothy and Betsy decide to make their escape ? out of the house, out of the garden and into the village. Commandeering a pony and trap, the children and their dog are led away as the pony makes his way nonchalantly home. The pony's destination happens to be a house that belongs to the children's uncle Ambrose. Gruff but loveable Uncle Ambrose agrees to take them under his wing, letting the children have free reign in his sprawling manor house and surrounding countryside. Befriending the motley collection of house guests including an owl, a giant cat and a servant who converses with bees, and getting to know the miscellaneous inhabitants of the village, the four siblings discover a life in which magic and reality are curiously intermingled and evil and tragedy lurk never far away. Winner of Hesperus Press' ""Uncover a Children's Classic Competition"", The Runaways is a truly charming story from a bygone era.""","fiction | history, historical fiction, biography | romance | fantasy, paranormal | mystery, thriller, crime | young-adult | children","fiction | history, historical fiction, biography | fantasy, paranormal | comics, graphic","romance | mystery, thriller, crime | young-adult | children","comics, graphic",5,7,4,151–250,4+
2722451,844069,Le Souriceau du Métro,fre,Non-English,88.0,"Nib is a subway mouse. As a young mouse, he loved to hear the stories about Tunnel's End: a beautiful yet dangerous, roofless world. One day, Nib decides to set off, away from his dirty, crowded home, to find his dream. Along the way he meets a girl mouse named Lola, who joins him. Together, they navigate the long and dangerous tunnel, until, one night, when they have almost given up hope, they hear a small chirping sound. . . it is Tunnel's End, more beautiful than Nib ever dreamed.",fiction | children,"fiction | fantasy, paranormal | mystery, thriller, crime | young-adult | children | comics, graphic",,"fantasy, paranormal | mystery, thriller, crime | young-adult | comics, graphic",4,2,6,76–150,2
30257956,45028638,Beatlebone,unknown,Unknown,134.0,"A searing novel that blends truth and fiction--and Beatles fandom--from one of literature's most striking contemporary voices, author of the international sensation City of Bohane. It is 1978, and John Lennon has escaped New York City to try to find the island off the west coast of Ireland he bought nine years prior. Leaving behind domesticity, his approaching forties, his inability to create, and his memories of his parents, he sets off to find calm in the comfortable silence of isolation. But when he puts himself in the hands of a shape-shifting driver full of Irish charm and dark whimsy, what ensues can only be termed a magical mystery tour. Based on fact--Lennon really did own an island in Ireland--this is a story only an extraordinary Irish writer could tell.","fiction | history, historical fiction, biography | fantasy, paranormal","fiction | history, historical fiction, biography | non-fiction | mystery, thriller, crime | comics, graphic","fantasy, paranormal","non-fiction | mystery, thriller, crime | comics, graphic",4,3,5,76–150,3
2020352,35941,The Occult,en-gb,English,105.0,"Topics include Aleister Crowley, G.I. Gurdjieff, Helena Petrovna Blavatsky, Kabbalah, primitive magic, Franz Anton Mesmer, Gregor Rasputin, Daniel Dunglas Home, Paracelsus, P.D. Ouspensky, Wm Blake, Giovanni Jacopo Casanova, Cornelius Agrippa etc. Acknowledgments Preface Introduction Part 1: A Survey of the Subject Magic-The Science of the Future The Dark Side of the Moon The Poet as Occultist Part 2: A History of Magic The Evolution of Man The Magic of Primitive Man Adepts & Initiates The World of the Kabbalists Adepts & Imposters The 19th Century--Magic & Romanticism The Beast Himself Two Russian Mages Part 3: Man's Latent Powers Witchcraft & Lycanthropy The Realm of Spirits Glimpses Bibliography Index","history, historical fiction, biography | non-fiction | fantasy, paranormal | mystery, thriller, crime","fiction | history, historical fiction, biography | non-fiction | fantasy, paranormal","mystery, thriller, crime",fiction,2,4,4,76–150,4+
25993708,45908216,Hear No Evil (Alpha Guardians #3),eng,English,210.0,"Librarian Note: This series has been renumbered, currently this is book #3 (former book #2) The moment Gabriel Thorne lays eyes on his fated mate, he knows he's in trouble. Gabriel is defined by the tragedy of his past, unable to forgive himself, unwilling to move forward. When stunning, curvy Cassie tumbles into his life, it's everything he can do to resist her... for her own good. As an Alpha Guardian, Gabriel is sworn to protect Cassie with his life, but giving into his carnal desires is not an option. The Guardians are the only thing standing between Cassie and a lifetime of enslavement. Gabriel will die before he lets her fall into enemy hands. When Cassie turns the tables and begins to tempt Gabriel, offering her incredibly body and unflinching faith in him, Gabriel begins to crumble. Faced with mortal danger and the chance for a future he was certain he'd lost, Gabriel must decide if he can leave the past behind. Protect his heart, or claim his mate? Book Two of the Alpha Guardians series is a steamy, fast-paced thrill ride that will pull you in until the very last word. While these books are standalone novels without cliffhangers, we recommend reading these titles in order for maximum enjoyment.","romance | fantasy, paranormal","fiction | romance | fantasy, paranormal | young-adult",,fiction | young-adult,2,2,4,151–250,2
387099,1410139,La mujer habitada,spa,Non-English,144.0,"Ganadora del Premio Casa de las Americas, la escritora nicaraguense Gioconda Belli es una de las voces mas importantes de la nueva literatura latinoamericana. La mujer habitada sumerge al lector en un mundo magico y vital donde la resistencia ancestral del indigena al espanol se vincula a la rebelion femenina y a la insurgencia politica de hoy. Lavinia abandona la casa de sus padres para iniciar una vida de mujer independiente. Piensa que por fin empezara a escribir su historia. Pero ignora que, junto con el amor, llegara la oportunidad de escribir La Historia. Una voz intima que habita en su sangre la incita a unirse a los cazadores de utopias... Gioconda Belli narra con poesia e inteligencia una historia tan antigua y apasionante como el mundo: el amor entre un hombre y una mujer, y la lucha de un pueblo por la libertad.","fiction | history, historical fiction, biography | romance | fantasy, paranormal","fiction | history, historical fiction, biography | fantasy, paranormal",romance,,1,4,3,76–150,4+
6598733,6792556,"Breathless (Jason and Azazel, #1)",eng,English,150.0,"What if the messiah and the anti-christ fell in love? Azazel is seventeen and sexually frustrated. Her biggest issue is trying to figure out why her seemingly normal boyfriend won't sleep with her. Then Jason races into her life. He won't say where he came from or who's chasing him. He's a delicious puzzle, a boy who has no problem using his fists to solve arguments or quoting Plato to justify his actions. Azazel is drawn to him. She's obsessed with finding out his secrets. What she doesn't know is that Jason's secrets are entwined with her own town's secrets. Her friends and family have conspired to use her as a pawn in a violent scheme. Soon, she will have to choose between protecting Jason and staying loyal to everyone she's ever trusted. A story about forbidden love, fate, and free will, Breathlessis Rosemary's Babymeets The Da Vinci Code.","fiction | romance | fantasy, paranormal | mystery, thriller, crime | young-adult","fiction | romance | fantasy, paranormal | mystery, thriller, crime | young-adult",,,0,5,5,76–150,4+
17657265,24644966,Walled-In: A West Berlin Girl's Journey to Freedom,unknown,Unknown,156.0,"In this true story, two obstacles threaten the freedom and autonomy of a young girl born and raised in postwar Berlin: The Berlin Wall and the harsh rules her uncompromising parents impose. J. Elke Ertle recounts the mounting East-West tension that lead to the Berlin Blockade, the Berlin Airlift, and the construction of the Berlin Wall. The brick-and-mortar monstrosity is not the only barrier Elke comes to know intimately. As an only child, she is brought up to unquestioning obedience. When she rebels, the ensuing parent-daughter conflict parallels the Cold War. Elke finds herself incarcerated behind walls as impenetrable as the one that divides her city. On her 21st birthday, a startling revelation strengthens her determination to immigrate to the United States. Weaving history with personal experiences, Elke takes the reader on a remarkable journey into her closely supervised childhood, her youthful disillusionment, and her deliberate, albeit difficult, decision to choose freedom.","history, historical fiction, biography | non-fiction","fiction | history, historical fiction, biography | non-fiction",,fiction,1,2,3,151–250,2
10839304,15753550,Magic Trash: A Story of Tyree Guyton and His Art,eng,English,219.0,"Vacant lots. Abandoned houses. Trash--lots of trash. Heidelberg Street was in trouble! Tyree Guyton loved his childhood home--that's where his grandpa Sam taught him to ""paint the world."" So he wanted to wake people up... to make them see Detroit's crumbling communities. Paintbrush in hand, Tyree cast his artistic spell, transforming everyday junk into magic trash. Soon local kids and families joined Tyree in rebuilding their neighborhood, discovering the healing power of art along the way. This picture book biography of Tyree Guyton, an urban environmental artist, shows how he transformed his decaying, crime-ridden neighborhood into the Heidelberg Project, an interactive sculpture park. The story spans from Tyree's childhood in 1950s Detroit to his early efforts to heal his community through art in the 1980s. Tyree's awards include Michigan Artist of the Year and International Artist. MAGIC TRASH offers strong themes of working together, the power of art, and the importance of inspiring community--especially kids--to affect action. The Heidelberg Project is internationally recognized for providing arts education to children and adults and for the ongoing development of several houses on Heidelberg Street. Not only does the Heidelberg Project prove that when a community works together it can rebuild itself, but it also addresses the issues of recycling, environmentalism, and community on a global level.","history, historical fiction, biography | non-fiction | young-adult | children | comics, graphic","history, historical fiction, biography | non-fiction","young-adult | children | comics, graphic",,3,5,2,151–250,4+
1935470,998931,"The Heir (Reid Family, #1)",unknown,Unknown,203.0,"The many wondrous gifts of Johanna Lindsey--her fiery and endearing characters, her enthralling stories, her ingenious blending of passion, wit, and emotion--are all on glorious display in this unforgettable tale about an unwanted title and an unexpected love. Has anyone in London ever taken part in the coming-out Season with less enthusiasm than Sabrina? Luckily, the most sought-after lady in the city has agreed to usher this young, lovely country girl through the perils and pitfalls of her all-important first season. Dashing highlander Duncan MacTavish is even less keen to be in London. Having recently learned he is the sole heir of an English marquis, Duncan is now required to assume his grandfather's title and estates--and to marry Sabrina's ravishing, viper-tongued guide, who has been heard to make scathing statements in public about her ""Scottish barbarian"" groom-to-be. His unwanted betrothal, however, has brought Duncan into close proximity with the enchanting Sabrina--a kindred spirit whose wit delights him . . . and whose essence is the exquisite stuff of dreams. But duty, station, and a secret that dwells in the lady's past forbid Sabrina's and Duncan's desired union--unless true love can somehow miraculously find a way.","fiction | history, historical fiction, biography | romance","fiction | history, historical fiction, biography | romance | fantasy, paranormal | comics, graphic",,"fantasy, paranormal | comics, graphic",2,3,5,151–250,3
4018769,2153641,The Philosopher's Apprentice,en-us,English,129.0,"A brilliant philosopher with a talent for self-destruction, Mason Ambrose gratefully accepts an offer no starving ethicist could refuse. He must travel to a private tropical island and tutor Londa Sabacthani, a beautiful, brilliant adolescent who has lost both her memory and her moral sense in a freak accident. Londa's soul is an empty vessel--and Mason's job will be to fill it. But all is not as it seems on Isla de Sangre. Londa's reclusive mother is secretly sheltering a second child whose conscience is a blank slate. Even as the mystery deepens, Mason confronts a frightening question: What will happen when Londa, her head crammed with lofty ideals and her bank account filled to bursting, ventures out to remake our fallen world in her own image?","fiction | fantasy, paranormal","fiction | mystery, thriller, crime","fantasy, paranormal","mystery, thriller, crime",2,2,2,76–150,2
7833099,6678670,"Fallen (Fallen, #1)",eng,English,150.0,"Librarian's note: An alternate cover edition can be found  There's something achingly familiar about Daniel Grigori. Mysterious and aloof, he captures Luce Price's attention from the moment she sees him on her first day at the Sword & Cross boarding school in sultry Savannah, Georgia. He's the one bright spot in a place where cell phones are forbidden, the other students are all screw-ups, and security cameras watch every move. Even though Daniel wants nothing to do with Luce--and goes out of his way to make that very clear--she can't let it go. Drawn to him like a moth to a flame, she has to find out what Daniel is so desperate to keep secret . . . even if it kills her. Dangerously exciting and darkly romantic, Fallen is a page turning thriller and the ultimate love story. Book Details:Format: Hardcover Publication Date: 12/8/2009 Pages: 464 Reading Level: Age 12 and Up","fiction | romance | fantasy, paranormal | mystery, thriller, crime | young-adult","fiction | romance | fantasy, paranormal | mystery, thriller, crime | young-adult",,,0,5,5,76–150,4+
25787836,25073805,Brave: Legend of the Emeralds,eng,English,76.0,"The Macintosh clan has come to DunBroch to celebrate the Rites of Summer, and Merida can't wait for the games to begin! In the spirit of the festival, she challenges Young Macintosh to a race to the to of the Fire Falls. There, they make an incredible discovery--two glowing emeralds. But when they take the jewels, the Fire Falls turn dark. Will they unravel the secret legend of the emerald before their fates change forever?","fiction | history, historical fiction, biography | fantasy, paranormal | young-adult | children","fiction | romance | fantasy, paranormal | mystery, thriller, crime | young-adult | children","history, historical fiction, biography","romance | mystery, thriller, crime",3,5,6,76–150,4+
25698997,1741110,La conquête de Mr Darcy,fre,Non-English,105.0,"Dans le celebre Orgueil et prejuges de Jane Austen, apres que la belle mais impertinente Elizabeth a refuse sa demande en mariage, Mr Darcy, decu, irrite, s'explique longuement dans une missive, puis se met en retrait. Et s'il existait une autre version selon laquelle Mr Darcy se montrait sous un jour nouveau ? Si, profondement bouleverse, il entendait les conseils de son cousin, qui l'exhorte a l'action, et se determinait a conquerir le coeur de la jeune femme ? S'il redoublait d'efforts et de ruse pour faire changer Elizabeth d'avis ? Cette histoire existe, et elle raconte comment Mr Darcy va prouver son amour a l'intrepide Miss Bennet...","fiction | history, historical fiction, biography | romance","fiction | history, historical fiction, biography | romance | fantasy, paranormal",,"fantasy, paranormal",1,3,4,76–150,3
3236669,3271191,Blood Claim,eng,English,139.0,"This volume features a trio of M/M tales from three of the genre's hottest authors. Winner Takes All by Laura Baumbach -- Two vampires face off in a deadly bet that has the winner claiming everything the loser owns--including the loser's innocent, unaware human offspring. Gift of the Raven by Angela Fiddler -- Cory has always been mercurial; passionate one second and frozen the next, but when he was hot, he was scorching. Luke had brought him up as a vampire but couldn't keep him the first time around. But now evil's come on an arctic wind, and they'll need each other to fight it. Wolfe's Recluse by Jet Mykles -- Can Wolfe lure Matt out of his apartment for the first time in two years? Is the gorgeous Wolfe temptation enough for Matt to overcome his fear of vampires?","fiction | romance | fantasy, paranormal","fiction | romance | fantasy, paranormal",,,0,3,3,76–150,3
13707813,19340401,The Social Neuroscience of Education: Optimizing Attachment and Learning in the Classroom,unknown,Unknown,126.0,"This book explains how the brain, as a social organism, learns best throughout the lifespan, from our early schooling through late life. Positioning the brain as distinctly social, Louis Cozolino helps teachers make connections to neurobiological principles, with the goal of creating classrooms that nurture healthy attachment patterns and resilient psyches. Cozolino investigates what good teachers do to stimulate minds and brains to learn, especially when they succeed with difficult or ""unteachable"" students. He explores classroom teaching from the perspectives of social neuroscience and interpersonal neurobiology, showing how we can use the findings from these fields to maximize learning and stimulate the brain to grow. The book will have relevance to anyone concerned with twenty-first century learners and the social and emotional development of children.",non-fiction | children,fiction | non-fiction,children,fiction,2,2,2,76–150,2
881470,620139,The Great Sex Weekend,unknown,Unknown,114.0,"According to a recent national survey, for most couples the frequency and satisfaction of sex declines rapidly within the first year of marriage. The sexual ""blahs"" seem to be an inevitable part of every couple's experience. But most people don't need extensive sex therapy. They need focused attention to their lovemaking and a jump-start to a plate the mystery of it all. Practicing the rhythms frees the body and becomes a way to express the heart and clear the mind. Complete with personal stories and interactive exercises, Sweat Your Prayers reveals an ancient and contemporary method for unleashing a natural sense of movement, resulting in both personal power and presence of the soul.",romance | non-fiction,"history, historical fiction, biography | non-fiction",romance,"history, historical fiction, biography",2,2,2,76–150,2
25797668,9916244,Магелланово облако,rus,Non-English,39.0,"Roman <>v strogom smysle slova ne fantasticheskii i ne prikliuchencheskii. Eto filosofskoe proizvedenie, utopiia. On posviashchen kommunisticheskomu budushchemu chelovechestva. V tsentre sobytii, opisannykh v romane, -- polet pervoi zvezdnoi ekspeditsii chelovechestva k sozvezdiiu Tsentavra na gigantskom kosmicheskom korable, simvolicheski nazvannom <>.","fiction | fantasy, paranormal","history, historical fiction, biography | mystery, thriller, crime","fiction | fantasy, paranormal","history, historical fiction, biography | mystery, thriller, crime",4,2,2,20–75,2
27977894,7294873,العمل مع العدو : كيف تتعامل وتصمد مع صعاب المراس,ara,Non-English,83.0,"ybyn ln lktb kyfy@ lnj@ mn lmwqf lS`b@ bHq wlt`ysh m`h km ymknn mn m`ljth wmn lqD `l~ lmshklt lmstqbly@ fy mhdh qbl an tt'zm, swf ts`dk lnSy'H wl'slyb wlstrtyjyt lwrd@ bh `l~ tkhlyS nfsk `nd sh`wrk blwqw` fy lfkh fhw ybyn kyfy@ ltrf` `n lmwqf l`dy'y@ btqdym `shr strtyjyt 'ssy@ llnj@ wtHdyd l'nw` lkhms@ `shr ll`dw wm`ljth wkyfy@ lt`ml m` l`dw `n Tryq lkhtyr mn byn 'kthr mn my'@ nSyH@ lltSrf.",non-fiction,"fiction | history, historical fiction, biography | non-fiction",,"fiction | history, historical fiction, biography",2,1,3,76–150,1
28816740,49033170,Solem,eng,English,120.0,"The world of The Green forbids demons. They have always been sent away whilst still young children, over the river to an unknown fate...until Janeen. Ignorant of her true nature, she unwittingly bewitches the folk of her forest village until, on the cusp of womanhood, the inevitable finally happens. As a young woman demon, she soon brings chaos to the ordered ways on the other side, and with it profound consequences not only for herself, but for her previously unchanging world. She may not know what she really is, but the wonder that makes her a demon finally brings back something long lost to the preservation of a fragile Earth; something far vaster than anyone could ever have imagined.","fantasy, paranormal","fiction | romance | non-fiction | fantasy, paranormal",,fiction | romance | non-fiction,3,1,4,76–150,1
13003338,15573530,Tom Fleck,en-gb,English,143.0,"'Sharp as quivering hares are the Flecks. We've eyes and ears for things other folk miss.' Much later, in the aftermath of Flodden, a young man finally understands his father's words. The year: 1513. The place: North-East England. Tom Fleck, a downtrodden farm worker but gifted archer, yearns to escape his masters. He unearths two objects that could be keys to freedom: a torque of ancient gold and a Tudor seal ring. He cannot know how these finds will determine his future. Rachel Coronel craves an end to her Jewish wanderings. When the torque comes to rest around the neck of this mysterious woman, an odyssey begins which draws Tom Fleck into borderlands of belief and race. The seal ring propels Tom on a journey of self-knowledge that can only climax in another borderland - among the flowers and banners of Flodden Field.","fiction | history, historical fiction, biography | mystery, thriller, crime","fiction | history, historical fiction, biography","mystery, thriller, crime",,1,3,2,76–150,3
31921815,52574438,Sherlock Holmes and a Hole in the Devil's Tail,unknown,Unknown,191.0,"Holmes and Watson have been handed the challenge of solving the London Tarot Killings. It is a shadowy episode equaling any dark conspiracy ever committed in the ancient city. Some fiend is brutally murdering random people in Lower Havering and pinning cards from the Italian deck on their faces. The string of murders seems to have some connection to the strange, unsolved slaying of the renowned solicitor Richard Corkright in his cozy, secure Merton office. At the request of the police, Holmes and his faithful chronicler begin an investigation. But unraveling the treacherous scheme of the sinister Tarot Master proves to be no simple task. As the two dauntless men pursue the case, they begin to piece together a vast plot stretching from London s lofty perches of wealth and privilege all the way down to its seedy backstreets and byways. In the course of resolving this intricate mystery, the Great Detective and his devoted assistant will deal with ritual murder and remorse-driven suicide, confront shady characters both clever and dangerous, uncover dark secrets of affluent society, and face at every turn the violent wrath of a ruthless, diabolical genius.""","mystery, thriller, crime","fiction | history, historical fiction, biography | romance | mystery, thriller, crime",,"fiction | history, historical fiction, biography | romance",3,1,4,151–250,1
764538,750613,Japanese Castles 1540–1640,unknown,Unknown,107.0,"The landscape of 16th- and 17th-century Japan was dominated by the graceful and imposing castles constructed by the powerful 'daimyo' of the period. In this the most turbulent era in Japanese history, these militarily sophisticated structures provided strongholds for the consolidation and control of territory, and inevitably they became the focus for many of the great sieges of Japanese history: Nagashino (1575), Kitanosho (1583), Odawara (1590), Fushimi (1600), Osaka (1615) and Hara (1638), the last of the battles that brought an end to a period of intense civil war. This title traces their development from the earliest timber stockades to the immense structures that dominated the great centres of Osaka and Edo.","fiction | history, historical fiction, biography | non-fiction","fiction | history, historical fiction, biography | fantasy, paranormal | comics, graphic",non-fiction,"fantasy, paranormal | comics, graphic",3,3,4,76–150,3
15806,1145090,The Lovely Bones,en-us,English,359.0,"On her way home from school on a snowy December day in 1973, 14-year-old Susie Salmon (""like the fish"") is lured into a makeshift underground den in a cornfield and brutally raped and murdered, the latest victim of a serial killer--the man she knew as her neighbor, Mr. Harvey. Alice Sebold's haunting and heartbreaking debut novel, The Lovely Bones, unfolds from heaven, where ""life is a perpetual yesterday"" and where Susie narrates and keeps watch over her grieving family and friends, as well as her brazen killer and the sad detective working on her case. As Sebold fashions it, everyone has his or her own version of heaven. Susie's resembles the athletic fields and landscape of a suburban high school: a heaven of her ""simplest dreams,"" where ""there were no teachers.... We never had to go inside except for art class.... The boys did not pinch our backsides or tell us we smelled; our textbooks were Seventeenand Glamourand Vogue."" The Lovely Bonesworks as an odd yet affecting coming-of-age story. Susie struggles to accept her death while still clinging to the lost world of the living, following her family's dramas over the years like an episode of My So-Called Afterlife. Her family disintegrates in their grief: her father becomes determined to find her killer, her mother withdraws, her little brother Buckley attempts to make sense of the new hole in his family, and her younger sister Lindsey moves through the milestone events of her teenage and young adult years with Susie riding spiritual shotgun. Random acts and missed opportunities run throughout the book--Susie recalls her sole kiss with a boy on Earth as ""like an accident--a beautiful gasoline rainbow."" Though sentimental at times, The Lovely Bonesis a moving exploration of loss and mourning that ultimately puts its faith in the living and that is made even more powerful by a cast of convincing characters. Sebold orchestrates a big finish, and though things tend to wrap up a little toowell for everyone in the end, one can only imagine (or hope) that heaven is indeed a place filled with such happy endings. --Brad Thomas Parsons","fiction | romance | fantasy, paranormal | mystery, thriller, crime | young-adult","fiction | history, historical fiction, biography | romance | mystery, thriller, crime | young-adult","fantasy, paranormal","history, historical fiction, biography",2,5,5,251+,4+
21527608,40711797,"Hawk (Burnout, #3)",eng,English,100.0,"Hawk Red Cloud lives by his own set of rules: Don't let them share the saddle, don't bring them home, and never spend the night. So far, he's managed to avoid commitment like the plague. Tildy Fletcher's parents set rules for her. She would never think of breaking them; she knows all too well what would happen if she did. Hawk and Tildy are from two different worlds, but there's no denying the attraction between them. The rules are designed to keep them apart. Will they be willing to break them for a chance at true love? Warning: Graphic Violence",fiction | romance,fiction | romance | young-adult,,young-adult,1,2,3,76–150,2
12277338,17253067,Go Big: Make Your Shot Count in the Connected World,unknown,Unknown,154.0,"It began with a free sandwich, a simple camera, and twenty ""I can do better than you"" shots. From that afternoon of friendly competition, six college guys created Dude Perfect, a YouTube group that specializes in the craziest basketball shots you can imagine. Within months, the guys went from shooting backyard trick shots to starring in GMC truck commercials and standing on an L.A. Red Carpet. Listed by Advertising Age as one of YouTube's Hottest Brands, Dude Perfect's videos have reached and inspired hundreds of millions with one contagious message--the very phrase they championed from day one--Go Big. By leveraging the connected world, Dude Perfect's dream became a reality, and now, they want the same for you. Written by one of the dudes himself, Go Bigtells their story and unveils their secret: five practical principles for taking your passions, skills, and dreams to the next level. Are youready to Go Big?",non-fiction,fiction | non-fiction | young-adult,,fiction | young-adult,2,1,3,151–250,1
26635181,46674084,The Life and Times of Mary Vaux Walcott,unknown,Unknown,133.0,"Known as the Audubon of Botany, Philadelphia Quaker Mary Morris Vaux Walcott (1860-1940) was a gifted artist whose stunning watercolors comprise a catalog of North American wildflowers. Walcott was catapulted to the highest levels of society and national politics by a late and bold marriage to the secretary of the Smithsonian. Along with an early (1887) transcontinental travelogue, never-before published correspondence with fellow Quaker and First Lady Lou Henry Hoover, and Commissioner Mary Walcott's reports for the Bureau of Indian Affairs, this biography reveals rich intersections of history, religion, politics, women's studies, science, and art during the transformative times in which she lived. Walcott, and other intrepid women like her who sought escape from Victorian social conventions and opportunity for adventure and self-expression in the American West, were gifted artists, writers, and historians.","history, historical fiction, biography | non-fiction | comics, graphic","fiction | history, historical fiction, biography | non-fiction","comics, graphic",fiction,2,3,3,76–150,3
13506703,19057708,The Back in the Day Bakery Cookbook : More Than 100 Recipes From the Best Little Bakery In the South,en-us,English,187.0,"New York Timesbest seller Southern Independent Booksellers Alliance Cookbook of the Year Fire up your oven with recipes Food & Wine calls ""down-home and fabulous . . . classics with a little something extra."" Nationally recognized and locally adored for its decadent homespun desserts and delicious rustic breads, Back in the Day Bakery is a Savannah landmark. As Paula Deen says in her foreword, Cheryl and Griff Day ""bake decadent treats, but they also bake wonderful memories that stay with you forever."" To celebrate the bakery's tenth anniversary, this duo has written a book filled with customers' favorite recipes. It's packed with Cheryl and Griff's baking know-how plus recipes for their famous Buttermilk Biscones, Old-Fashioned Cupcakes, Chocolate Bread, Cinnamon Sticky Buns, S'more Pie, Almond Crunchies, Drunk Blondies, Pinkies Chocolate Lunch-Box Treats, Rustic Cheddar Pecan Rounds, and much more. Irresistible full-color photographs of food and behind-the-scenes bakery shots will give readers a glimpse into the sweet daily life at the bakeshop. Celebrating family traditions, scratch baking, and quality ingredients, The Back in the Day Bakery Cookbookis like a down-home bake sale in a book.",non-fiction,fiction | non-fiction | children,,fiction | children,2,1,3,151–250,1
9695696,254261,I canti di Maldoror,ita,Non-English,214.0,"Grande e conturbante poema dell'inconscio, allegoria della nascita, forsennato repertorio di sanguinose atrocita, di sadiche efferatezze e di violente e crudeli infrazioni alla ""Norma"" e ai codici della sinistra societa borghese in cui il suo autore si era trovato a vivere, ""I canti di Maldoror"" sono anche l'esplorazione estrema delle possibilita di una cultura, la radicalizzazione massima delle sue possibilita e delle sue contraddizioni; sono il libro che, piu di qualunque altro, puo ""funzionare"" nel senso della progettazione di un'altra cultura e di un'altra civilta. La dialettica dell'efferatezza, del ""Male"", della violenza (oltre che, forse, le disavventure editoriali del suo libro) doveva indurre Isidore Ducasse a proporre e a esplorare i termini alternativi della sua impresa. Una vita, un'opera, una vicenda editoriale misteriose che hanno scatenato un lavorio critico, orientato nel senso della filologia o dell'interpretazione psicologica, o della denigrazione e dell'apologia. Considerato di volta in volta un genio malato, uno schizofrenico, un poeta degli strati sotterranei della civilta, Lautreamont fu riscoperto in particolare dai surrealisti. La sua opera principale e un poema scritto in una prosa di potenza lirica, composto di sei canti che esprimono in un flusso narrativo di modalita allucinate e oniriche la blasfema visione del mondo e la parodistica rivolta contro l'umanita e contro Dio del suo unico personaggio, Maldoror.",fiction | poetry,"fiction | history, historical fiction, biography",poetry,"history, historical fiction, biography",2,2,2,151–250,2
19475,240980,It's Kind of a Funny Story,eng,English,222.0,"Like many ambitious New York City teenagers, Craig Gilner sees entry into Manhattan's Executive Pre-Professional High School as the ticket to his future. Determined to succeed at life--which means getting into the right high school to get into the right college to get the right job--Craig studies night and day to ace the entrance exam, and does. That's when things start to get crazy. At his new school, Craig realizes that he isn't brilliant compared to the other kids; he's just average, and maybe not even that. He starts earning mediocre grades and sees his once-perfect future crumbling away. The stress becomes unbearable and Craig stops eating and sleeping--until, one night, he nearly kills himself. Craig's suicidal episode gets him checked into a mental hospital, where his new roommate is an Egyptian schoolteacher who refuses to get out of bed. His neighbors include a transsexual sex addict, a girl who has scarred her own face with scissors, and the self-elected President Armelio. There, isolated from the crushing pressures of school and friends, Craig is finally able to confront the sources of his anxiety. Ned Vizzini, who himself spent time in a psychiatric hospital, has created a remarkably moving tale about the sometimes unexpected road to happiness. For a novel about depression, it's definitely a funny story.",fiction | romance | young-adult,fiction | romance,young-adult,,1,3,2,151–250,3
16166580,22011392,"Osmanlı'da Milletler ve Diplomasi (Seçme Eserleri, #3)",tur,Non-English,132.0,"Turkiye'de insanlar dinleri tanimazlar ve merak etmezler. Ornegin, Istanbul'da dogar, yasar, olurler, ama bir kilisenin icine girip de, burada pazar ayini nasil yapiliyor, bunlarin inanci nedir, dualari nedir, bayram gunleri nedir, inanclari nasil aciklanir, diye merak etmezler. Hiristiyanlar da Muslumanligi tanimazlar. Kisacasi, kapali kompartimanlar halinde yasayan bir toplumduk ve halen oyle bir toplumuz. Dinin sozu buna ragmen cok ediliyor, eksik bilgilere gore tarih yorumlaniyor. Prof. Dr. Ilber Ortayli'nin Osmanli yonetimindeki farkli dini gruplari Tanzimat'tan itibaren gecirdikleri donusumle birlikte ele alan makaleleri onemli bir boslugu dolduruyor. Osmanli diplomasisindeki gelismeleri, Yunanistan, Carlik Rusyasi ve Avusturya ile iliskiler baglaminda inceleyen yazilari ise diplomasi tarihine oldugu kadar Osmanlinin son donemlerine de isik tutuyor. Son bolumde ise modernlesmenin yeni dusunce dunyasini, ilk Osmanlica telif iktisat yazmasindan Tanzimat devri basinina kadar uzanan genis bir yelpazede izleme sansi buluyoruz.","history, historical fiction, biography | non-fiction","fiction | history, historical fiction, biography",non-fiction,fiction,2,2,2,76–150,2
22611010,820002,Moarte printre nori,rum,Non-English,96.0,"A woman is killed by a poisoned dart in the enclosed confines of a commercial passeneger plane... From seat No.9, Hercule Poirot was ideally placed to observe his fellow air passengers. Over to his right sat a pretty young woman, clearly infatuated with the man opposite; ahead, in seat No.13, sat a Countess with a poorly-concealed cocaine habit; across the gangway in seat No.8, a detective writer was being troubled by an aggressive wasp. What Poirot did not yet realize was that behind him, in seat No.2, sat the slumped, lifeless body of a woman.","fiction | history, historical fiction, biography | mystery, thriller, crime","fiction | history, historical fiction, biography | mystery, thriller, crime",,,0,3,3,76–150,3
478666,467095,Prince of Annwn (Mabinogion Tetralogy #1),eng,English,88.0,"From the back cover: Evangeline Walton is the author of Prince of Annwn, The Children of Llyr, The Song of Rhiannon and The Island of the Mighty - each a branch of the epic Welsh book of mythology, The Mabinogion. The Saturday Review said about her work: ""These books are not only the best fantasies of the 20th century, but also great works of fiction. They are actual retellings of the diverse legends of The Mabinogion in novel form...dealing with Good and Evil...and the nature of love.""","fiction | history, historical fiction, biography | fantasy, paranormal | young-adult | children","fiction | romance | fantasy, paranormal | young-adult | children","history, historical fiction, biography",romance,2,5,5,76–150,4+
25456979,45222855,Piercing Silence (The Grey Wolves #8.5),eng,English,308.0,"It's been six months since Jacque Lupei was imprisoned in the dark forest with her female pack mates, wondering if they would ever see their mates again. Six months since she and Fane found out that Jen and Decebel would not be the only couple adding a new pup to the pack. Six months of peace and quiet...other than Jen running her mouth incessantly about Sally getting to go on an adventure with Peri while she has to miss all the fun. When she isn't complaining about that, she spends her time commenting on how Jacque's butt is getting wider by the minute. Jacque doesn't know it, but the reprieve was about to be over. She and Fane thought his demons had been dealt with, but the nightmares are back and the In-Between is once again ripping a hole inside of her mate. Jacque can't stand to see him hurting. She can't stand knowing that in some way she was responsible for his struggle because she, after all, was the subject of his pain from the In-Between. She'll do anything to stop his turmoil. So she makes a desperate decision to do what she thinks her mate needs, or doesn't need. Others will call it insane. Jen will add her own creative descriptions, including expletives thrown in for added effect. Whatever you call it, Jacque calls it an answer to the darkness that is slowly consuming her mate. She knows that if Fane has any idea of what she has planned, he would chain her to his side. So, naturally she does what any female Canis lupus would do in her shoes--she shuts down the bond and prays that no one gets in her way. She knows he might never forgive her, but then, if her plan works, he won't even remember her name.","romance | fantasy, paranormal | young-adult","fiction | romance | fantasy, paranormal | mystery, thriller, crime",young-adult,"fiction | mystery, thriller, crime",3,3,4,251+,3
15701398,21361054,"Unbreakable Bond (Jamie Bond, #1)",eng,English,210.0,"Her name is Bond. Jamie Bond. And her life is about to be shaken and stirred in a cocktail of sex, lies, scandal, and one very dead body. Jamie Bond is a former cover model who switches gears to take over the family business: The Bond Agency, a high-powered P.I. firm located in Los Angeles that specializes in domestic espionage - catching cheating husbands. Jamie's assembled a team of other disenchanted former models to help her take names and kick derrieres among L.A.'s wealthiest philandering husbands. Her current client: Mrs. Veronica Waterston, the young, distraught wife of superior court judge, Thomas Waterston, known for his tough sentencing, right-wing leanings, and his fondness for blondes with double D's. Easy target. But Jamie's simple case takes an unexpected turn for the worse when the not-so-good judge winds up on the ten o'clock news with a bullet through his head. It's clear that someone has set Jamie up, and suddenly she's on the run, under fire, and in serious jeopardy of losing it all. With a hot A.D.A. on her trail, a killer on the loose, and her life on the line, Jamie must prove once and for all that nobody messes with a Bond.","fiction | romance | fantasy, paranormal | mystery, thriller, crime","fiction | romance | mystery, thriller, crime","fantasy, paranormal",,1,4,3,151–250,4+
9976008,14870413,"The Complete Jessica Darling Series: Sloppy Firsts, Second Helpings, Charmed Thirds, Fourth Comings, Perfect Fifths",eng,English,628.0,"Growing Up Can Be Perfect in Its Imperfection The Jessica Darling series chronicles one young woman's coming-of-age in the first decade of the 21st century. Over five books and ten years, Jessica Darling fumbles her way into adulthood. She evolves from a sixteen-year-old cynic, snarking in her diary about catty cliques, unrequited crushes, and other high school indignities, into a jet-setting twenty-six-year-old urbanite searching for more meaning in her life. Through all her misadventures in high school, college, and beyond, Jessica gets long-distance support from her best friend, Hope. But it's her on-again/off-again love of her life, Marcus Flutie, who can always be counted on to complicate her life in ways that are infuriating, intoxicating, and ultimately irresistible. SLOPPY FIRSTS: Meet Jessica Darling--and fall for Marcus Flutie--in this high school comedy of many, many errors. A fresh, funny, utterly compelling fiction debut, Sloppy Firstsis an insightful true-to-life look at sixteen-year-old Jessica's predicament as she embarks on another year of teenage torment--from the dark days after her best friend, Hope, moves away through her months as a type-A personality turned insomniac to her completely mixed up feelings about Marcus Flutie, the intelligent and mysterious ""Dreg"" who works his way into her heart. SECOND HELPINGS: Can Jessica survive senior year without losing her mind . . . or her heart? This time, Jess is going through the social and emotional ordeal of her last year at Pineville High. Not only does the mysterious Marcus Flutie continue to distract her, but Hope still lives in another state, and she can't seem to escape the clutches of the Clueless Crew, her annoying so-called friends. To top it off, Jessica's parents won't get off her butt about choosing a college. Will Jess crack under the pressure of senioritis? CHARMED THIRDS: Jessica is in college . . . and smart girls have more fun! Jessica has finally left her hometown/hellhole for Columbia University; she's into Marcus more than ever (so what if he's at a Buddhist college in California), and she's making new friends. But Jess soon realizes that her bliss might not last. As she and Marcus hit the rocks, will she fall for her GOPunk, neoconservative RA . . . or for the hot grad student she's assisting on a summer project . . . or for the oh-so-sensitive emo boy down the hall? Will she even make it now that her parents have cut her off financially? And what do the cryptic one-word postcards from Marcus really mean? FOURTH COMINGS: Is the real world ready for Jessica Darling? At first it seems like she's living the New York City dream. She's subletting an apartment with her best friend, working for a magazine that actually cares about her psychology degree, and is still deeply in love with Marcus. But when Marcus proposes--giving her only one week to answer--Jessica must decide if she's ready to give up a world of late-night literary soirees, art openings, and downtown drunken karaoke to move back to New Jersey and be with the one man who's gripped her heart for years. PERFECT FIFTHS: Does Jessica and Marcus's journey end here? Or is it just the beginning? . . . Now a young professional in her mid-twenties, Jess is off to a Caribbean wedding. As she rushes to her gate at the airport, she literally runs into her former boyfriend, Marcus Flutie. It's the first time she's seen him since she reluctantly turned down his marriage proposal three years earlier--and emotions run high. They have both changed dramatically, yet their connection feels as familiar as ever. Is their reunion just a fluke, or has fate orchestrated this collision of their lives once again?",fiction | romance | young-adult | children,fiction | romance,young-adult | children,,2,4,2,251+,4+
9651836,444398,Sharon e mia suocera: se questa è vita,ita,Non-English,228.0,"Una donna palestinese, colta, intelligente e spiritosa, tiene un ""diario di guerra"". Gli israeliani sparano ma, nella forzata reclusione fra le pareti domestiche,""spara"" anche la madre del marito, una suocera proverbiale. In pagine scoppiettanti di humour e di lucidita politica e sentimentale, i colpi bassi di Sharon e del suo governo finiscono per fare tutt'uno con le idiosincrasie della suocera petulante, con la quale l'autrice si trova a trascorrere in un involontario tete a tete il tempo dell'assedio. Ma, come la guerra, neanche l'avventura cominciata con Sharon e mia suocera finisce ed ecco che Su ad Amiry con Se questa e vita ci regala una nuova puntata del suo irresistibile diario di guerra e di vita quotidiana dai Territori occupati. Con l'indiavolato humour che la contraddistingue e sfoderando un'ormai piena e affilata sapienza narrativa, ci conduce da una stazione all'altra del calvario palestinese, facendoci piangere, ridere, sdegnare, riflettere, connettere, ricordare. Portandoci, con tono lieve e tragicomico, a scoprire i piccoli e grandi contrattempi del vivere nel devastato scenario mediorientale. AI centro del suo affresco narrativo, come sempre, l'ingombrante e svagata suocera Umm Salim, che resiste alla brutalita dell'occupazione militare con abitudini da tempi di pace, orari, buone maniere. Attorno a lei un balletto indiavolato di vicini di casa, parenti, amici, funzionari israeliani, spie e collaboratori, cani, muri in costruzione, paesaggi splendidi e violati, check- point e soldati.","fiction | history, historical fiction, biography | non-fiction | comics, graphic","fiction | history, historical fiction, biography | non-fiction | comics, graphic",,,0,4,4,151–250,4+
35105656,52004129,Dying for Data,eng,English,107.0,"Bad karma, a rival suitor, and a deadly attack are enough to put a damper on any date. Just when Adina's social life is looking up, her night out is interrupted by the scream of police sirens. Afraid her bartender boyfriend might be accused of murder, Adina's neighbor enlists her assistance, and in the process exposes her to the seamier side of illegal immigration and crime in the city. Hard as she tries to limit her involvement, the more Adina learns, the more she needs to know - until a case of mistaken identity lands her in hot water. Will she uncover the truth before it's too late?","fiction | mystery, thriller, crime","fiction | mystery, thriller, crime | comics, graphic",,"comics, graphic",1,2,3,76–150,2
14625488,3593172,A História Verdadeira,por,Non-English,78.0,"Escrita no seculo II por Luciano de Samosata, A Historia Verdadeira pode ser considerada uma das grandes precursoras da ficcao cientifica na literatura, sendo influente para autores como Swift, Voltaire, Verne, Morus e Rabelais. Nao era intencao do autor tornar-se o pai de um novo genero literario, mas sim ironizar autores e historias ja classicas e ""mirabolantes"". A liberdade completamente desrespeitosa que Luciano apresenta em A Historia Verdadeira e tonico dos mais revigorantes para diversas afeccoes contemporaneas.","fiction | history, historical fiction, biography | non-fiction | fantasy, paranormal","fiction | history, historical fiction, biography","non-fiction | fantasy, paranormal",,2,4,2,76–150,4+
23318737,42874147,Close Attention,eng,English,143.0,"From the twisted mind that brought you the YFG Series comes a southern gothic tale of love, loss, and small town corruption... Adam is a star athlete from the most well-to-do family in town. Hue is Adam's orphaned cousin who lives out in the country with his one-legged uncle. Once inseparable, they've been torn apart by bitter family rivalry, diverging social circles, and Adam's girlfriend Ellen, the most popular girl in school. Then one summer day Hue stumbles upon a terrible secret in the woods: two girls, Eva and Emily, living in a tree house and relying only on themselves for survival. As he learns more about their circumstances, Hue comes to realize that the girl he is coming to love and her kindhearted little sister are in terrible danger. And there's only one place Hue can turn for help.","romance | mystery, thriller, crime","fiction | romance | mystery, thriller, crime | young-adult | comics, graphic",,"fiction | young-adult | comics, graphic",3,2,5,76–150,2
7458595,1353231,Caibalion: Estudo da filosofia Hermética do antigo Egito e Grécia,por,Non-English,82.0,This is a pre-1923 historical reproduction that was curated for quality. Quality assurance was conducted on each of these books in an attempt to remove books with imperfections introduced by the digitization process. Though we have made best efforts - the books may have occasional errors that do not impede the reading experience. We believe this work is culturally important and have elected to bring the book back into print as part of our continuing commitment to the preservation of printed works worldwide.,"history, historical fiction, biography | non-fiction","fiction | history, historical fiction, biography | non-fiction",,fiction,1,2,3,76–150,2
7829806,224333,Comment je vois le monde,unknown,Unknown,46.0,"""The World as I See It"" is a treasury of the thoughts and life observations of one of the greatest minds and hearts of our century. The Einstein who is revealed in these writings is charming, witty, shrewd, keenly perceptive, and deeply concerned for humanity. Abridged.","history, historical fiction, biography | non-fiction","fiction | history, historical fiction, biography | non-fiction",,fiction,1,2,3,20–75,2
15790624,42468935,Rebirth (Techxorcist #0.5),eng,English,235.0,"Part cyberpunk, part thriller, part dysoptian Mad-Max mashup. The Techxorcist is a serialised novel. This is the first installment. Part 0.5: Rebirth It's 2153, just one million souls survived a planet-wide cataclysm. Flourishing in the hi-tech biodome, City Earth, humans have integrated with Artificial Intelligent Assistants and are inter-connected to a city-wide network under the control, and watch, of the mysterious benefactors known only as The Family: a group focussed on transhumanism and the search for the next branch in our evolution. Gerry Cardle, the lead death-lottery algorithm designer lives a life of privilege amongst the elite, until against his own design, his numbers come up and his life takes a jarring turn for the worse. A malicious AI has got loose in the network. This has never happened before. Reeling from the consequences, Gerry is recruited by two shadowy, off-the-grid hackers: Petal, a mysterious teenage girl who lives behind color changing goggles, and has a penchant for hacking anything and everything, and: Gabriel, a burnt-out hacker and freelance off-the-grid Techxorcist with a drinking and killing problem.Together, they must exorcise this demon AI, track its origins, and prevent the fall of the mankind's most advanced city, whilst avoiding the wrath of The Family. Part 0.5: Rebirth is a 10,000 word novelette introducing the world of The Techxorcist. Three more novella length installments will be released later in 2012.","fiction | fantasy, paranormal","fiction | fantasy, paranormal | mystery, thriller, crime",,"mystery, thriller, crime",1,2,3,151–250,2
857605,843058,Days of Toil and Tears: The Child Labour Diary of Flora Rutherford,unknown,Unknown,83.0,"Young Flora is happy to leave the orphanage behind and join her aunt and uncle, even though it means working at a textile mill where there is the constant threat of being injured or going deaf. She writes about her feelings in her diary, addressing her father and mother who died when she was five. Then her uncle loses several fingers at the weaving machine leaving him unable to work, and money is very tight. Can Flora help her aunt and uncle survive?","fiction | history, historical fiction, biography | young-adult | children","fiction | history, historical fiction, biography | young-adult | children",,,0,4,4,76–150,4+
12289667,17176084,Thicker Than Water (Brands Crossing Series #1),en-us,English,197.0,"As a child, KATE O'DONNELL spends summers at her grandparents' estate in Brands Crossing, Texas where she and her girl cousins confront make-believe monsters, rescue endangered victims and a save a mythical kingdom. At twenty-five Kate is a singer/songwriter living in Nashville and pursuing a promising relationship with computer game designer PHILLIP NORWOOD. There, her only battles are fought in Aidenne's Revenge, Phillip's online fantasy game based on her childhood adventures. When her grandfather dies from injuries he sustained in a suspicious car crash, Kate abandons career and romance and heads back to Texas where the monsters, victims and endangered kingdoms are all too real. In an attempt to protect Kate from danger, Phillip joins her quest and helps her search for incriminating documents, investigate a centuries-old family feud and confront an anonymous rose-bearing admirer who stalks Kate in both real and virtual universes. Thicker Than Water is the first in a series of novels set in Brands Crossing, Texas. It chronicles the lives of the Kincaids, a prominent family in this mythical town, and focuses on a mystery that extends back to the mid-eighteenth century and the young Texas Republic.","fiction | romance | fantasy, paranormal | mystery, thriller, crime","fiction | romance | fantasy, paranormal | mystery, thriller, crime | young-adult",,young-adult,1,4,5,151–250,4+
18189076,25590272,Encontrando a Paz,por,Non-English,124.0,"Deserto do Egito, ano 700 da era crista. Uma menina inteligente, sagaz e livre cativa a todos com sua inocente sabedoria em um clima de amor e bem viver. Voce acompanhara as aventuras de Eshe ate ela tornar-se uma mulher de personalidade forte e inabalavel confianca em si e em Deus. O seu exemplo de simplicidade, alegria e aceitacao e marcante e nos mostra que, para sermos felizes, precisamos de liberdade interior, fe e amor a nos mesmos, aos outros e a vida. As experiencias de Eshe encerram a narrativa de algumas encarnacoes do espirito Layla, contadas nos romances ""Em busca de uma nova vida"" e ""Em tempos de liberdade"". Atraves delas, voce compreende que a conquista da paz e um trabalho so seu.",romance,fiction | romance,,fiction,1,1,2,76–150,1
412493,1242322,Come Together,unknown,Unknown,191.0,"Meet Jack Jack Rossiter. I'm twenty-seven years old, single, and live with my best mate Matt. Matt and I started hanging out when we were eight. Life was simpler then. Our idea of fashion was polyester. I told him I wanted to be a spy and he asked me who I'd marry. I imagined falling in love with a girl so perfect I couldn't even guess her name. Things have changed since then. I did fall in love for a while but it didn't work out. And single is good, single is fun. Meet Amy Sometimes in my darker moments I've thought about applying to go on Blind Date. 'She's gorgeous, she's from London, come in Amy Crosbie!' (Wolf whistling and applause.) Actually it's a bit of a worry. I think it's my warped way of telling myself something's got to change. It's been six months since I last had sex. Six months! I mean, I've got my own flat, I've got A levels - so come on down Mr Right. At least it would get my mother off my back. Now find out what happens when they meet each other ...",fiction | romance,romance | non-fiction,fiction,non-fiction,2,2,2,151–250,2
33554696,26232292,Murder Underground,eng,English,154.0,"""This detective novel is much more than interesting. The numerous characters are well differentiated, and include one of the most feckless, exasperating and lifelike literary men that ever confused a trail."" -Dorothy L. Sayers, Sunday Times, 1934. When Miss Pongleton is found murdered on the stairs of Belsize Park station, her fellow-boarders in the Frampton Hotel are not overwhelmed with grief at the death of a tiresome old woman. But they all have their theories about the identity of the murderer, and help to unravel the mystery of who killed the wealthy 'Pongle'. Several of her fellow residents - even Tuppy the terrier - have a part to play in the events that lead to a dramatic arrest. This classic mystery novel is set in and around the Northern Line of the London Underground. It is now republished for the first time since the 1930s and includes an introduction by Stephen Booth, award-winning crime writer.","fiction | history, historical fiction, biography | mystery, thriller, crime | children","fiction | history, historical fiction, biography | mystery, thriller, crime | young-adult | comics, graphic",children,"young-adult | comics, graphic",3,4,5,151–250,4+
32467146,2993027,The Bottle Factory Outing: A Novel,unknown,Unknown,302.0,"Named by theObserveras ""one of the 100 greatest novels of all time,"" this dark comedy with a disturbing twist follows two working-class women in 1970s London. Unlikely friends Brenda and Freda share a rundown room in London and toil away at an Italian factory pasting labels onto wine bottles. Brenda, a shy and passive thirty-three-year-old brunette, recently ran away to the city to escape an abusive husband. Freda, meanwhile, is a rebellious twenty-six-year-old blonde with big dreams and a penchant for bossing people around. The two women are the only English workers at the bottling facility, and their presence certainly stirs up trouble. Freda has a crush on the trainee manager, Vittorio, and tries to get close to him despite the fact that he's engaged to an Italian girl. Brenda, on the other hand, spends a fair amount of time trying to distance herself from the advances of the factory's manager, Mr. Rossi. When Freda organizes a company outing, what's supposed to be a day of freedom and fun turns into a dark and chaotic tragedy. The workers plan to travel by van to a stately castle, where they will picnic and drink wine before visiting an African safari. But the van never shows up, and when they finally do make it to the castle, something goes fatally wrong. Shortlisted for the Man Booker Prize, The Bottle Factory Outing was inspired by author Beryl Bainbridge's own experiences working as a cellar girl in the mid-twentieth century. Intertwining themes of loneliness and friendship, sexual frustration and personal power, passion and murder, this tragicomedy is a British classic that depicts working-class life as something both terribly morose and wickedly funny. This ebook features an illustrated biography of Beryl Bainbridge including rare images from the author's estate.","fiction | mystery, thriller, crime","fiction | romance | mystery, thriller, crime",,romance,1,2,3,251+,2
24374525,80543,Maus Caminhos,por,Non-English,52.0,"The dark, good-looking Guy is from a council flat. Leonora has a mews house in Holland Park, and her mother doesn't care for Guy - or the way he makes his money. His obsession with Leonora increases, even after they have grown apart, until eventually it creates in him a murderous madness.","fiction | mystery, thriller, crime","fiction | romance | fantasy, paranormal | young-adult","mystery, thriller, crime","romance | fantasy, paranormal | young-adult",4,2,4,20–75,2
255110,247237,"The Cradle King: The Life of James VI and I, The First Monarch of a United Great Britain",en-us,English,336.0,"As the son of Mary Queen of Scots, born into her 'bloody nest', James had the most precarious of childhoods. Even before his birth, his life was threatened: it was rumoured that his father, Henry, had tried to make the pregnant Mary miscarry by forcing her to witness the assassination of her supposed lover, David Riccio. By the time James was one year old, Henry was murdered, possibly with the connivance of Mary; Mary was in exile in England; and James was King of Scotland. By the age of five, he had experienced three different regents as the ancient dynasties of Scotland battled for power and made him a virtual prisoner in Stirling Castle. In fact, James did not set foot outside the confines of Stirling until he was eleven, when he took control of his country. But even with power in his hands, he would never feel safe. For the rest of his life, he would be caught up in bitter struggles between the warring political and religious factions who sought control over his mind and body. Yet James believed passionately in the divine right of kings, as many of his writings testify. He became a seasoned political operator, carefully avoiding controversy, even when his mother Mary was sent to the executioner by Elizabeth I. His caution and politicking won him the English throne on Elizabeth's death in 1603 and he rapidly set about trying to achieve his most ardent ambition: the Union of the two kingdoms. Alan Stewart's impeccably researched new biography makes brilliant use of original sources to bring to life the conversations and the controversies of the Jacobean age. From James's 'inadvised' relationships with a series of favourites and Gentlemen of the Bedchamber to his conflicts with a Parliament which refused to fit its legislation to the Monarch's will, Stewart lucidly untangles the intricacies of James's life. In doing so, he uncovers the extent to which Charles I's downfall was caused by the cracks that appeared in the monarchy during his father's reign.","history, historical fiction, biography | non-fiction | comics, graphic","fiction | history, historical fiction, biography | romance | fantasy, paranormal","non-fiction | comics, graphic","fiction | romance | fantasy, paranormal",5,3,4,251+,3
21816111,41083505,The Whistler in the Wind,eng,English,132.0,"As a young engineer about to be married, Raj had a simple life in mind for himself. But when he was rattled by a conversation with a friend about the Bible, it piqued his curiosity and sent him on a quest to find the truth about God. What followed was a spiritual upheaval that led him to change his mind without realizing how it would change his life. A religious relativist turned into an unlikely evangelist. But the thrill of traveling to 40 nations and preaching 500 sermons a year came with the threat of being a distant husband and an absent father. The Whistler in the Wind is the true story of how a man found God at work in the seasons of his life, long before he set out to find Him.","history, historical fiction, biography | non-fiction","fiction | history, historical fiction, biography | non-fiction | comics, graphic",,"fiction | comics, graphic",2,2,4,76–150,2
33017307,52585065,"Tempting the Badman (Russian Bratva, #5)",en-us,English,217.0,"At five years old, Inessa Kozlova is exposed to the dangerous power a badman wields. Now, twenty years later, she's convinced that a badman is the last thing she wants in her bed. Strong, beautiful, and independent, she's determined to live the life she wants on her own terms. Yet, from the moment she lays eyes on her Bratva lover, her heart demands otherwise. Dominik Markov owes his life to the Bratva. Having grown up in prison, he associates his ties to the mafia with liberty. Embracing his freedom, he takes all that life has to offer--including all the women he can get. Known as the Bratva playboy, settling down is not his idea of happiness, and love is a mystery he wishes not to solve. It doesn't take long for Inessa to learn that the power of love is more dangerous than that of any man, and she's no match against her feelings for Dominik. Yet, it's Dominik who is brought to his knees--tempted by the only woman who has ever made him want more. Discovering that the cost of more is surrender, he must decide what kind of badman he really is--and if the woman who tempts his heart is worth it. ** Recommended for readers 18+ due to language, violence, and sexual content","romance | fantasy, paranormal | mystery, thriller, crime",fiction | romance,"fantasy, paranormal | mystery, thriller, crime",fiction,3,3,2,151–250,3
32041296,52680962,"Deathstroke #2 (Deathstroke 2016, #2)",eng,English,28.0,"""The Professional"" part 2! Deathstroke investigates a connection between Wintergreen's kidnapping and their old special ops unit to find out which of Slade's trusted inner circle has betrayed him!","fiction | comics, graphic","fiction | romance | mystery, thriller, crime","comics, graphic","romance | mystery, thriller, crime",3,2,3,20–75,2
31867460,48262505,Ten Days,en-gb,English,200.0,"Ten Days by Gillian Slovo - a powerful and unputdownable thriller tracing a riot from its inception through to its impact one year on. 'Tension, trouble and tough truths - Gillian Slovo has written a cracker' Val McDermid A page-turner thick with greed, ambition, love and secrets' Kamila Shamsie It's 4 a.m. and dawn is about to break over the Lovelace estate. Cathy Mason drags herself out of bed as she swelters in her overheated bedroom - the council still haven't turned the radiators off despite temperatures reaching the 30s. In a kitchen across London, Home Secretary Peter Whiteley enjoys the tea that his security detail left for him before he joins his driver and heads to Parliament, whilst his new police chief, Joshua Yares, clears his head for his first day with a run. All three will have reasons to recollect this morning as their lives collide over ten days they will never forget. Ten Days takes an unflinching look at how lives are ruined and careers are made when small misjudgements have profound effects on frustrated communities and damaged individuals. Gillian Slovo's game-changing novel about political expediency and personal disenfranchisement is as page-turning as it is culturally significant.","fiction | history, historical fiction, biography | mystery, thriller, crime","fiction | history, historical fiction, biography","mystery, thriller, crime",,1,3,2,151–250,3
7224613,1091168,Maneater,eng,English,179.0,"Gorgeous, funny, and wildly uninhibited, her exes are a veritable ""Who's Who"" of Hollywood power players. At 28 (31), she is blessed with a firm (if curvaceous) bod, a designer wardrobe, a Daddy-subsidized apartment, and an A-list speed-dial.But with her thirty-second birthday looming, our heroine is starting to panic. Who on earth (read: Hollywood) could possibly make Clarissa Alpert an honest woman? Enter Aaron Mason, the latest hottest new producer in town. From the moment Clarissa sees him, she sets her sights on making him the future ""Mr. Alpert."" With the eager help of her vivacious (if neurotic) friends, her aerobicized Latina mother, her philandering (but loving) ex-con father, and the most divine gay waiter in Hollywood, Clarissa finds herself phoning the florist to the stars (his private line) and planning the biggest wedding the town has seen in years -- before the couple's first date. Catching Aaron's eye is not a problem. But it seems her intended might have his own agenda. Could it be Clarissa has finally bitten off more than she can chew?",fiction | romance,"fiction | romance | mystery, thriller, crime | young-adult",,"mystery, thriller, crime | young-adult",2,2,4,151–250,2
1815382,2325441,"Alwaleed: Businessman, Billionaire, Prince",unknown,Unknown,325.0,"There are few individuals as unique, enigmatic, and colorful as Prince Alwaleed Bin Talal Bin Abdulaziz Alsaud. This biography of the world's fifth-richest man -- worth around $24 billion -- tells the story of a businessman who started out with a relatively modest bank loan and built an empire that embraces the best-known brands, from Citigroup and Disney to Apple Computers and the Four Seasons Hotels.Alwaleed, as he's known to most in the Middle East, is the largest single foreign investor in the U.S. economy, with interests in almost everything that touches the American lifestyle. Like investment guru Warren Buffett, Alwaleed became hugely successful through consecutive strategic high-profile investments, earning him the respect of Wall Street. In this fascinating and uniquely insightful authorized biography, international journalist and broadcaster Riz Khan offers a revealing insider's view of this provocative business genius, focusing on issues including: his unique family history the origins of his powerful drive to succeed his phenomenal success in rescuing beleaguered companies such as America's giant Citigroup his investments in top brands including Four Seasons Hotels, Saks Fifth Avenue, and NewsCorp his unique approach to investing -- and some of his most lucrative strategies Beyond the billionaire, jet-set lifestyle, Prince Alwaleed has a close and emotional relationship with the desert and its people. His identity sits on the fence separating the Arab world on one side, with tents, camels, and rifle-toting Bedouins ... and the fast-paced, hungry, pinstripe world of Wall Street, with limousines and designer labels. Brilliant, charming, and extraordinarily hardworking, this billionaire's personal story unfolds in gripping detail, based on in-depth interviews with the Prince's family, entourage, and closest business associates -- including top names such as Sandy Weill, Rupert Murdoch, and Jimmy Carter. Alwaleedis a revealing portrait of an unusual individual whose presence in the global economy is unmatched; a twenty-first-century ambassador who could be the ultimate bridge to connect the Middle East and the West.","history, historical fiction, biography | non-fiction","fiction | history, historical fiction, biography | non-fiction",,fiction,1,2,3,251+,2
23130943,42678610,"Жена по призванию (Невеста по завещанию, #2)",rus,Non-English,101.0,"Kak pravilo, liubaia prilichnaia skazka konchaetsia svad'boi, posle kotoroi schastlivaia para zhivet sebe, kak voditsia, dolgo i schastlivo. Zhizn', odnako, chut' menee predskazuema: vse mozhet izmenit'sia v odin mig. Eshche vchera Nika s udovol'stviem puteshestvovala so svoim suprugom, a segodnia pytaetsia pridumat', kak spasti Damiana iz lap ego starogo vraga. Odna v lesu, bez podderzhki i sredstv... Kazalos' by, liubaia v takoi situatsii otstupitsia. No Nika ne sdaetsia -- i doroga svodit ee s temi, kto smozhet pomoch' Damianu. Zhal' tol'ko, chto novye sputniki slegka ne v ladakh s zakonom. No, kogda zhizn' liubimogo muzha na konu, kogo mogut vzvolnovat' podobnye melochi?..","romance | fantasy, paranormal",fiction | romance | young-adult,"fantasy, paranormal",fiction | young-adult,3,2,3,76–150,2
6558825,936155,"Cesarzowa Orchidea (Cesarzowa Orchidea, #1)",pol,Non-English,58.0,"Oparta na faktach historycznych najnowsza powiesc Min napisana w stylu slynnych 'Wyznan gejszy' to opowiesc o losach jednej z siedmiu oficjalnych zon cesarza Chin Xianfenga. Choc wspolczesni uwazaja ja za despotke, Min przedstawiala ja jako pelna wdzieku i uczuc kobiete, gleboko kochajaca kraj i meza, ale nie umiejaca odnalezc sie w swiecie coraz bardziej ulegajacym wplywom obcych kultur.","fiction | history, historical fiction, biography | romance | non-fiction | comics, graphic","fiction | history, historical fiction, biography","romance | non-fiction | comics, graphic",,3,5,2,20–75,4+
19274660,18625843,NW,unknown,Unknown,222.0,"Severozapad Zejdi Smit, roman je o savremenom, urbanom zivotu - silovita pripovest o odrastanju, borbi s gradom i unutrasnjim demonima, susretima raznih vrsta, onim prolaznim, i onim koji te za citav zivot vezu, ili zauvek promene. Ovo je roman o Londonu. Prica o velikom gradu. I o deci velikog grada. U severozapadnom cosku tog velegrada upoznacete goste i domace, one koji su obecavali pa se otisnuli u veci, uspesniji svet; one koji imaju moc i one koji je nemaju; ljude koji imaju krov nad glavom i one bez adrese, doma i igde ikog svog, ljude koji iz ko zna kojih razloga imaju samo proslost, ne i buducnost. Ali i mnoge druge, koji su negde izmedu. Dese se u takvim gradovima ponekad cudna otkrovenja, kao kad nepoznata osoba prede prag necijeg stana, mimo pravila i bez upozorenja, i citav se sistem pravila srusi kao kula od karata. Desi se i da se ljudi odrasli u nekom istom Koldvelu, a trazeci u sirem londonskom miljeu svoje mesto pod suncem, usput ponovo sretnu, da pokusaju da se drze jedni drugih iako im se putevi racvaju, ili da se zauvek razidu... Svaki grad je takav. Samo on okuplja razlicite svetove na istom mestu. Jedino tu moze sut s rogatim. Za Leu, Natali, Feliksa i Nejtana London je komplikovano mesto, divno koliko i okrutno - kao i zivot sam.",fiction,"fiction | romance | mystery, thriller, crime",,"romance | mystery, thriller, crime",2,1,3,151–250,1
18372325,25983082,The Thackery Journal,en-gb,English,77.0,"On the night of April 14th 1865 President Abraham Lincoln attended a performance at The Ford Theatre, in Washington. A single shot fired by John Wilkes Booth hit the President in the back of the head. He slumped to the floor, and died a few hours later without regaining consciousness. Was Booth a lone assassin? Or was he part of a wider conspiracy? A plot hatched by his own generals to replace Lincoln with General Ulysses S. Grant.","fiction | history, historical fiction, biography","fiction | history, historical fiction, biography | mystery, thriller, crime",,"mystery, thriller, crime",1,2,3,76–150,2
7406497,2310104,The Family That Couldn't Sleep: A Medical Mystery,unknown,Unknown,114.0,"The stories read like Outer Limitsplots: A Stone Age tribe in Papua New Guinea is decimated by a mysterious illness that afflicts its victims with laughter and then death. A noble Venetian family dynasty is cursed by a disease that turns them into insomniacs. Thousands of wild deer perish of starvation in high fields of grass. Unfortunately, these Ripley's Believe or Not-worthy episodes possess more than passing interest; they signal the advance guard of diseases that may lurk as time bombs around the globe. D. T. Max's The Family That Couldn't Sleepcan be read as a fascinating study of brain proteins and neurological diseases or as a full-blast medical wake-up call.","fiction | history, historical fiction, biography | non-fiction | mystery, thriller, crime | comics, graphic","fiction | history, historical fiction, biography | fantasy, paranormal | mystery, thriller, crime","non-fiction | comics, graphic","fantasy, paranormal",3,5,4,76–150,4+
1663033,2308135,A Star Called Henry,unknown,Unknown,102.0,"-- A New York Times, Boston Globe, San Francisco Chronicle, Los Angeles Times, New York Newsday, New York Post, and Independent bestseller -- A Star Called Henry -- one of only four works of fiction -- was chosen by the editor's of The New York Times Book Review as one of the eleven Best Books of the Year -- Named one of the Best Books of the Year by the Boston Globe, Entertainment Weekly, Time Out New York, Publishers Weekly, Esquire, Newsday, Miami Herald, Seattle Times, and The Atlanta Journal Constitution -- An American Library Association Notable Book -- Nominated for Best Fiction of 1999, the New Yorker Book Awards","fiction | history, historical fiction, biography | non-fiction | young-adult",non-fiction,"fiction | history, historical fiction, biography | young-adult",,3,4,1,76–150,4+
3523354,3565068,The Book Of Dead Philosophers,en-gb,English,148.0,"""To philosophize is to learn how to die."" --Cicero; assassinated by order of Mark Antony ""One who no longer is cannot suffer."" --Lucretius; suicide, allegedly driven mad by a love potion ""Life is solitary, poor, nasty, brutish, and short."" --Hobbes; died in bed, age 91 In this collection of brief lives (and deaths) of nearly two hundred of the world's greatest thinkers, noted philosopher Simon Critchley creates a register of mortality that is tragic, amusing, absurd, and exemplary. From the self-mocking haikus of Zen masters on their deathbeds to the last words of Christian saints and modern-day sages, this irresistible book contains much to inspire both amusement and reflection. Informed by Critchley's acute insight, scholarly intelligence, and sprightly wit, each entry tells its own tale, but collected together they add up to a profound and moving investigation of meaning and the possibility of happiness for us all.","fiction | history, historical fiction, biography | non-fiction | comics, graphic","fiction | history, historical fiction, biography | non-fiction","comics, graphic",,1,4,3,76–150,4+
23379040,42937675,Fletcher,eng,English,134.0,"""I once watched K Fletcher devour a hostage, just to outlast a police siege. She--the hostage--lived through it all, right until K started on her lungs. Several officers resigned that day. Two killed themselves within the week. Ruthless, destructively impulsive, infuriatingly resourceful, manipulative to the extreme and insanely dangerous when bored, K Fletcher is not what I would call 'human'. Rather, it's a murderous force of nature, lurking behind the person-mask of an alcoholic, drug-infused private detective. With the world falling apart at the seams, I guess that's exactly what you need to be to survive."" - Secret Service briefing, speaker classified. What people are saying about Fletcher ""This charming killer is nearly indestructible, and goes where even demons would hesitate to tread - a blood-drenched, death-defying thriller."" - Nerine Dorman","fiction | fantasy, paranormal | mystery, thriller, crime","fiction | romance | mystery, thriller, crime","fantasy, paranormal",romance,2,3,3,76–150,3
9935358,14828525,"The Darkness: Origins, Volume 3",eng,English,104.0,"Go back to the beginning and rediscover what madeThe Darkness one of the most talked about titles of the last 10 years! Jackie Estacado, mafia hitman, blessed and cursed on his 21st birthday with the ancient power of The Darkness. Only as Estacado begins to gain control over the power of his newfound power, a new enemy emerges in the form of -- The Magdalena! The Catholic Church sees Estacado as an abomination and sends their holy demon hunter to eliminate his line from the Earth. Collects The Darkness Volume 1 #11-18, including the introduction of the Magdalena in the Top Cow Universe, along with a cover gallery.","fiction | fantasy, paranormal | mystery, thriller, crime | comics, graphic","fiction | history, historical fiction, biography | fantasy, paranormal | mystery, thriller, crime | comics, graphic | poetry",,"history, historical fiction, biography | poetry",2,4,6,76–150,4+
32853132,24493419,"Kalbim Aşktan Yana (Once a Marine, #1)",tur,Non-English,66.0,Megan ve Adam birbirlerinin okul askidir. O gunlerde Megan'i aciklayamayacagini soyledigi sebeplerle terk eden Adam bir sure sonra kasabadan ayrilir ve kendine sehirde baska bir hayat kurar. Yillar sonra kisa bir sure icin kasabaya geri doner ve merakina engel olamayarak Megan'i gormeye gider. Bu bulusma onlar icin suprizlere gebedir. Genellikle kavusmak imkansiz gelir insanlara ama o gun yasananlardan sonra Megan ve Adam icin ayrilik imkansiz olacaktir.,"fiction | romance | mystery, thriller, crime","fiction | history, historical fiction, biography | romance | mystery, thriller, crime",,"history, historical fiction, biography",1,3,4,20–75,3
6989501,7231823,"The Longman Anthology of British Literature, Volume 2B: The Victorian Age (4th Edition)",eng,English,125.0,"Responding to major shifts in literary studies over the past thirty years, The Longman Anthology of British LIterature was the first collection to pay sustained attention to the contexts within which literature is produced, even as it broadened the scope of that literature to embrace the full cultural diversity of the British Isles. Within its pages, canonical authors mingle with newly visible writers; English accents are heard next to Anglo-Norman, Welsh, Gaelic, and Scottish ones; female and male voices are set in dialogue; literature from the British Isles is integrated with post-colonial writing; and major works are illumined by clusters of shorter texts that bring literary, social, and historical issues vividly to life. Volume 2B focuses on the literature of the Victorian Age.",poetry,"fiction | history, historical fiction, biography",poetry,"fiction | history, historical fiction, biography",3,1,2,76–150,1
17697394,24507286,"Heat Under Fire (By Fire, #4)",en-us,English,131.0,"Justin Briggs can shout out directions all day on his job as a traffic cop, but put him in front of a hot guy, specifically firefighter Rock Sparks, and he clams up. Rock finds Justin confusing. While saving a busload of children hanging off the edge of a highway overpass, the cute rookie is cool and confident. But when Rock tries to chat him up, he stutters and chokes. Frustrated, Rock teases Justin, and boy, is his temper hot. Though Rock and Justin share a steamy kiss, Justin keeps his distance, still tongue-tied. Then, when Justin is injured on the job, Rock takes him to the hospital, and some of the barriers start to crumble. But getting his enigmatic boyfriend to open up brings up more questions about Justin's past.",romance,"fiction | romance | mystery, thriller, crime",,"fiction | mystery, thriller, crime",2,1,3,76–150,1
33139132,52944771,Darling Dark (Infernal Regions #1),eng,English,122.0,"*Warning: this books contains a deeply flawed unapologetic alpha male. He's narcissistic, possessive, and more than a little deranged.* Trapped in a dark world inhabited by savages and ruled by the corrupted --Duvessa finds herself bound to a tyrant. Day in and day out she bears witness to just how cold and vicious her husband-to-be truly is. His iron fist rule strikes fear in the masses. Reyes is ruthless and volatile --he incites both fear and inexplicable passion among those in his wake. Just as her feelings for the seductively cruel Reyes begin to grow, she learns nothing is as it appears to be. With already so much to fear, could there be something darker, more sinister lying in wait?'","fiction | romance | fantasy, paranormal","fiction | romance | fantasy, paranormal | mystery, thriller, crime",,"mystery, thriller, crime",1,3,4,76–150,3
26846505,46882452,"Mystical (Mystical, #1)",eng,English,276.0,"When Eliza Rose found out she was a witch, she thought she'd be casting spells... However, it turns out Eliza is on her way to becoming a mystical assassin. But first she has to start college with her best friend Dawn Roberts and her feline familiar Jared. If you think college is stressful, try finding your best friend being seduced--nearly to death--by a venomous fairy. Something is horribly wrong, and Eliza must find out what it is. Knowing who's who in the Mystical world can be a burden--or save her life... Murderous mermaids, seductive fairies, and manipulative elves are terrifying enough, but pure witches can become corrupt...and they're the most dangerous creatures of all. Eliza struggles to discover the source of this chaos, but is repeatedly attacked--and saved by a shadowy figure. On a very personal note, Eliza must learn whether corruption is beginning to claim her mother. Her strongest ally might be handsome, enigmatic Donovan--but he is hiding a shocking secret... Donovan wants nothing to do with his old gang--not after the things they'd made him do. But when he meets Eliza, he's both frustrated by her amateur skills and impressed by her emerging strength, and he feels compelled to help her grow into the assassin she's meant to be. Every answer has a price, and there are beings born to corrupt the pure. Eliza fights to master her skills before it's too late, while Donovan must determine whether Eliza can be saved...or if she must die to keep her out of the hands of those who would use her powers to reign over all of Mystical.","fiction | romance | fantasy, paranormal | young-adult","fiction | history, historical fiction, biography | romance | fantasy, paranormal | mystery, thriller, crime | young-adult",,"history, historical fiction, biography | mystery, thriller, crime",2,4,6,251+,4+
4653084,2676573,The Thunder Bird,unknown,Unknown,118.0,"Bertha Muzzy Bower/ Mrs. Sinclair/ Mrs. Cowan (1871-1940) was an author of western fiction. Among her works are: Chip, of the Flying U (1904), The Happy Family (1907), The Range Dwellers (1907), The Lure of the Dim Trails (1907), The Long Shadow (1909), The Lonesome Trail and Other Stories (1909), Good Indian (1912), Lonesome Land (1912), The Gringos (1913), The Uphill Climb (1913), Flying U Ranch (1914), Jean of the Lazy A (1915), The Flying U's Last Stand (1915), The Heritage of the Sioux (1916), The Phantom Herd (1916), The Lookout Man (1917), Starr, of the Desert (1917), Skyrider (1918), Cabin Fever (1918), The Thunder Bird (1919), The Quirt (1920), Cow-Country (1921), Casey Ryan (1921), The Trail of the White Mule (1922), The Parrowan Bonanza (1923), The Voice at Johnnywater (1923), The Bellehelen Mine (1924), The Eagle's Wing (1924), Meadowlark Basin (1925), Desert Brew (1925), and Van Patten (1926).","fiction | history, historical fiction, biography","fiction | history, historical fiction, biography | non-fiction | fantasy, paranormal | poetry",,"non-fiction | fantasy, paranormal | poetry",3,2,5,76–150,2
34661972,48996874,"Wreck of the Day (Love Me, I'm Famous #3)",unknown,Unknown,72.0,**Part Two of Saylor and Oliver's story** One year to accomplish a dream. One year to leave my mark in the world. One year to live my life pretending that I'm not irrecoverably and completely in love with a man I can never have. I wish he would go away. I wish he would stop looking at me like I'm his everything. I wish...I had more than a year. *Cliffhanger warning.,romance | young-adult,"fiction | romance | fantasy, paranormal",young-adult,"fiction | fantasy, paranormal",3,2,3,20–75,2
16157434,21997522,"Response (Six Feet from Hell, #1)",unknown,Unknown,131.0,"Six feet from hell is where it all started. A coal mine accident in the hills of Southwest Virginia has unleashed a deadly toxin that not only kills the living, it brings them back as ravenous zombies. Follow the men that try to escape the chaos in the first book of the Six Feet From Hell series. *AUTHOR'S NOTE - EDITED FROM ORIGINAL VERSION, GRAMMAR AND SYNTAX HAVE BEEN GREATLY IMPROVED, STORY HAS NOT CHANGED This is my take on the zombie apocalypse and what I would do. The characters in this book are all coworkers of mine that have inspired me to write what we might do in the situation presented. The locations are all real, the people are all real, the only thing fictional is the zombies....or are they?","fiction | romance | mystery, thriller, crime","fiction | romance | fantasy, paranormal | mystery, thriller, crime | young-adult | comics, graphic",,"fantasy, paranormal | young-adult | comics, graphic",3,3,6,76–150,3
1284309,1273356,Aromatherapy for Dummies,unknown,Unknown,343.0,"Whether it's the tang of ozone in the air just before a rainstorm, the homey smell of freshly baked bread, or the inspiring scent of roses, natural aromas are everywhere with us, influencing our moods, and informing our perceptions. But natural aromas are capable of much more. Science is just beginning to reveal how aromas affect our bodies as well as our spirits, and what once seemed far-fetched-that you can treat many common ailments with nothing more than a pleasing smell-is now being taken seriously by many in the medical community. Yes, you can smell your way to good health, and now Aromatherapy For Dummiesshows you how. This down-to-earth guide takes the mystery out of essential oils and other aromatherapy tools, and shows you how pleasing scents can cure what ails you and enhance your life at home and at work. Among other things, you'll discover how to: Safely and easily treat hundreds of common ailments Increase f ocus and concentration Relieve tension and relax Improve athletic performance Enhance romance Sniff out the right essential oils Create fragrant essences in your kitchen Under the expert guidance of one of America's leading botanical experts, you'll bring the wonders of aromatherapy into your own life. Kathy Keville provides clear, concise, scientifically informed explanations of how plant essences can support body, mind, and spirit. She offers common sense advice on everything from therapeutics and cosmetics to the recreational uses of essential oils. And she supplies: Easy-to-follow instructions on how to select genuine aromatherapy products Symptom Guide-simple and easy remedies for 60 common conditions, listed alphabetically by symptom Aroma Guide-an A-to-Z guide of fragrant plants used in aromatherapy More than a hundred recipes for everything from oily skin to indigestion that you can whip up at home in five minutes The world is full of natural fragrances that can help you feel better, work smarter, play harder, and relax. It's time to get well with the healing power of smell, and now Aromatherapy For Dummiesshows you how.",non-fiction,"fiction | history, historical fiction, biography | non-fiction | mystery, thriller, crime",,"fiction | history, historical fiction, biography | mystery, thriller, crime",3,1,4,251+,1
34448373,55559215,Lost Cleveland,unknown,Unknown,72.0,"Organized chronologically, starting with the earliest losses and ending with the latest, this book features much-loved Cleveland institutions that have been consigned to history. Losses include: City Hall, Diebolt Brewing Co., Luna Park, Sheriff Street Market, Hotel Winton, League Park, Union Depot, Hotel Allerton, Leo's Casino, Cleveland Arena, Bond Store, The Hippodrome, Cuyahoga and Williamson buildings, Record Rendezvous, Standard Theatre, Hough Bakery, Cleveland Municipal Stadium, Memphis Drive-In, and Parmatown Mall.","history, historical fiction, biography | non-fiction","non-fiction | fantasy, paranormal","history, historical fiction, biography","fantasy, paranormal",2,2,2,20–75,2
1256772,1245572,Coming From Behind,unknown,Unknown,125.0,"Sefton Goldberg: mid-thirties, English teacher at Wrottesley Poly in the West Midlands; small, sweaty, lustful, defiantly unappreciative of beer, nature and organised games; gnawingly aware of being an urban Jew islanded in a sea of country-loving Anglo-Saxons. Obsessed by failure - morbidly, in his own case, gloatingly, in that of his contemporaries - so much so that he plans to write a bestseller on the subject. In the meantime he is uncomfortably aware of advancing years and atrophying achievement, and no amount of lofty rationalisation can disguise the triumph of friends and colleagues, not only from Cambridge days but even within the despised walls of the Poly itself, or sweeten the bitter pill of another's success... From the winner of the Man Booker Prize 2010.",fiction,"fiction | history, historical fiction, biography | non-fiction",,"history, historical fiction, biography | non-fiction",2,1,3,76–150,1
25125923,44822213,"Craig (Book Two Of Jamie And Rawley) (His Mate; Brothers, #20)",eng,English,117.0,"Craig had accepted his brother's Fae mates as part of the pack and he was happy for them, but he'd had enough of the Fae in all shapes and forms to last him a lifetime. Between Faeries and witches he felt his life was a little too full to accommodate anymore. Then the Faeries took it upon themselves to show their displeasure and Craig ran smack bang into another witch. His beast rallied within him. His family was happy, and yet Craig couldn't bring it upon himself to be able to accept her for what she was, a Fae. But nobody was more shocked than his mate when he did the unthinkable and denied her. Adult Content.","fantasy, paranormal","fiction | romance | fantasy, paranormal",,fiction | romance,2,1,3,76–150,1
8314146,13163335,"Locked and Loaded (Cougar Challenge, #11)",eng,English,123.0,"Former army-turned-ER doctor Grace McKinnon is through with going to bed with nothing more than fantasies and a yearning to resurrect her personal life. She's determined instead to take the Cougar Challenge with a flesh and hot-blooded younger man. She discovers the perfect opportunity steaming up the curtain of exam room four. Captain Mark Bennington has been locked and loaded-ready for action-since meeting Grace. He's on a mission to heat up the Boston nights while on leave. This sexy older woman is lighting his way, fulfilling double-time every sex wish he's ever made. But it's going to be the toughest fight of his life to convince her to take a chance on more than just a fling.",fiction | romance,fiction | romance,,,0,2,2,76–150,2
29633823,49985163,The Ada Decades,unknown,Unknown,239.0,"A girl from a Carolina mill family isn't supposed to strive for a career, but Ada Shook graduates from college on a scholarship and lands a plum job as a school librarian. As the 1950s South rocks with turbulence, Ada finds herself caught in the ugly fight to integrate the Charlotte, NC public schools. At the same time, she makes friends with Cam Lively, a teacher who challenges her to reexamine her narrow upbringing. The two young women fall in love and throw in their lot together, despite their underlying fear of being found out and fired. Over seven decades, Ada is witness to the racism laced through her Southern city, the paradox of religion as both comfort and torment, and the survival networks created by gay people. Eleven interconnected stories cover the sweep of one woman's personal history as she reaches her own form of Southern womanhood - compassionate, resilient, principled, and lesbian. Paula Martinacis the author of four published novels and a collection of short stories. Her debut novel Out of Timewon the 1990 Lambda Literary Award for Fiction. She has published three nonfiction books on lesbian and gay culture and politics as well as numerous articles, essays, and short stories. Also a playwright, her works have had productions with Pittsburgh Playwrights Theater Company, Manhattan Theatre Source, the Pittsburgh New Works Festival, No Name Players, and others. She teaches creative writing at the University of North Carolina at Charlotte.","fiction | history, historical fiction, biography","fiction | history, historical fiction, biography | non-fiction | young-adult",,non-fiction | young-adult,2,2,4,151–250,2
20743796,40074680,Rhubarbs and Circuses,eng,English,194.0,"Annie is a young high-flying London career woman, grieving for her late grandfather, and as a result, struggles to hold her life together. One day, whilst visiting a war memorial by the river Thames with her boyfriend, something sinister happens, which frightens Annie beyond measure. With no surviving family to support her and questioning her own sanity, her life spirals out of control. Everywhere she looks, Annie sees echoes from the past and eventually she falls in love in a deep, passionate and slightly desperate way with ghosts from the world her grandfather had inhabited as a young RAF fighter pilot in WW2. With Annie's materialistic world crumbling, isolation and emotional conflict start to drown and overwhelm her. Imagining she has travelled back in time to the world she has heard so many stories about from her grandfather, she becomes entwined in a different life in WW2. Her imagination now seems to have become reality. But has she really slipped into the past, or is it all symptomatic of a troubled mind? Is she trapped in an alternative world, and if so, does she want to return to the familiar twenty-first century?",fiction,"fiction | history, historical fiction, biography | romance",,"history, historical fiction, biography | romance",2,1,3,151–250,1
15724366,21399950,"Deceptive Lord (Lords of Bondage,#1)",en-us,English,292.0,"This is an alternate Earth story. Drest Kavanaugh, an Asstrumnian hybrid, was sent by his king to infiltrate Countess Nefertiti Avenal's harem. His forged papers proclaiming him to be Lord Woodcock gained him easy entry to the Avenal mansion, but he had no intention of actually serving as the depraved woman's paramour. The thought of entertaining the Deranged Dominatrix left him cold, but her sister was another matter. The thought of making Lady Eden his lover was tempting, despite the fact that she was a Flourdan and technically his enemy. When Nefertiti expressed her intention to try out her new ""Roman toys"" on him, he chose to ignore her. He had not realized that she would not take no for an answer. After being accosted by eunuchs and chained to Nefertiti's bed, he realized too late that he had underestimated the woman's lust and determination. Eden Avenal resents that her life is completely under the control of her deranged half-sister. She is expected to serve Nefertiti like a slave and never voice any complaints. When she sees the newest addition to the harem, she feels an instant attraction. She knows that she cannot act on it, as the male belongs to her sister and is forever out of her reach. When she stumbles upon Lord Woodcock using inhuman abilities to free himself from Nefertiti's bed, she realizes that he is no Flourdan lord. He is a member of a race known to abduct and enslave humans for sport, and she has just become his prisoner. Warning: This story contains a whip wielding sadistic villainess, mild violence, and druid rituals and activities involving sex (yeah, the rituals just don't work without it). Excerpts from Dark Lord and Vampire Slave Trade are include","fiction | romance | fantasy, paranormal","fiction | romance | fantasy, paranormal",,,0,3,3,251+,3
379363,369171,"Very Crazy, G.I.!: Strange but True Stories of the Vietnam War",unknown,Unknown,168.0,"AMERICAN BOYS AT WAR IN VIETNAM--AND INVOLVED IN INCIDENTS YOU WON'T FIND IN THE NATIONAL ARCHIVES In this compelling, highly unusual collection of amazing but true stories, U.S. soldiers reveal fantastic, almost unbelievable events that occurred in places ranging from the deadly Central Highlands to the Cong-infested Mekong Delta. ""Finders Keepers"" became the sacred byword for one exhausted recon team who stumbled upon a fortune worth more than $500,000--and managed, with a little American ingenuity, to relocate the bounty to the States. Jorgenson also chronicles Marine Sergeant James Henderson's incredible journey back from the dead, shares a surreal chopper rescue, and recounts some heart-stopping details of the life--and death--of one of America's greatest unsung heroes, a soldier who won more medals than Audie Murphy and Sergeant York. Whether occurring in the bloody, fiery chaos of sudden ambushes or during the endless nights of silent, gnawing menace spent behind enemy lines, these stories of war are truly beaucoup dinky dau . . . and ultimately unforgettable.","history, historical fiction, biography | non-fiction","fiction | history, historical fiction, biography | mystery, thriller, crime | comics, graphic",non-fiction,"fiction | mystery, thriller, crime | comics, graphic",4,2,4,151–250,2
31548111,52226931,The Dark Of Night,unknown,Unknown,76.0,"Karen Gilbert is a survivor. More than twenty years have passed since Karen was stalked by a demon child intent on her death. Still, she can't escape from the dark forces in her life, as she realizes her daughter has now become the target of a vengeful spirit. In this chilling follow-up to The Cold Room, Karen's daughter Emma must now battle with an ancient evil whose powers and rage have been building for centuries.","fantasy, paranormal","fiction | history, historical fiction, biography | romance | fantasy, paranormal | mystery, thriller, crime",,"fiction | history, historical fiction, biography | romance | mystery, thriller, crime",4,1,5,76–150,1
19757161,27803612,"Hold Fast to Dreams: A College Guidance Counselor, His Students, and the Vision of a Life Beyond Poverty",unknown,Unknown,227.0,"When Joshua Steckel left his job as a private school college counselor on New York City's Upper East Side to work at a public high school in Brooklyn, he discovered that for low-income students, the competitive game of college admissions has entirely different rules and much higher stakes. Mike writes his personal essays from a homeless shelter and struggles with both his longing to get away and his guilt at the thought of leaving his family in desperate circumstances. Santiago, an undocumented student who has lived in Brooklyn since the age of six, battles bureaucracy and low expectations as he seeks a life outside the low-wage world of hard manual labor. Ashley, who pursues her ambition to become a doctor with almost superhuman drive, ultimately discovers her own definition of success in a prestige-obsessed world. ""Hold Fast to Dreams"" traces the pathways of ten of Josh's students from their obstacle-ridden application processes through their world-changing college experiences. This important book uncovers, in heart-wrenching detail, the many ways the American education system fails to meet its promise as a ladder to opportunity. It also provides hope in its portrayal of the extraordinary intelligence, resilience, and everyday heroics of the young people whose futures are too often lamented or ignored and whose voices, insights, and vision our colleges--and our country--desperately need.","history, historical fiction, biography | non-fiction","history, historical fiction, biography | non-fiction",,,0,2,2,151–250,2
327380,318017,The Declining Significance of Race: Blacks and Changing American Institutions,eng,English,34.0,"When first published in 1980, The Declining Significance of Race immediately sparked controversy with its contentious thesis that race was becoming less of a deciding factor in the life chances of black Americans than class.","history, historical fiction, biography | non-fiction","fiction | history, historical fiction, biography | non-fiction | comics, graphic",,"fiction | comics, graphic",2,2,4,20–75,2
893439,878665,Writing A Children's Book: How To Write For Children And Get Published,unknown,Unknown,34.0,"This guide covers the writing of picture books, plots and planning, teenage fiction and non-fiction books. The author also deals with the business side of publishing, including market research and finding a publisher.",non-fiction,fiction | non-fiction,,fiction,1,1,2,20–75,1
6388045,1375829,"The Hidden City (The House War, #1)",en-us,English,147.0,"At last, the story fantasy fans have been waiting for? Now in paperback. The incredible story that fans of The Sun Swordseries have been waiting to read?the battle for control of House Terafin... Orphaned and left to fend for herself in the slums of Averalaan, Jewel Markess?Jay to her friends?meets an unlikely savior in Rath, a man who prowls the ruins of the undercity in search of artifacts and treasure. Nursing Jay back to health is an unusual act for a man who renounced his own family long ago, and the situation becomes stranger still when Jay begins to form a den of other rescued children in Rath?s home. But worse perils lurk beneath the slums: the demons that once nearly destroyed the Essalieyan Empire are stirring again, and soon Rath and Jay will find themselves targets of these deadly and ruthless beings.","fiction | history, historical fiction, biography | fantasy, paranormal | young-adult | children","fiction | romance | fantasy, paranormal | mystery, thriller, crime | young-adult | comics, graphic","history, historical fiction, biography | children","romance | mystery, thriller, crime | comics, graphic",5,5,6,76–150,4+
102693,99011,A Boy Called H: A Childhood in Wartime Japan,unknown,Unknown,138.0,"This is the fascinating true story of a Japanese boy's growing disillusionment with the conduct of a patriotic war. Boy H's father was a tailor, his mother a tambourine-banging Christian in a country of very few Christians. His childhood unfolded in the 1930s, when militarism was steadily strengthening its grip on Japan; it ended when the nation lay in ruins. What set H apart from other kids, despite the shared preoccupation with schoolmates, movies, and sex, was an unusually sharp eye and a precociously skeptical attitude that made him a bit of a loner in a conformist society. Though at times dark, his anecdotes are arranged with the lightest of touches and a sharp sense of humor. The total effect is of a rich, varied, and intensely readable novel, but one that involves real lives, actual events.","fiction | history, historical fiction, biography | non-fiction | comics, graphic","fiction | history, historical fiction, biography | non-fiction | comics, graphic",,,0,4,4,76–150,4+
10151094,79122,The E-Myth Revisited: Why Most Small Businesses Don't Work and What to Do About It,unknown,Unknown,140.0,"An instant classic, this revised and updated edition of the phenomenal bestseller dispels the myths about starting your own business. Small business consultant and author Michael E. Gerber, with sharp insight gained from years of experience, points out how common assumptions, expectations, and even technical expertise can get in the way of running a successful business. Gerber walks you through the steps in the life of a business--from entrepreneurial infancy through adolescent growing pains to the mature entrepreneurial perspective: the guiding light of all businesses that succeed--and shows how to apply the lessons of franchising to any business, whether or not it is a franchise. Most importantly, Gerber draws the vital, often overlooked distinction between working on your business and working in your business. The E-Myth Revisitedwill help you grow your business in a productive, assured way.",non-fiction,non-fiction,,,0,1,1,76–150,1
9708799,14470482,Not Alone,en-us,English,79.0,"Andy Parker moves to a small town on a lake to start over after a bad breakup. The big drawback? He's alone with no prospects for romance. He meets Eddie Ferguson at the local grocery and strikes up an easy friendship, but the divorced man isn't really Andy's type. Still, a friend is a friend--and when Mr. Oblivious Eddie says ""So use me,"" Andy's imagination goes wild. But will trying for more risk any chance of a friendship?",fiction | romance,fiction | romance,,,0,2,2,76–150,2
11510725,16446740,Stan Lee & Jack Kirby: The Wonder Years,unknown,Unknown,175.0,"Celebrate the 50th Anniversary of Fantastic Four #1 with this new book about the two pop-culture visionaries who created the Fantastic Four, and a decade in comics that was more tumultuous and awe-inspiring than any before or since. Calling on his years of research, plus new interviews conducted just for this book (with Stan Lee, Flo Steinberg, Mark Evanier, Joe Sinnott, and others), regular Jack Kirby Collectormagazine contributor Mark Alexander traces both Lee and Kirby's history at Marvel Comics, and the remarkable series of events and career choices that led them to converge in 1961 to conceive the Fantastic Four. It also documents the evolution of the FF throughout the 1960s, with previously unknown details about Lee and Kirby's working relationship, and their eventual parting of ways in 1970. With a wealth of of historical information and amazing Kirby artwork, Stan Lee & Jack Kirby: The Wonder Years beautifully examines the first decade of the FF, and the events that put into motion the 1960s era that came to be known as the Marvel Age of Comics!","history, historical fiction, biography | non-fiction | comics, graphic","fiction | history, historical fiction, biography | non-fiction | fantasy, paranormal | comics, graphic",,"fiction | fantasy, paranormal",2,3,5,151–250,3
8136997,22384065,"Fourteen Days Later (Helen Grey, #1)",en-gb,English,224.0,"Fourteen Days Later was short listed for the Harry Bowling Prize 2008 and received a Highly Commended by the Yeovil Literary Prize 2009. It is a romantic comedy with a unique infusion of British and Turkish Cypriot culture. Written in a similar style to Marian Keyes, it is My Big Fat Greek Wedding meets Bridget Jones. When accident-prone Helen Grey finds a thong stuffed into the pocket of her boyfriend's best work trousers, it's time for her to move on. His excuse that he needed to dust the photocopier and just thought that it was a rag sounds like a lame excuse. Helen's life is propelled in an unexpected direction after her best friend, Ayshe, sets her a fourteen-day, life-changing challenge. Helen receives a task everyday which she must complete without question. The tasks are designed to build her confidence and boost her self-esteem but all they seem to do is push her closer to Ayshe's brother, Kalem. How will Kalem and Helen get together when she's too foolish to realize that she loves him? How can he fall for her when he is too busy falling prey to her mishaps and too in love with his own perfect girlfriend? How will Kalem's Turkish Cypriot family react when they find out? Is it really possible to change your life in fourteen days?","fiction | romance | mystery, thriller, crime","fiction | romance | mystery, thriller, crime | young-adult",,young-adult,1,3,4,151–250,3
11959293,16921569,Daken: Dark Wolverine: Big Break,en-us,English,54.0,"In his bid for power, Daken has already taken control of Madripoor's underground criminal element - and Wolverine's son is just getting started. Next on his list is the City of Angels. That's right, Daken's headed to Hollywood - but he's got a score to settle first. Enter Wolverine and the Avengers! Collecting: Daken: Dark Wolverine9.1, 10-12","fiction | comics, graphic","fiction | fantasy, paranormal | comics, graphic",,"fantasy, paranormal",1,2,3,20–75,2
13546945,19112159,Kansas City Cowboy (The Precinct: Task Force #2) (The Precinct #18),unknown,Unknown,132.0,"From His Hat To His Boots, This Cop Was All CowboyFor small-town sheriff Boone Harrison, the investigation into a serial rapist turned killer is painfully personal. Boone's priority is to find the coward who murdered his sister. But to accomplish that, he'll have to work with Dr. Kate Kilpatrick, a secretive woman whose striking beauty and kind heart just may be the lawman's undoing.... Forensic psychologist Kate Kilpatrick was wrong about Sheriff Harrison. He's smarter and more resourceful than she'd given him credit for -- and entirely too attractive. In their combined grief, Kate finds something she didn't even know she needed: protection. Because when the Rose Red Rapist sets his sights on Kate, she'll need more than the power of the badge to save her. She'll need her very own cowboy.","fiction | romance | mystery, thriller, crime","fiction | romance | mystery, thriller, crime",,,0,3,3,76–150,3
18103272,18385042,Яж и тичай,bul,Non-English,263.0,"Pochti dvaiset godini Skot Iurek e sred vodeshchite imena v zhestokiia sviat na biaganeto na svr'khd'lgi razstoianiia. Prez 1999 g. nikomu neizvestniiat Iurek stava pr'v na ,,Zapadnite shchati"" - s'stezanie na 160 km v Siera Nevada, Kaliforniia. I go pecheli sedem p'ti podred, pri tova s rekordni rezultati. Osven tova toi pobezhdava dva p'ti v s'stezanieto ,,Baduot'r"" na 217 km, a neotdavna postavi natsionalen rekord, kato probiaga shest i polovina maratonski d'lzhini za 24 chasa. Skot Iurek e edin ot elitnite begachi, koito otivat v Meksiko, za da se s'stezavat s indiantsite taraumara - tova s'bitie e opisano v bestsel'ra ,,Rodeni da tichat"". Postizheniiata mu sa naistina izkliuchitelni, no oshche po-vpechatliavashchoto e, che dokato pokoriava sportnite v'rkhove, toi se khrani samo s rastitelna khrana. V ,,Iazh i tichai"" Skot Iurek govori za zhivota i karierata si na eliten sportist i vegan i vd'khnoviava vsichki begachi - ot nachinaeshchi do zvezdi. Detstvoto v Sredniia zapad, lov't i ribolov't, gotveneto na meso i kartofi za semeistvoto, p'rvite opiti v biaganeto (Skot mrazel da ticha) i bavnoto preminavane k'm biagane na svr'khd'lgi razstoianiia i veganstvo, s'stezaniiata po tsial sviat, rekordite - razkaz't na Skot razkriva kak stava kaliavaneto na zheliaznata volia i razbiva stereotipite otnosno khranata, koiato osiguriava optimalni postizheniia na sportistite. ,,Iazh i tichai"" e p'lna s neveroiatni, ekstremni istorii za izdr'zhlivostta i s'stezatelniia dukh, izumitelni nauchni fakti i dost'pni praktichni s'veti, v tova chislo i liubimite veganski retsepti na Skot. Tazi kniga shche motivira vsichki ni da ,,izv'rvim p'tia"", nezavisimo dali tova oznachava da zapochnem da tichame, da otkriem novi kulinarni khorizonti, ili prosto da izsledvame granitsite na sobstvenite si v'zmozhnosti.","history, historical fiction, biography | non-fiction | comics, graphic","fiction | history, historical fiction, biography | non-fiction | fantasy, paranormal | young-adult","comics, graphic","fiction | fantasy, paranormal | young-adult",4,3,5,251+,3
15744840,16227953,"Alice in Zombieland (White Rabbit Chronicles, #1)",en-gb,English,187.0,"She won't rest until she's sent every walking corpse back to its grave. Forever. Had anyone told Alice Bell that her entire life would change course between one heartbeat and the next, she would have laughed. From blissful to tragic, innocent to ruined? Please. But that's all it took. One heartbeat. A blink, a breath, a second, and everything she knew and loved was gone. Her father was right. The monsters are real.... To avenge her family, Ali must learn to fight the undead. To survive, she must learn to trust the baddest of the bad boys, Cole Holland. But Cole has secrets of his own, and if Ali isn't careful, those secrets might just prove to be more dangerous than the zombies.... I wish I could go back and do a thousand things differently. I'd tell my sister no. I'd never beg my mother to talk to my dad. I'd zip my lips and swallow those hateful words. Or, barring all of that, I'd hug my sister, my mom and my dad one last time. I'd tell them I love them. I wish... Yeah, I wish.","fiction | romance | fantasy, paranormal | mystery, thriller, crime | young-adult","fiction | romance | fantasy, paranormal | mystery, thriller, crime | young-adult",,,0,5,5,151–250,4+
19184156,9404417,A Man In Love: My Struggle Book 2 (My Struggle 2),unknown,Unknown,184.0,"'It's unbelievable. I just read 200 pages of it and I need the next volume like crack. It's completely blown my mind' Zadie Smith via Twitter on My Struggle Book 1 This is a book about leaving your wife and everything you know. It is about fresh starts, about love, about friendship. It is also about the earth-shattering experience of becoming a father, the mundane struggles of family life, ridiculously unsuccessful holidays, humiliating antenatal music classes, fights with quarrelsome neighbours, the emotional strains of childrens' birthday parties and pushing a pram around Stockholm when all you really want to do is write. This is a book about one man's life but, somehow, about everyone else's too. A Man in Love, the second book of six in the My Strugglecycle, sees Knausgaard write of tempestuous relationships, the trials of parenthood and an urge to create great art. His singular insight and exhilarating honesty must be read to be believed. Another international sensation from the publishers of HHhH, 1Q84 and Coetzee's Summertime. Fans include Zadie Smith, Jonathan Lethem, Hari Kunzru, Jeffrey Eugenides, James Wood and Rachel Cusk.","fiction | history, historical fiction, biography | non-fiction","history, historical fiction, biography | non-fiction | comics, graphic",fiction,"comics, graphic",2,3,3,151–250,3
13547843,18244689,ヴァンパイア騎士 15,jpn,Non-English,63.0,"Yao Zhu Yi Xi Xie Gui toshitehantaXie Hui Ben Bu heLian Xing saretaYou Ji . Shu woSi inagaramo, Jiu Lan Jia Dai Xing Dang Zhu noZe Ren woFu i, Xie Ding toZhi Xu woWei Chi surutameDong kiChu su. sonnaYou Ji niJin dukuGeng noSi Huo ha...!? soshite, Zai Hui shitaYou Ji toLing , Er Ren noXiong noAo niaruXiang itoha--!? Xin Zhan Kai niMu gaLi senaiDi 15Juan !!","fiction | romance | fantasy, paranormal | mystery, thriller, crime | young-adult | comics, graphic","fiction | fantasy, paranormal | mystery, thriller, crime | young-adult | children | comics, graphic",romance,children,2,6,6,20–75,4+
17911486,2815431,Summer Campaign,en-gb,English,65.0,"Miss Onyx Hamilton is about to make what everyone agrees is a perfect marriage--until handsome Major Jack Beresford comes galloping into her life. But with his fortune and connections, Onyx knows he'd never ask for her hand, would he? New and longtime fans alike will relish this delightful romance from Carla Kelly. Charming, sweet, and full of fun, it's simply impossible to put down.","fiction | history, historical fiction, biography | romance","fiction | history, historical fiction, biography | romance | mystery, thriller, crime",,"mystery, thriller, crime",1,3,4,20–75,3
8473011,13337724,The Body Book For Boys,unknown,Unknown,73.0,"The essential guide to growing up for boys! A must-have book for boys looking for straightforward advice about their changing bodies and growing up. There are answers to questions about everything from shaving, vocal changes, bad breath, smelly feet, braces, and acne, to school, sports, girls, friends, family, and more. The Body Book For Boys is complete with tips, quizzes, Q&As, and all of the essential info boys need to know.",non-fiction | young-adult | children,"history, historical fiction, biography | non-fiction",young-adult | children,"history, historical fiction, biography",3,3,2,20–75,3
7969157,13488705,Pandas,eng,English,65.0,"The whole world loves panda bears. Everyone loves to watch them play, climb, cuddle, and chew. But careful, they can scratch too--just look at that tree! Pandas live in wild places very faraway, and they are theSTAR ATTRACTIONS of every zoo that keeps them safe and well, all over the world. National Geographic supports K-12 educators with ELA Common Core Resources. Visit more information.","non-fiction | children | comics, graphic","fiction | non-fiction | fantasy, paranormal | young-adult | children | comics, graphic",,"fiction | fantasy, paranormal | young-adult",3,3,6,20–75,3
25658155,41133854,Un'estate contro,ita,Non-English,204.0,"Sono passati due mesi da quando Echo e Noah hanno deciso di lasciarsi tutto alle spalle e partire per un viaggio. Un viaggio pieno di sogni e di speranze, lungo un'estate. Prima di partire Echo si era prefissata due obiettivi. Primo: dimostrare a tutti di avere un vero, inconfondibile talento per l'arte. Secondo: esplorare sotto ogni aspetto la relazione con Noah. Ma entrambi i propositi si sono presto rivelati piu difficili del previsto. E ora, a una settimana dalla fine della vacanza, Echo non si sente affatto cambiata: e ancora la stessa ragazza insicura e tormentata di sempre. Anche Noah aveva un sogno da realizzare durante l'estate: diventare l'uomo perfetto per Echo. Per riuscirci era pronto a tutto, anche a mettere fine alla fama di cattivo ragazzo. Ma l'incontro con Mia, una sua ex convinta che la storia con Echo sia solo una parentesi momentanea, mette a dura prova tutte le sue buone intenzioni... L'amore e la fiducia basteranno ai due ragazzi per superare le nuove prove che li aspettano? L'attesissimo seguito di Oltre i limiti. Una storia romanticissima in cui il protagonista assoluto e l'amore, l'unico sentimento capace di curare le anime ferite, di unirle e di indicare loro la strada da seguire.",fiction | romance | young-adult,"fiction | history, historical fiction, biography | romance",young-adult,"history, historical fiction, biography",2,3,3,151–250,3
254232,246369,Living Abroad in Japan,unknown,Unknown,187.0,"Imagine yourself living in Japan. You head home past vendors selling ramen to a traditional wood house, open your sliding door, and take off your shoes before stepping onto your tatami mats. You know the locals and speak Japanese with ease. You show visiting friends around with the confidence of one who belongs. Author Ruth Kanagy shows you how to make your dream take shape. She left her life as a Japanese teacher in America to live in Japan. While some give up--daunted by the financial, bureaucratic, and decision-making issues that accompany a move so extraordinary--you'll be led step-by-step through the information you need on visas, money, jobs, housing, safety, language, culture, and history. Ruth has done the research and made the mistakes--so you don't have to. There's a place that matches your budget, needs, and dreams: perhaps it's an apartment in the urban mecca of Tokyo, a seaside abode in the Hokkaido prefecture, or a home in the slow paced and traditional island of Shikoku. You can make it happen. With Living Abroad in Japan, it's easier than you think.",non-fiction,"fiction | history, historical fiction, biography | romance | non-fiction | comics, graphic",,"fiction | history, historical fiction, biography | romance | comics, graphic",4,1,5,151–250,1
24998804,44668881,Joseph Cornell: Wanderlust,eng,English,129.0,"Joseph Cornell (1903-1972) was one of the 20th century's leading exponents of collage and assemblage. A connoisseur of an astonishing array of subjects, Cornell's captivation with bygone imagery encompassed astronomical charts and geographical maps, Italian and Spanish Old Master paintings, historical ballet, early film, literature, poetry, and ornithology. Most iconic among his works are his box constructions--microcosmic curiosity cabinets--filled with once-precious fragments that he collected in thrift shops in his native New York. Joseph Cornell: Wanderlustis a landmark publication examining this remarkable work. It brings together some of Cornell's most compelling assemblages and box constructions (including Medici slot machines, soap-bubble sets, and animal habitats). The contributors raise questions about Cornell's artistic processes while drawing parallels with historical modes of inquiry such as connoisseurship, exploration, and classification.",non-fiction,"history, historical fiction, biography | non-fiction | comics, graphic",,"history, historical fiction, biography | comics, graphic",2,1,3,76–150,1
2340065,2346756,The Gabriel Club,unknown,Unknown,45.0,"""Set in 1970s Budapest, this novel tells the story of a group of artists who form an underground collective dedicated to opposing the repressive Communist regime. The club disbands when the founder mysteriously disappears, but are reunited 17 years later when the police make a discovery.""","fiction | mystery, thriller, crime","fiction | fantasy, paranormal | mystery, thriller, crime | young-adult",,"fantasy, paranormal | young-adult",2,2,4,20–75,2
32188179,2809709,Sense and Sensibility,eng,English,146.0,"Sense and Sensibility is a novel by the famous British writer Jane Austen. It was her first published work when it appeared in 1811 under the pseudonym ""A Lady"". The story focuses on two sisters with their different approaches to life: calm and reasonable Elinor embodies the qualities of ""sense"", and romantic, passionate Marianne represents the qualities of ""sensibility"". Each sister goes through the events of the novel in her own way: Elinor with reason and restraint, Marianne surrendering to the power of the senses. At the end, both of them find love and family happiness. The conventions of the British society of the 19th century, duty, honour, caring for relatives and romantic experiences are described by Jane Austen with her particular humour in a light, ironic style. The book also includes 40 illustrations by Hugh Thomson and an article by Richard Burton, ""The realism of Jane Austen"".","fiction | history, historical fiction, biography | romance","fiction | history, historical fiction, biography | non-fiction",romance,non-fiction,2,3,3,76–150,3
15751105,1359590,La tempesta,ita,Non-English,183.0,"Vero archetipo della cultura moderna, La tempesta, forse l'ultima opera scritta per intero da Shakespeare, e uno scrigno di significati. Grazie alla sua consuetudine con le pratiche di magia, Prospero, duca di Milano esiliato su un'isola deserta insieme alla candida figlia Miranda, riesce a vendicarsi dell'usurpatore, suo fratello Antonio, e del suo complice Alonso re di Napoli. Avversato dal subumano Caliban, servo diabolico e deforme, ma assecondato da Ariel, delicato spirito dell'aria, Prospero riprende infine il proprio ducato. Il matrimonio tra Miranda e Ferdinando, figlio di Alonso, stende un velo di riconciliazione sulla vicenda. Eterea come l'essenza di Ariel, profonda come la saggezza di Prospero, la commedia cela dietro la trama fiabesca una stupefacente ricchezza di spunti e motivi. Innumerevoli le interpretazioni critiche (d'impostazione filosofica, politica, religiosa, psicoanalitica, postcoloniale, neostoricistica, di gender...) che l'opera continua a suscitare. Ma forse La tempesta e ""solo"" la splendida favola della virtu, intesa come bellezza, integrita morale e generosita, che lotta contro la cattiveria e la volgarita. Nella recente versione cinematografica di Julie Taymor (2010) l'interpretazione di un Prospero al femminile e affidata al premio Oscar Helen Mirren. <>","fiction | history, historical fiction, biography | non-fiction | fantasy, paranormal | poetry","fiction | history, historical fiction, biography | romance | non-fiction","fantasy, paranormal | poetry",romance,3,5,4,151–250,4+
22450128,41879878,"Raising Hell (Ambassador, #2)",eng,English,243.0,"THE SECOND-QUICKEST way to get yourself killed when dealing with Coldi people of the planet Asto is to look a superior in the eye. The Coldi people possess an instinct that demands the formation of hierarchical networks in which every person has a prescribed place. These networks provide stability. They also place one person at the top. Ezhya Palayi is that person. After having been released by his previous employers, Cory Wilson not only depends on Ezhya Palayi for his income, but he has developed an unusually friendly relationship with this man whom people on Earth would call an absolute dictator, but whose reign is benign. The third-quickest way to get yourself killed when dealing with Coldi people is when the leader you depended on for support is suddenly no longer there, as when he goes missing because the system society relies on for interstellar travel goes down. In a highly-strung hierarchical society, it won't be long before someone else tries to claim the top spot, someone less benign, someone aggressive who is likely to destabilise peace between Asto and other worlds. But by far the quickest way to get yourself killed is, as a non-Coldi outsider, to visit Asto and try to interfere in their hierarchical system, to mess with instincts you don't feel yourself, and people who are much stronger than you. Oh, and did you know that the average daytime temperature is well over 50 degrees C?","fiction | fantasy, paranormal","fiction | fantasy, paranormal | mystery, thriller, crime",,"mystery, thriller, crime",1,2,3,151–250,2
22675978,42182498,"Devil's Moon (Border Nights, #2)",eng,English,148.0,"A Warrior's Promise The last place Sir David ""Devil""Ormiston expected his moonlight chase of a horse thief to end was in a lady's bedchamber. He is shocked to find that the raider he has pursued is no man, but a defiant beauty in disguise - and the woman he's vowed to protect at all costs. Face to face with a girl Dev thought he knew, the ever confident, marriage-resistant knight may learn that he is defenseless against the desirable woman she has become. A Lady's Secret Lady Robina Gledstanes will do anything to keep her family's land out of the hands of her greedy kinsmen - except willingly submit to the handsome, cocksure Devil Ormiston. Dev's help may be just as dangerous as the threats lurking outside her castle. But when enemies scheme to steal the castle's treasure, Robina must risk losing something even more precious - her heart.","fiction | history, historical fiction, biography | romance | mystery, thriller, crime","fiction | romance | fantasy, paranormal","history, historical fiction, biography | mystery, thriller, crime","fantasy, paranormal",3,4,3,76–150,4+
14288407,13348402,Das Glück trägt Cowboystiefel,ger,Non-English,154.0,"Mein Name ist Ree. Man nennt mich auch The Pioneer Woman. Vor vielen Jahren, nachdem ich einige Zeit dort gelebt und gearbeitet hatte, verliess ich das wirklich grossartige Los Angeles. Ich war auf der Flucht aus einer totgelaufenen Beziehung zu einem Surfer. Bevor ich weiter nach Chicago ziehen wollte, um dort ein neues Leben zu beginnen, plante ich einen Zwischenstopp bei meinen Eltern in Oklahoma ein. Dort, zu Hause, traf ich auf einen Cowboy in Wrangler Jeans, und es war um mich geschehen. Seine eisblauen Augen liessen mich selbst vergessen. Bevor ich wieder klar denken konnte, hatte ich meine Chicago-Plane uber den Haufen geworfen. Ich heiratete den Cowboy, brachte seine Kinder zur Welt und verscheuche seitdem die Kuhe von meiner Veranda auf seiner Ranch irgendwo im Hinterland des Wilden Westens. Vier Kinder und 13 Jahre spater weiss ich immer noch nicht, was ich hier eigentlich will. Ich weiss nur eines: Hier gehore ich hin.","fiction | history, historical fiction, biography | romance | non-fiction","fiction | fantasy, paranormal | mystery, thriller, crime | young-adult | comics, graphic","history, historical fiction, biography | romance | non-fiction","fantasy, paranormal | mystery, thriller, crime | young-adult | comics, graphic",7,4,5,151–250,4+
31344152,52020121,Kubrick's Game,eng,English,66.0,"Shawn Hagan, a college film student obsessed with legendary filmmaker Stanley Kubrick, discovers hidden clues in his movies which lead him on a harrowing quest toward a mysterious treasure that Kubrick left behind. Endangered by sinister groups on the same quest, Shawn has no choice but to claim the prize first because in the wrong hands ... ""It has the power to change the course of history.""","fiction | history, historical fiction, biography | mystery, thriller, crime | young-adult","fiction | fantasy, paranormal | comics, graphic","history, historical fiction, biography | mystery, thriller, crime | young-adult","fantasy, paranormal | comics, graphic",5,4,3,20–75,4+
1823237,1822923,"Dead To Me (Simon Canderous, #1)",en-us,English,150.0,"A new urban fantasy featuring a man working on the right side of law-with talents that come from left field. Psychometry-the power to touch an object and divine information about its history-has meant a life of petty crime for Simon Canderous, but now he's gone over to the good side. At New York's underfunded and (mostly) secret Department of Extraordinary Affairs, he's learning about red tape, office politics, and the basics of paranormal investigation. But it's not the paperwork that has him breathless. After Simon spills his coffee on (okay, through) the ghost of a beautiful woman- who doesn't know she's dead-he and his mentor plan to find her killers. But Simon's not prepared for the nefarious plot that unfolds before him, involving politically correct cultists, a large wooden fish, a homicidal bookcase, and the forces of Darkness, which kind of have a crush on him.","fiction | fantasy, paranormal | mystery, thriller, crime","fiction | romance | fantasy, paranormal | mystery, thriller, crime",,romance,1,3,4,76–150,3
313500,72820,The School and Society/The Child and the Curriculum,unknown,Unknown,274.0,"One of the most influential forces in the shaping of American education, the famed philosopher and psychologist John Dewey (1859-1952) believed in ""viewing the education of the child in the light of the principles of mental activity and processes of growth made know by modern psychology."" As the administrator of the University of Chicago's laboratory school -- which he established in 1896 and which was one of the first such schools in the United States -- Dewey came to the realization that learning was a process starting from uncertainty and growing from the impulse which must begin with experience, and the curriculum must be made to relate to the students' interests. The two books in this volume -- both short, but extremely influential -- grew out of Dewey's hands-on experience with the laboratory school and represent the earliest authoritative statement of his revolutionary emphasis on education as an experimental, child-centered process, In The School and Society, he declares that we must ""make each one of our schools an embryonic community life, active with types of occupations that reflect the life of the larger society and permeated with the spirit of art, history, and science."" In The Child and the Curriculum, he stresses the importance of the curriculum as a means of determining the environment of the child, and allowing the teacher to guide children in asserting themselves, exercising their capacities, and fulfilling the destinies of their own nature. Gathered in this single convenient volume, these thought-provoking contributions by one of America's greatest thinkers in the field of pedagogy will be immense interest to educators, psychologists, parents, and anyone interested in the psychology and philosophy of childhood education.","history, historical fiction, biography | non-fiction | children","history, historical fiction, biography | non-fiction",children,,1,3,2,251+,3
29867265,50236236,"Spirits, Beignets, and a Bayou Biker Gang (Pyper Rayne, #3)",eng,English,98.0,"Medium Pyper Rayne and her witch boyfriend Julius are on an impromptu getaway in southern Louisiana. The quaint bayou town has everything: a Victorian inn, a famous brew pub, the best beignets this side of the Mississippi. Oh and an infamous bayou biker gang. When a ghost rider suddenly appears with clues to an unsolved kidnapping, Pyper and Julius find themselves smack in the middle of a crime ring. Only not everyone is who they seem. They'll need to untangle the web of secrets and figure out who to trust before they risk everything... including their own lives.","romance | fantasy, paranormal | mystery, thriller, crime","fiction | fantasy, paranormal | mystery, thriller, crime | young-adult | comics, graphic",romance,"fiction | young-adult | comics, graphic",4,3,5,76–150,3
156871,151382,Christianity and Liberalism,eng,English,44.0,"Machen's classic defense of orthodox Christianity establishes the importance of scripural doctrine and contrasts the teachings of liberalism and orthodoxy on God and man, the Bbible, Christ, salvation, and the church. Though originally published nearly seventy years ago, the book maintains its relevance today.","history, historical fiction, biography | non-fiction","history, historical fiction, biography | non-fiction",,,0,2,2,20–75,2
768321,6767853,"Enchanted (Medieval, #3)",en-us,English,120.0,"Simon the loyal has vowed never to love, for love makes a warrior weak. His arranged marriage to a beautiful Norman heiress would be duty and no more. But more than duty stirs his blood when he first sees Ariane. She has known only coldness from men and a betrayal so deep it all but killed her soul. Wanting no man, trusting no man, speaking only through the sad songs she draws from her harp, Ariane comes to Simon an unwilling bride. They wed to bring peace to the disputed lands, but marriage alone is not enough. Simon must teach Ariane passion, she must teach him trust. And both must surrender to the sweet violence of love's enchantment. . .or die.","fiction | history, historical fiction, biography | romance | fantasy, paranormal","fiction | romance | fantasy, paranormal","history, historical fiction, biography",,1,4,3,76–150,4+
1033703,1020021,"Against the Empire (Star Wars: Last of the Jedi, #8)",unknown,Unknown,99.0,"The eighth book in the thrilling series from the New York Times best-selling author of Jedi Quest and Jedi Apprentice. As the Empire's power grows, rebels face a choice: Give in...or fight. Some form resistance on battleground planets. Some go undercover, trying to fight the Empire from within. And others watch and wait. For Ferus Olin, hatred of the Empire is personal. The things that have been closest to him have been destroyed. The Jedi Order he once belonged to has been decimated. And the future isn't looking much brighter...unless a true rebellion can be born.","fiction | fantasy, paranormal | young-adult | children","fiction | fantasy, paranormal",young-adult | children,,2,4,2,76–150,4+
18286466,16279157,Boy in a Band: A Morgan Mallory Story,unknown,Unknown,177.0,"Excerpt My heart was racing, my body melting into his. The sound of gulls squawking overhead, the children laughing in the distance, playing in the surf all faded away as I lost myself to him. The sound of the waves crashing in time with my emotions as we stood kissing, the water lapping at our feet, ignoring the outside world, aware only of each other. His hands moved to my hips, his fingers digging slightly into my skin as he held me against him. I pressed my pelvis forward, unable to deny the desire, and could feel his hardness. ""Whoa, kid,"" he said, pulling away slowly. I gradually opened my eyes and looked up into his face; his expression was sexy and raw. (Excerpt Boy in a Band) During a time sex, drugs, and rock and roll were abundant, Morgan Mallory falls hard for the leader of a rock band. What is it about the bad boy she seems to love? Boy in a Band, an erotic new adult/adult romance novel-not your predictable, Cinderella story.",romance | young-adult,fiction | romance,young-adult,fiction,2,2,2,151–250,2
10803222,12873035,"Pathfinder (Pathfinder, #1)",eng,English,152.0,"From the author of Ender's Game, the soon-to-be major motion picture! A powerful secret. A dangerous path. Rigg is well trained at keeping secrets. Only his father knows the truth about Rigg's strange talent for seeing the paths of people's pasts. But when his father dies, Rigg is stunned to learn just how many secrets Father had kept from him--secrets about Rigg's own past, his identity, and his destiny. And when Rigg discovers that he has the power not only to see the past, but also to change it, his future suddenly becomes anything but certain. Rigg's birthright sets him on a path that leaves him caught between two factions, one that wants him crowned and one that wants him dead. He will be forced to question everything he thinks he knows, choose who to trust, and push the limits of his talent...or forfeit control of his destiny.","fiction | fantasy, paranormal | mystery, thriller, crime | young-adult","fiction | fantasy, paranormal | mystery, thriller, crime | young-adult",,,0,4,4,151–250,4+
17263919,21903940,"Love All (Game. Set. Match. Heartbreak, #1)",en-us,English,166.0,"Seventeen-year-old Meg Flannigan isn't very self-confident, but what girl would be after her sophomore-year boyfriend dumped her by making out with another girl in front of her locker? Now a senior, Meg catches the eye of not one, but two guys at school. They show up at her tennis matches, vie over her attention, and both are gorgeous. Sounds good, right? Not if one of the guys is her boyfriend and the other one wants to be. Meg doesn't want to lose Ash. They've been together for almost five months, and she's falling in love with him. But Noah. Ah, Noah. He's so irresistible, and Meg isn't ready to send him away either. But if she strings both along, she might be the one left in the cold. This love triangle is sure to end in a broken heart. But will it be Meg's? Love All is book one in the Game, Set, Match, Heartbreak young adult novella series from Kelly Hashway.",fiction | romance | young-adult,fiction | romance | young-adult,,,0,3,3,151–250,3
12514971,17500909,Always Coca-Cola,unknown,Unknown,133.0,"?The narrator of Always Coca-Cola, Abeer Ward (fragrant rose, in Arabic), daughter of a conservative family, admits wryly that her name is also the name of her fathers flower shop. Abeers bedroom window is filled by a view of a Coca-Cola sign featuring the image of her sexually adventurous friend, Jana. From the novels opening paragraphWhen my mother was pregnant with me, she had only one craving. That craving was for Coca-Colafirst-time novelist Alexandra Chreiteh asks us to see, with wonder, humor, and dismay, how inextricably confused naming and desire, identity and branding are. The namesand the novels edgy, cynical humormight be recognizable across languages, but Chreitehs novel is first and foremost an exploration of a specific Lebanese milieu. Critics in Lebanon have called the novel an electric shock.",fiction,"fiction | non-fiction | mystery, thriller, crime | children",,"non-fiction | mystery, thriller, crime | children",3,1,4,76–150,1
6214893,1161931,The Story Girl,unknown,Unknown,115.0,"We sat still and counted the hundred. When Cecily finished she got up and went in search of Dan, resolved to soothe his wounded feelings. Felicity called after her to tell Dan there was a jam turnover she had put away in the pantry specially for him. Felix held out to Felicity a remarkably fine apple which he had been saving for his own consumption; and the Story Girl began a tale of an enchanted maiden in a castle by the sea; but we never heard the end of it. For, just as the evening star was looking whitely through the rosy window of the west, Cecily came flying through the orchard, wringing her hands.","fiction | history, historical fiction, biography | romance | young-adult | children","fiction | history, historical fiction, biography | romance | fantasy, paranormal | young-adult | children",,"fantasy, paranormal",1,5,6,76–150,4+
22285,2902758,Rant,en-us,English,69.0,"Buster ""Rant"" Casey just may be the most efficient serial killer of our time. A high school rebel, Rant Casey escapes from his small town home for the big city where he becomes the leader of an urban demolition derby called Party Crashing. Rant Casey will die a spectacular highway death, after which his friends gather the testimony needed to build an oral history of his short, violent life.","fiction | fantasy, paranormal | mystery, thriller, crime","fiction | mystery, thriller, crime","fantasy, paranormal",,1,3,2,20–75,3
32761975,53352154,Charm,unknown,Unknown,119.0,"A charm can protect, inflict or influence. Charm, the second collection by poet Christine McNair, considers the craftwork of conception from a variety of viewpoints--from pregnancy and motherhood, to how an orchid is pollinated, to overcoming abusive family relationships, to the manual artistry of carving a violin bow or marbling endpapers. Through these poems, McNair's poetic line evolves as if moving in a spellbound kaleidoscope, etched with omens, fairytales, intimacy's stickiness, and the mothering body. Praise for Conflict ""A knockout debut. Christine McNair is a one-woman fireworks spectacle."" --Grady Harp, Literary Aficionado ""Christine McNair is going to write poetry that will both entertain and illuminate us if Conflict is any indication."" --Michael Dennis, Today's Book of Poetry",poetry,"fiction | romance | comics, graphic | poetry",,"fiction | romance | comics, graphic",3,1,4,76–150,1
5072090,5138764,Why I Haven't Written,unknown,Unknown,78.0,"Why I Haven't Written takes Phil Hall back to Ontario roots in family immediate and extended, and on again into the larger world. In his beautifully-controlled poems, he catches much of a life in nodes of consequence-often painful for the poet, but not for the reader. The life may have seemed ill-fitting to the one who blundered or was buffeted through much of it, but in the long run it made him compassionate and observant.",poetry,non-fiction,poetry,non-fiction,2,1,1,76–150,1
853926,839424,The Unswept Room,unknown,Unknown,123.0,"From Sharon Olds--a stunning new collection of poems that project a fresh spirit, a startling energy of language and counterpoint, and a moving, elegiac tone shot through with humor. From poems that erupt out of history and childhood to those that embody the nurturing of a new generation of children and the transformative power of marital love, Sharon Olds takes risks, writing boldly of physical, emotional, and spiritual sensations that are seldom the stuff of poetry. These are poems that strike for the heart, as Sharon Olds captures our imagination with unexpected wordplay, sprung rhythms, and the disquieting revelations of ordinary life. Writing at the peak of her powers, this greatly admired poet gives us her finest collection. From the Hardcover edition.",romance | poetry,fiction | poetry,romance,fiction,2,2,2,76–150,2
448925,437576,Vincent Van Gogh,en-us,English,28.0,"This monograph follows Van Gogh between 1886 and 1890, from Holland to Paris, where his palette was brightened with impressionistic colour, to Arles and his still-mysterious friendship with Gauguin.","history, historical fiction, biography | non-fiction","fiction | history, historical fiction, biography | comics, graphic",non-fiction,"fiction | comics, graphic",3,2,3,20–75,2
1112695,1099676,Year of the Hangman: George Washington's Campaign Against the Iroquois,unknown,Unknown,418.0,"""An excellent account . . . . His descriptions of the events sort out many confusions that appear in other studies.""--The Niagara Loyalist ""Mr. Williams's prose is clear and direct, his narrative thorough: He has visited the sites he writes about. . . . [He] makes vivid an aspect of the American Revolution all but overlooked in traditional histories. . . . We must admire what Mr. Williams has done here.""--The Wall Street Journal ""An insightful and detailed look at the war on the frontier.""--On Point After two years of fighting, Great Britain felt confident that the American rebellion would be crushed in 1777, the ""Year of the Hangman."" Britain devised a bold new strategy. Turning its attention to the colonial frontiers, especially those of western New York, Pennsylvania, and Virginia, Britain enlisted its provincial rangers, Tories, and allied warriors, principally from the Iroquois Confederacy, to wage a brutal backwoods war in support of General John Burgoyne's offensive as it swept southward from Canada in an attempt to cut the colonies in half, divert the Continental Army, and weaken its presence around British-occupied New York City and Philadelphia. Burgoyne's defeat at Saratoga sent shock waves through the British command. But the efforts along the frontier under the direction of Sir John Johnson, Colonel John Butler, and the charismatic Mohawk leader, Joseph Brant, appeared to be impairing the American ability to conduct the war. Destroying Patriot settlements and farms across hundreds of miles of frontier, the British and Indian forces threatened to reduce Continental army enlistment, and more importantly, precious food supplies. Following the massacres at the well-established colonial settlements of Wyoming, Pennsylvania, and Cherry Valley, New York, the Continental Congress persuaded General George Washington to conduct a decisive offensive to end the threat once and for all. Brewing for years, the conflict between the Iroquois and colonists would now reach its deadly climax. Charging his troops ""to not merely overrun, but destroy,"" Washington devised a two-prong attack to exact American revenge. The largest coordinated American military action against American Indians in the war, the campaign shifted the power in the east, ending the political and military influence of the Iroquois, forcing large numbers of loyalist to flee to Canada, and sealing Britain's fateful decision to seek victory in the south. In Year of the Hangman: George Washington's Campaign Against the Iroquois, historian Glenn F. Williams recreates the riveting events surrounding the action, including the checkered story of European and Indian alliances, the bitter frontier wars, and the bloody battles of Oriskany and Newtown.","history, historical fiction, biography | non-fiction","history, historical fiction, biography | non-fiction",,,0,2,2,251+,2
17157646,128860,"Those Left Behind (Serenity, #1)",eng,English,74.0,"The ragtag crew of Serenity--mercenaries, fugitives, and one law-abiding prostitute--pursue fast cash and a little peace along the fringes of space. On a scavenger mission that promises a big payoff, they realize too late that they are being played by an old enemy with a grudge. Written by series creator Joss Whedon and show writer Brett Matthews, this new edition features the extras previously only available in the limited deluxe edition!","fiction | fantasy, paranormal | young-adult | comics, graphic","fiction | fantasy, paranormal | mystery, thriller, crime | young-adult","comics, graphic","mystery, thriller, crime",2,4,4,20–75,4+
26026972,43631708,Inhuman Vol. 3: Lineage,unknown,Unknown,118.0,"Collects Inhuman (2014) #12-14, Inhuman Annual #1. All the threads of the Inhuman saga are finally woven together as Queen Medusa takes on King Black Bolt with the fate of the Inhumans in the balance! In this new world order, the recently awakened NuHumans are a valuable currency, and someone is working hard to control their destiny. The fanatical Lash continues his recruitment drive for the city of Orollan -- but what is his agenda? And Lineage has been lurking in the background since the beginning; now, it's time for him to show his hand. Don't miss the incredible climax of this complex and intriguing epic! But what will be left standing before SECRET WARS pulls it all crashing to the floor?!","fiction | fantasy, paranormal | comics, graphic","fiction | fantasy, paranormal | mystery, thriller, crime | young-adult | comics, graphic",,"mystery, thriller, crime | young-adult",2,3,5,76–150,3
18908916,26735312,Driven to Matrimony,eng,English,158.0,"Dina Maitland spends almost as much time extricating her movie star mother from personal messes as she invests in her forensic accounting job. So much time, she may no longer have a job once she cleans up her mother's latest fiasco, her engagement to a twenty-something film student. Vowing it's the last time she puts herself on clean-up duty, Dina sets off for South Carolina to stop the pending nuptials, and along the way, almost literally, runs into the father of the groom. Ben Cutler has troubles of his own with his business under attack from competitors and a government audit looming. Not one to trust women, he must team up with Dina to balance his books as well as stop the wedding. Though unwillingly thrown together Dina and Ben are surprised to find their interest and passion for each other growing. Can they face their pasts in order to create a union of their own?",fiction | romance,"fiction | history, historical fiction, biography | romance | mystery, thriller, crime",,"history, historical fiction, biography | mystery, thriller, crime",2,2,4,151–250,2
21813916,41080974,After the Parch,unknown,Unknown,248.0,"It's 2075. California is nothing like we know it. The USA has broken up and California has become an independent refuge dominated by a single omnipotent corporation. Eighteen-year-old Bran, a shepherd, is given a mission to traverse the California republic in ten days, in order to save his rural community from forfeiting its land. On the way, he teams up with a seventeen-year-old girl who has the skills and prowess of a warrior, an eleven-year-old wild boy with uncanny survival skills, and a wandering musician with a secret revolutionary agenda. After the Parch is a fast-paced, vivid, dystopian fantasy with a chilling resemblance to the way we are, and a vision of what we might become. It's a well-crafted story and the plot flows naturally from one crisis to another, with three-dimensional characters right up to the taut and positive climax. Sheldon Greene has been called ""a born storyteller"" by the Los Angeles Times for his book Lost and Found (Random House). This is his fifth novel. ""I felt the need to describe our country as what it might become if we continue on the current trajectory."" He is a lawyer and an executive in a wind energy development company, and has a background of high impact public interest litigation in health care, labor law, land policy, and immigration. He also sings in the Oakland Symphony Chorus and serves on several boards. Publisher's website: http: //sbprabooks.com/SheldonGreeneAuthor's website: http: //","fiction | mystery, thriller, crime","fiction | non-fiction | fantasy, paranormal","mystery, thriller, crime","non-fiction | fantasy, paranormal",3,2,3,151–250,2
15998692,2963845,"Sagan om de två tornen (Härskarringen, #2)",swe,Non-English,93.0,"The Fellowship was scattered. Some were bracing hopelessly for war against the ancient evil of Sauron. Some were contending with the treachery of the wizard Saruman. Only Frodo and Sam were left to take the accursed Ring of Power to be destroyed in Mordor-the dark Kingdom where Sauron was supreme. Their guide was Gollum, deceitful and lust-filled, slave to the corruption of the Ring. Thus continues the magnificent, bestselling tale of adventure begun in The Fellowship of the Ring, which reaches its soul-stirring climax in The Return of the King.","fiction | fantasy, paranormal | young-adult","fiction | history, historical fiction, biography | romance | fantasy, paranormal",young-adult,"history, historical fiction, biography | romance",3,3,4,76–150,3
1482745,40283,موشها و آدمها,per,Non-English,127.0,"The compelling story of two outsiders striving to find their place in an unforgiving world. Drifters in search of work, George and his simple-minded friend Lennie have nothing in the world except each other and a dream--a dream that one day they will have some land of their own. Eventually they find work on a ranch in California's Salinas Valley, but their hopes are doomed as Lennie, struggling against extreme cruelty, misunderstanding and feelings of jealousy, becomes a victim of his own strength. Tackling universal themes such as the friendship of a shared vision, and giving voice to America's lonely and dispossessed, Of Mice and Menhas proved one of Steinbeck's most popular works, achieving success as a novel, a Broadway play and three acclaimed films.","fiction | history, historical fiction, biography | young-adult",fiction,"history, historical fiction, biography | young-adult",,2,3,1,76–150,3
138660,3138069,Death: The High Cost of Living,en-us,English,76.0,"From the pages of Neil Gaiman's SANDMAN comes the young, pale, perky, and genuinely likable Death. One day in every century, Death walks the Earth to better understand those to whom she will be the final visitor. Today is that day. As a young mortal girl named Didi, Death befriends a teenager and helps a 250-year old homeless woman find her missing heart. What follows is a sincere musing on love, life and (of course) death.","fiction | fantasy, paranormal | young-adult | comics, graphic","fiction | history, historical fiction, biography | fantasy, paranormal | mystery, thriller, crime | young-adult | comics, graphic",,"history, historical fiction, biography | mystery, thriller, crime",2,4,6,76–150,4+
26073798,2424548,Lady Susan,eng,English,88.0,"Lady Susan is a selfish, attractive woman, who tries to trap the best possible husband while maintaining a relationship with a married man. She subverts all the standards of the romantic novel: she has an active role, she's not only beautiful but intelligent and witty, and her suitors are significantly younger than she is. Although the ending includes a traditional reward for morality, Lady Susan herself is treated much more mildly than the adulteress in Mansfield Park, from Jane Austen's novel Sense and Sensibility, who is severely punished.","fiction | history, historical fiction, biography | romance",fiction | romance,"history, historical fiction, biography",,1,3,2,76–150,3
19201604,13341009,Mysterious Writers: The Many Facets of Mystery Writing,eng,English,500.0,"Mystery novels are published in a number of subgenres to satisfy the tastes of every reader. Not only do we have the traditional mystery--also known as the cozy--there are historicals, suspense and thriller novels, crime, police procedurals, private eyes and senior sleuths (also known as ""geezer lit""). Then there are medical thrillers, romantic suspense as well as science fiction mysteries and the niche novels that cover endless subjects. The mystery writers interviewed here have written articles about various aspects of publishing, including writing techniques, marketing, promotional advice and their opinions on the current state of the publishing industry. Carolyn Hart, bestselling author of the Henrie O and Death on Demand series, talks about her new protagonist, Bailey Ruth Raeburn, who returns to earth as a ghost to anonymously solve mysteries. Jeffrey Deaver's varied careers prepared him to write insightful as well as thrilling novels, John Gilstrap explains why some bestselling novelists hold down fulltime jobs, and Rick Mofina provides sixteen great tips for writing thriller novels. A number of Canadian and UK authors share their publishing views as well as comparing books from their own countries with those of the U.S. suspense novelist Paul Johnston writes from his native Scotland as well as his home in Greece while Tim Hallinan divides his time between Thailand, Cambodia, and southern California, writing much of his work in Bangkok cafes. Gillian Phillip writes YA mystery novels from Barbados and her native Scottish highlands, and international airline pilot Mark W. Danielson composes his suspense novels during layovers in various parts of the world, while S. J. Bolton thrills us with snakes and other creepy creatures in and from the British Isles. English native Carola Dunn writes historical mysteries about her countrymen as does Rhys Bowen, who writes about historical English royals. Other historical novelists include Larry Karp, who provides us with the history of Ragtime music and the people who made the genre popular during its heyday and Beverle Graves Myers delves into operatic mysteries set in 18th century Venice. The work of several writing teams inhabits this book, including Eric Mayer and Mary Reed, who pen historical mysteries. Mark and Charlotte Phillips write suspense novels, and Morgan St. James and her sister Phyllice Bradner collaborate on humorous mysteries. Jeff Cohen, Tim Maleeny, and Carl Brookins also add humor to their mysterious plots, so prepare to laugh when you open their books. There are police procedurals, medical thrillers and romantic suspense novelists represented here as well as niche mysteries designed for readers who love dogs, scrapbooking, zoos, the Arizona desert, space shuttles, weight-loss clinics, actors, designer gift baskets and other specialty subjects. Nonfiction books about the mystery genre round out this eclectic collection with Edgar winner E.J. Warner, Agatha winner Chris Roerden, Lee Lofland, Jeffrey Marks, and small press publishers Vivian Zabel and Tony Burton. The advice offered here is invaluable to fledgling writers, so pull up a comfortable chair and begin the mysterious tour of nearly every subgenre.","fiction | history, historical fiction, biography | non-fiction | mystery, thriller, crime","fiction | history, historical fiction, biography | fantasy, paranormal | mystery, thriller, crime",non-fiction,"fantasy, paranormal",2,4,4,251+,4+
791785,777771,Death by Hollywood,unknown,Unknown,280.0,"From the acclaimed co-creator of Hill Street Blues, L.A. Law, and NYPD Blue, Death by Hollywood is a suspenseful, shocking, and darkly comic crime novel about a screenwriter, a billionaire's wife, a murder, and, of course, a cop. ""There used to be a writer by the name of Merle Miller, who wrote that people in Hollywood are always touching you - not because they like you, but because they want to see how soft you are before they eat you alive"" So begins this seductive and surprising novel by two-time Edgar Award-winning writer Steven Bochco, in which a down-on-his-luck screenwriter named Bobby Newman tries to turn a brutal murder into his next movie payday. One day, while spying on his Hollywood Hills neighbors through his $4,000 Bushnell XR90 electronic telescope, Bobby sees a beautiful woman making love to a handsome Latin actor named Ramon. When their pillow talk takes a turn for the ugly, Bobby watches in horror as the woman bludgeons her lover to death with his own acting trophy. Deciding to write about it instead of reporting it to the cops, Bobby insinuates himself into Detective Dennis Farentino's murder investigation, forging an unusual friendship with the cop that turns out to be more complex than either of them had bargained for. Before long, Bobby has dragged the detective, his estranged wife, his lover, and his agent into a Hollywood funhouse hall of mirrors, where only the most manipulative player will survive. Savvy, funny, sexy, and streetwise, Death By Hollywoodis the tale Steven Bochco couldn't tell on television. It is the work of an ingenious storyteller, certain to enthrall readers from beginning to end.","fiction | mystery, thriller, crime","fiction | history, historical fiction, biography | mystery, thriller, crime",,"history, historical fiction, biography",1,2,3,251+,2
1480334,1471406,The Fabulous Moolah: First Goddess of the Squared Circle,eng,English,405.0,"Lillian Ellison, known in the ring as the Fabulous Moolah, is one of wrestling's pioneering veterans and heroines, both in and out of the squared circle. When wrestling first caught the attention of the public, Moolah had a ringside seat. Appearing on the scene in 1949 as a ""valet"" for some male wrestlers, she was introduced to the crowd as a ""slave girl"" dressed in revealing leopardskin. But the woman who got into the business for the ""moolah"" wouldn't remain a valet for long, and soon Moolah turned her humble beginnings into a successful and long-lived career. Growing up in Tookiedoo, South Carolina, Moolah was the youngest of thirteen children -- and the only girl. Surrounded by twelve rambunctious brothers, she had to be tough from the get-go. After the death of their mother when she was just ten years old, Moolah and her father spent Tuesday nights at local professional wrestling matches. At first she was just excited to do something special with her father. But everything changed when Mildred Burke (one of the most popular ""lady rasslers"" of the day) came to town. After years of being surrounded by boys, Moolah had finally found a woman she could look up to. From that night on, Moolah was hooked. She stayed in the ring throughout the 1950s and 1960s, even though technically women were banned from wrestling ""for their own good."" When the Women's Division of the National Wrestling Alliance was failing, Moolah started training girls at her home base in South Carolina, and by the late sixties the girls she had trained at Girl Wrestling Enterprises represented the single largest group of female wrestlers in the country. Soon the National Wrestling Alliance recognized her as the undisputed Women's Champ, a title she would hold for the next twenty years. Here, for the first time, the Fabulous Moolah tells all, from her friendship with the infamous Jerry Lee Lewis to a marriage proposal from country-music legend Hank Williams Sr. Moolah dishes plenty of wrestling dirt as well and relates hilarious moments from her decades long friendship with her in-ring cohort Mae Young. After more than half a century of wrestling, Moolah still trains girls for the ring and even manages to get into the ring herself now and again. She is a role model for strong women everywhere, and she will go down in history as one of wrestling's all-time greats.","history, historical fiction, biography | non-fiction","fiction | history, historical fiction, biography | romance",non-fiction,fiction | romance,3,2,3,251+,2
5226974,19049262,"Anne Perry's Christmas Mysteries: A Christmas Guest / A Christmas Secret (Christmas Stories, #3-4)",unknown,Unknown,177.0,"Two holiday novels provide the perfect combination of mystery and murder mixed with a generous helping of Yuletide cheer. A CHRISTMAS GUEST When her daughter and son-in-law plan a Christmas vacation to Paris sans hers truly, Grandmama Mariah Ellison travels to the chilly, windswept Romney Marshes to spend the holiday with old friends. But when the body of a fellow guest is found lifeless in bed, Grandmama senses foul play and takes it upon herself to assume the role of amateur detective-uncovering startling truths about the victim . . . and herself as well. A CHRISTMAS SECRET Dominic Corde is thrilled to ""fill the robe"" as substitute vicar in the village of Cottisham while the Reverend Wynter is away on a Christmas holiday. Upon arrival, Dominic and his wife, Clarice, wonder how they will be received by the congregation. But the Cordes soon discover that they have more dire matters to worry about. It turns out that the Reverend Wynter isn't on holiday at all-and that something very sinister has transpired. From the Trade Paperback edition.","fiction | history, historical fiction, biography | mystery, thriller, crime","fiction | mystery, thriller, crime","history, historical fiction, biography",,1,3,2,151–250,3
3106554,27936871,Desmond Doss Conscientious Objector: The Story of an Unlikely Hero,unknown,Unknown,77.0,"Infantry men who once ridiculed and scoffed at Desmonds simple faith and refusal to carry a weapon owed their lives to him. In the midst of a fierce firefight on Okinawa that felled approximately 75 men from the 1st Battalion, Private Doss refused to seek cover and carried his stricken comrades to safety one by one. This and other heroic acts earned him the highest honor America can bestow on one of her sonsthe Congressional Medal of Honor.","history, historical fiction, biography | non-fiction","fiction | history, historical fiction, biography | romance | comics, graphic",non-fiction,"fiction | romance | comics, graphic",4,2,4,76–150,2
586512,745977,Great with Child: Letters to a Young Mother,eng,English,70.0,"Beth Ann Fennelly, writing to a newly pregnant friend, goes beyond the nuts and bolts or sentimentality of other parenting literature, in letters that range in tone from serious to sisterly, from lighthearted to downright funny. Some answer specific questions; others muse about the identity shift a woman encounters when she enters Mommyland. This book invites all mothers to join the grand circle of giving and receiving advice about children.","history, historical fiction, biography | non-fiction | children | poetry","fiction | history, historical fiction, biography | non-fiction",children | poetry,fiction,3,4,3,20–75,4+
7970416,193232,A Drowned Maidens Hair,eng,English,78.0,"A feisty orphan is taken in by a household of mysterious ladies in this intriguing, engaging novel. Maud Flynn is known at the orphanage for her impertinence, so when the charming Miss Hyacinth and her sister choose Maud to take home with them, the girl is as baffled as anyone. As the mystery gradually unfolds, Maud's intelligence and daring join forces with her compassion and conscience to help her find her way in this lively, atmospheric gothic tale.","fiction | history, historical fiction, biography | fantasy, paranormal | mystery, thriller, crime | young-adult | children","fiction | history, historical fiction, biography | fantasy, paranormal | young-adult | children","mystery, thriller, crime",,1,6,5,76–150,4+
2751629,14597674,"The Final Detail (Myron Bolitar, #6)",eng,English,216.0,"Myron Bolitar is a fascinating character--a guy in his 30s who just moved into his own New York apartment, and who still looks forward to dinner with his parents in New Jersey. A former pro-basketball star and Harvard Law School grad, he now runs his own sports agency, and also dabbles in the private investigation business. He is helped (and sometimes hindered) by his rich, blond, preppy friend Windsor Horne Lockwood III. Win has some awesome lethal powers hidden under his Brooks Brothers suits! In The Final DetailWin and Myron are looking into the murder of a client--a troubled New York Yankees baseball player called Clu Haid. Clu was apparently shot to death by Esperanza Diaz, who just happens to be Myron's best friend and partner in the sport's agency. Esperanza is hiding something, but Myron isn't sure if it has to do with her job, or with her private life. His search for the truth takes him back to a shabby incident from his own past, and to times he would rather forget. Author Harlan Coben casually drops in dozens of poignant moments of humanity that keep us--and Myron--firmly grounded in reality. Other books in this excellent series include Backspin, Deal Breaker, Drop Shot, and One False Move. --Dick Adler","fiction | mystery, thriller, crime","fiction | mystery, thriller, crime",,,0,2,2,151–250,2
36471699,24661595,"Sparrow Hill Road (Ghost Roads, #1)",unknown,Unknown,177.0,"Rose Marshall died in 1952 in Buckley Township, Michigan, run off the road by a man named Bobby Cross--a man who had sold his soul to live forever, and intended to use her death to pay the price of his immortality. Trouble was, he didn't ask Rose what she thought of the idea. It's been more than sixty years since that night, and she's still sixteen, and she's still running. They have names for her all over the country: the Girl in the Diner. The Phantom Prom Date. The Girl in the Green Silk Gown. Mostly she just goes by ""Rose,"" a hitchhiking ghost girl with her thumb out and her eyes fixed on the horizon, trying to outrace a man who never sleeps, never stops, and never gives up on the idea of claiming what's his. She's the angel of the overpass, she's the darling of the truck stops, and she's going to figure out a way to win her freedom. After all, it's not like it can kill her. You can't kill what's already dead.","fiction | history, historical fiction, biography | romance | fantasy, paranormal | mystery, thriller, crime | young-adult","fiction | history, historical fiction, biography | romance | fantasy, paranormal | mystery, thriller, crime | young-adult",,,0,6,6,151–250,4+
32842943,50491107,Mistletoe Reunion / Mistletoe Bride,eng,English,139.0,"A season for love and family... Mistletoe Reunion -- Cheryl St.John When Marlys Boyd moves West hoping to find acceptance for her doctoring skills, she's surprised to find her former fiance, Sam Mason, running the local newspaper. And with the ladies in town determined to make a match of the doctor and the single father, she's not sure she can resist building the family they once dreamed of... Mistletoe Bride -- Sherri Shackelford Pregnant by a man who betrayed her trust, a mail-order marriage is Beatrix Haas's only hope. But when she arrives in Cowboy Creek and learns her intended groom has died, she needs a new daddy for the baby that's coming right away. Blacksmith Colton Werner offers the mother and child the protection of his name, but can their marriage of convenience ever lead to true love?","fiction | history, historical fiction, biography | romance","fiction | history, historical fiction, biography | romance | mystery, thriller, crime",,"mystery, thriller, crime",1,3,4,76–150,3
23097567,41399666,Nor Shall My Sword: The Reinvention of England,eng,English,168.0,"Should England be independent from Scotland? May 1999. The Scots have their first opportunity in 300 years to elect their own parliament. In 2014 that referendum will finally take place. To many in England, the continuing rise of Scottish nationalism causes unease. Scotland could well choose to leave the United Kingdom. In this provocative polemic, Simon Heffer argues that England must let Scotland go. The lessons of trying to coerce Ireland should have been learnt: there is nothing to be gained by pressing the Scots to stay against their will. Heffer argues that an English parliament could begin to concentrate solely on the needs of the English people. There could be economic gains and greater financial accountability in favour of the English taxpayer. If the English would abandon their sentimental attitude to a country that feels little towards them, says Heffer, they could be happier, richer and more cohesive. The Scots believe that independence and nationalism can lead to freedom and self-confidence for Scotland: why not the same for England?","history, historical fiction, biography | non-fiction","history, historical fiction, biography",non-fiction,,1,2,1,151–250,2
30071713,50489208,"Vincent, Survivor (Vincent Series, #1)",eng,English,106.0,"Vincent Li always assumed he'd die in Oakwood. If the local gangs didn't get him, then cigarettes and alcohol eventually would. Now, he's pretty sure minotaurs will kill him instead, and if not them, the ghouls dragging people into the dark will. In the wake of an unexplained spike in homicides, a masked figure opens portals to another world--a world filled with dangerous magic and mythological monsters. Creatures that shouldn't exist suddenly do, and they don't mix well with humans. Vincent is trapped in Oakwood as the city is torn apart, but he's no stranger to violence and will do whatever it takes to survive.","fiction | fantasy, paranormal | young-adult","fiction | fantasy, paranormal | mystery, thriller, crime | comics, graphic",young-adult,"mystery, thriller, crime | comics, graphic",3,3,4,76–150,3
126005,1518661,Hanna's Daughters,eng,English,125.0,"Anna has returned from visiting her mother. Restless and unable to sleep, she wanders through her parents' house, revisiting the scenes of her childhood. In a cupboard drawer, folded and pushed away from sight, she finds a sepia photograph of her grandmother, Hanna, whom she remembers as old and forbidding, a silent stranger enveloped in a huge pleated black dress. Now, looking at the features Anna recognises as her own, she realises she is looking at a different woman from the one of her memory. Set against the majestic isolation of the Scandinavian lakes and mountains, this is more than a story of three Swedish women. It is a moving testament of a time forgotten and an epic romance in every sense of the word.","fiction | history, historical fiction, biography | romance","fiction | history, historical fiction, biography | romance | young-adult",,young-adult,1,3,4,76–150,3
34959303,1473531,Δόκτωρ Γκλας,gre,Non-English,241.0,"O giatros Tuko Gkampriel Gklas zei apomonomenos sto periorismeno astiko tou periballon, den eikhe pote sexoualikes epaphes me gunaikes kai talanizetai anamesa sten ania kai ste thelese na kanei epitelous kati semantiko. E neare kai omorphe Khelgka zetaei te boetheia tou: apekhthanetai ton elikiomeno suzugo tes kai thelei na apophugei tis -upokhreotikes- suzugikes sexoualikes suneureseis mazi tou, kurios epeide ekhei enan nearo kai goeteutiko eraste. O giatros apophasizei na te boethesei kai, me ten idioteta tou oikogeneiakou giatrou, sunista ston elikiomeno pastora na apophugei te drase sten krebatokamara exaitias tes -upotithemenes- klonismenes ugeias tes suzugou. Auto den apotharrunei ton lagno ierea, oi ormes tou opoiou den anakhaitizontai oute otan o Gklas tou krouei ton kodona kai gia te dike tou ugeia. Etsi, o giatros arkhizei na skephtetai ten ustate luse, to phono, aphenos logo tes elxes pou niothei gia te Khelgka kai apheterou epeide psakhnei na brei ena noema sten eos tote adiaphore uparxe tou. Mekhri pou mporei na phtasei enas anthropos gia na boethesei kapoion allon e kai ton idio tou ton eauto; Pou teleionei to sosto kai pou arkhizei to lathos; Poies sunepeies epipherei e ekastote epiloge; Tha mporesei o Gklas na kratesei tis isorropies e tha spasei se khilia kommatia; Tha dielthei alobetos ten esoterike tou makhe e tha ginei thrupsala; O Doktor Gklas tou Gialmar Sentermpergk, ena suntomo <>muthistorema grammeno upo morphe emerologiou, einai isos to pleon agapemeno kai polusuzetemeno apo ta klasika erga tes souedikes logotekhnias.","fiction | history, historical fiction, biography | mystery, thriller, crime","fiction | history, historical fiction, biography | non-fiction | mystery, thriller, crime | young-adult",,non-fiction | young-adult,2,3,5,151–250,3
15850334,2506784,de Toverdrank,nl,Non-English,160.0,"Het is oudejaarsavond. De boze tovenaar Demonius Dwaalspoor dwaalt rusteloos rond in zijn villa Nachtschade en zint op een manier om de aarde en haar bewoners nog voor middernacht in het verderf te storten. Dat is zijn opdracht. De Hoge Raad der Dieren laat hem echter al lange tijd bespioneren door de kater Maurizio di Mauro. Maar Maurizio neemt zijn taak niet zo nauw en leidt een lui en vadsig leventje bij de tovenaar. De heks Tyranja Vampyr, een tante van Demonius Dwaalspoor, beraamt eveneens boze plannen. Ook zij wordt in de de gaten gehouden en wel door de wakkere raaf Jacob Krakel. Demonius Dwaalspoor en zijn tante Tyranja Vampyr besluiten samen te werken en ontwikkelen een duivels plan voor een helse toverdrank. Maurizio di Mauro en Jacob Krakel bundelen hun krachten en proberen op allerlei manieren de vreselijke plannen van dit tweetal te verijdelen. Maar ze hebben maar tot middernacht de tijd. Het wordt een race tegen de klok.","fiction | fantasy, paranormal | young-adult | children","fiction | romance | fantasy, paranormal | mystery, thriller, crime | comics, graphic",young-adult | children,"romance | mystery, thriller, crime | comics, graphic",5,4,5,151–250,4+
31289966,42811791,The Golden Pack Alphas,eng,English,203.0,"Were hybrid, Georgia Walker, has spent months avoiding Marcus, the wolf shifter otherwise known as the pain-in-her-butt. The brooding and stalkerish enforcer makes her lips curl in a snarl, but her skin tighten with need--a combination of reactions that has Georgia tense and less than her usual, affable self. She's spent her entire life struggling to fit in with her pack. She doesn't need Marcus around tempting her to flex her control and limits. Marcus Legrand loves a good chase, and Georgia stirs more than his love of a good hunt. Despite how well Georgia tries to hide behind her snarky sarcasm, he sees more than he knows she's comfortable with. Her scowls can't hide the flare of heat that sparks between them each time they meet. He's tired of Georgia running from him at every turn, but the too-smart-for-her-own-good she-wolf excels at pushing his buttons. When Georgia's father, current alpha to the Golden Pack announces his successor, it tilts Georgia's world on its axis. With unknown forces endangering the pack, Marcus and Georgia are forced to put aside their differences and work together, even as fate and attraction pulls them closer together.","romance | fantasy, paranormal | mystery, thriller, crime","fiction | romance | fantasy, paranormal | young-adult","mystery, thriller, crime",fiction | young-adult,3,3,4,151–250,3
7934093,7266646,The Blasphemer,unknown,Unknown,204.0,"On its way to the Galpagos Islands, a light aircraft ditches into the sea. As the water floods through the cabin, zoologist Daniel Kennedy faces an impossible choice - should he save himself, or Nancy, the woman he loves? In a parallel narrative, it is 1917 and Daniel's great grandfather Andrew is preparing to go over the top at Passchendaele. He, too, will have his courage tested, and must live with the moral consequences of his actions. Back in London, the atheistic Daniel is wrestling with something his 'cold philosophy' cannot explain - something unearthly he thought he saw while swimming for help in the Pacific. But before he can make sense of it, the past must collapse into the present, and both he and Andrew must prove themselves capable of altruism, and deserving of forgiveness. The Blasphemeris a story about conditional love, cowardice and the possibility of redemption - and what happens to a man of science when forced to question his certainties. It is a novel of rare depth, empathy and ambition that sweeps from the trenches of the First World War to the terrorist-besieged streets of London today: a novel that will speak to the head as well as the heart of any reader.","fiction | history, historical fiction, biography | mystery, thriller, crime","fiction | history, historical fiction, biography","mystery, thriller, crime",,1,3,2,151–250,3
8995698,13872949,Апокрифни животни,bul,Non-English,171.0,"Dimit'r Kenarov ot niakolko godini periodichno zaiaviavashe, che podgotvia kniga s's stikhotvoreniia za zhivotni, ot imeto na zhivotni... A prez dekemvri minalata godina obiasni motivatsiiata si taka: ""Dimit'r si pada po zhivotni. Kamili, mechki, kitove. Vsichki zhivotni sa krasivi. Magareto e krasivo. K'rtitsata e krasiva. Tig'r't s'shcho e krasiv. Dori mravoiad't, koito opipva zemiata s ezik kato s bastun za slepi, ima svoia char. Dimit'r viarva, che khorata triabva da se otnasiat s vsichki drugi zhivotni kato s ravni. Ochovechavashcho e. Dimit'r si predstavia, che zhivotnite sa malki detsa s mnogo ostri nokti i z'bi. Dimit'r e vegetarianets. Maltretiraneto i masovoto iztreblenie na s'znatelni s'shchestva v mesnata industriia go otvrashchavat. Konsumatsiiata na meso, bez zhiznena neobkhodimost za tova, mu e protivna. Chovek e tova, koeto iade. Dimit'r kharesva angliiskiia filosof Dzher'mi Bentam, zashchitnik na pravata na zhivotnite. V'pros't ne e ""Te ratsionalni s'shchestva li sa?"" ili p'k ""Mogat li da govoriat?"". V'pros't e ""Mogat li da stradat?"". Dimit'r e zhurnalist, zashchoto obicha tozi sviat. Dimit'r pishe poeziia, zashchoto obicha drugi svetove.""",poetry,"fiction | non-fiction | mystery, thriller, crime",poetry,"fiction | non-fiction | mystery, thriller, crime",4,1,3,151–250,1
9895876,14788036,Bicycle Technology: Understanding the Modern Bicycle and Its Components,unknown,Unknown,49.0,This book helps the interested cyclist select the best components and gives technical insights into the way they work. Essential background information for anyone interested in the technical aspects of the modern bike and its development throughout history. Illustrated with over 900 line drawings and photographs with clear explanatory captions.,non-fiction,"history, historical fiction, biography | non-fiction",,"history, historical fiction, biography",1,1,2,20–75,1
22647813,40023549,"Call Me Grim (Call Me Grim, #1)",unknown,Unknown,148.0,"The truck should have turned Libbi Piper into a Libbi Pancake and it would have, too, if Aaron hadn't shown up and saved her life. The problem? Aaron's the local Grim Reaper . . . and he only saved Libbi's life because he needs someone to take over his job. Now, Libbi has two days to choose between dying like she was supposed to, or living a lonely life as Death Incarnate. Talk about a rock and a hard place. And the choice goes from hard to sucktastic when her best friend shows up marked: condemned as a future murderer. Libbi could have an extra week to stop the murder and fix the mark . . . but only if she accepts Aaron's job as Reaper, trapping herself in her crappy town forever, invisible and inaudible to everyone except the newly dead. But, if she refuses? Her best friend is headed straight for Hell.""","fiction | romance | fantasy, paranormal | young-adult","fiction | romance | fantasy, paranormal | mystery, thriller, crime",young-adult,"mystery, thriller, crime",2,4,4,76–150,4+
2062972,2068185,From the Ground Up: A History of Mining in Utah,unknown,Unknown,90.0,"Despite mining's multidimensional role in the history of Utah since Euro-american settlement, there has never been a book that surveyed and contextualized its impact. From the Ground Upfill that gap with a collection of essays by leading Utah historians and geologists. Essays here address the geology of the state, the economic history of mining in Utah, and the lore of mines and miners. Additionally, the book reviews a handul of particularly significant mineral industries---saline, coal, uranium, and beryllium---and surveys important hard-rock mining regions of the state.","history, historical fiction, biography | non-fiction","history, historical fiction, biography | non-fiction | comics, graphic",,"comics, graphic",1,2,3,76–150,2
33208830,53911267,The Misfortune of Marion Palm,unknown,Unknown,200.0,"A wildly entertaining debut about a Brooklyn Heights wife and mother who has embezzled a small fortune from her children's private school and makes a run for it, leaving behind her trust fund poet husband, his maybe-secret lover, her two daughters, and a school board who will do anything to find her. Marion Palm prefers not to think of herself as a thief but rather ""a woman who embezzles."" Over the years she has managed to steal $180,000 from her daughters' private school, money that has paid for European vacations, a Sub-Zero refrigerator, and perpetually unused state-of-the-art exercise equipment. But, now, when the school faces an audit, Marion pulls piles of rubber-banded cash from their basement hiding places and flees, leaving her family to grapple with the baffled detectives, the irate school board, and the mother-shaped hole in their house. Told from the points of view of Nathan, Marion's husband, heir to a long-diminished family fortune; Ginny, Marion's teenage daughter who falls helplessly in love at the slightest provocation; Jane, Marion's youngest who is obsessed with a missing person of her own; and Marion herself, on the lam--and hiding in plain sight.","fiction | mystery, thriller, crime","fiction | romance | non-fiction | mystery, thriller, crime | young-adult",,romance | non-fiction | young-adult,3,2,5,151–250,2
18395109,189503,Beowulf: The New Translation,en-gb,English,108.0,"J.R.R.Tolkien, the author of THE LORD OF THE RINGS and THE HOBBIT, in his famous 1936 lecture, BEOWULF: THE MONSTERS AND THE CRITICS, said, ""BEOWULF is among my most valued sources. It is a work of genius, rare and surprising in the period, and it is worth studying. In BEOWULF we have an historical story about the pagan past. BEOWULF is not an actual picture of historic Denmark or Geatland or Sweden about A.D. 500. But it is, on a general view, a self-consistent picture, a construction bearing clearly the marks of design and thought. BEOWULF is, indeed, the most successful Old English heroic elegy.""","fiction | history, historical fiction, biography | non-fiction | fantasy, paranormal | poetry","fiction | history, historical fiction, biography | non-fiction | fantasy, paranormal",poetry,,1,5,4,76–150,4+
2444047,3205559,The Fear Sign (Albert Campion Mystery #5),eng,English,68.0,"The impoverished Fitton family inhabit a run-down mill in a Suffolk village, and suspect their brother is heir to Averna, suddenly oil rich after an earthquake. The British government assign Albert Campion to find the true owners. The requisite proof of lineage involves an ancient riddle, stolen drum, long-lost bell, priceless crown, and a ruby necklace. UK title: SWEET DANGER also published as: THE FEAR SIGN","fiction | history, historical fiction, biography | mystery, thriller, crime","fiction | romance | fantasy, paranormal | mystery, thriller, crime","history, historical fiction, biography","romance | fantasy, paranormal",3,3,4,20–75,3
35524731,14739803,The Salisbury Key,unknown,Unknown,221.0,"Can love repair a shattered life in time to save the world? Daniel Logan is on a lonely quest to find out what drove his lover, a wealthy, respected archaeologist, to take his own life. The answer--the elusive ""key"" for which Jason was desperately searching--lies somewhere on a dangerous and deadly section of Salisbury Plain. The only way to gain access, though, is to allow an army explosives expert to help him navigate the bomb-riddled military zone. A man he met once more than three years ago, who is even more serious and enigmatic than before. Lieutenant Rayne has better things to do than risk his life protecting a scientist on an apparent suicide mission. Like get back to Iraq and prove he will never again miss another roadside bomb. Yet as he helps Dan uncover the truth, an attraction neither man is in the mood for springs up against their will. And stirs up the nervous attention of powerfully placed people--military and academic alike. First in conflict, then in passion, Rayne and Dan are drawn together in a relationship as rocky and complicated as the ancient land they search. Where every step leads them closer to a terrible legacy written in death... Warning: Contains bombs, archaeology and explicit M/M sex, not necessarily in that order.","fiction | romance | mystery, thriller, crime","fiction | history, historical fiction, biography | romance","mystery, thriller, crime","history, historical fiction, biography",2,3,3,151–250,3
10074146,14970740,"Devil Wind (Sammy Greene, #2)",eng,English,147.0,"Fired from her job as a Washington TV producer, Sammy needs a second chance. Her midnight to 3 am show ""Sammy Greene on the LA Scene"" at a small radio station soon has her ruffling the feathers of a popular Orange County congressman. And everyone is listening. December, 1999. Ten days before the new millennium, Already on edge with Santa Ana ""devil wind"" fanning fires threatening to engulf the city and Y2K looming, Sammy's callers imagine Armageddon- the perfect setting for a rogue CIA operative to manipulate fears as cover for his deadly plot. A young woman's burned body identified as the wayward daughter of old friend, Gus Pappajohn, spurs the ex-campus cop to join Sammy in what may be a murder investigation, along the way exposing the seamy underbelly of Tiinseltown. If Sammy's not careful this time, someone will make sure she's off the air for good.....","fiction | mystery, thriller, crime","fiction | romance | fantasy, paranormal | mystery, thriller, crime | comics, graphic",,"romance | fantasy, paranormal | comics, graphic",3,2,5,76–150,2
772373,758426,Blue Bowl Down: An Appalachian Rhyme,eng,English,125.0,"C. M. Millen's lilting, recipe in rhyme and Holly Meade's inviting world of collage pay tribute to life's simpler pleasures, and to the special relationship between mother and child. Lift the bowl to make our bread, down the blue bowl, little baby. The sun is about to set, and it's almost time for bed. But for the family in this cozy Appalachian farmhouse, it's time for the comforting ritual of making bread. Just as mother and child will soon settle down for their rest, the dough is prepared in its special blue bowl and left to rest on the stove. And come morning, after they (and the dough) have risen, it's time to savor a warm, satisfying breakfast and the start of a new day.",fiction | children | poetry,fiction | children,poetry,,1,3,2,76–150,3
7536810,9795576,Accomplice,eng,English,106.0,"Would you fake your own kidnapping to get into a good school? Finn and Chloe have it all figured out. Their school guidance counselor has told everyone that it's not enough to get good grades or do community service anymore - kids like that are everywhere, and colleges are bored of them. So what do you do? Chloe decides they should get attention another way. She and Finn will stage her own disappearance - and then Finn will be the only who finds and saves her. What college wouldn't want them after that kind of attention? It seems like a good plan -- until things start going very wrong.","fiction | mystery, thriller, crime | young-adult","fiction | romance | fantasy, paranormal | mystery, thriller, crime | young-adult",,"romance | fantasy, paranormal",2,3,5,76–150,3
2033203,503740,Genghis Khan: Emperor of All Men,unknown,Unknown,104.0,"""Eight hundred or so years ago, a man almost conquered the earth. He made himself master of half the known world and inspired humankind with a fear that lasted for generations. Genghis Khan, meaning universal ruler, was a man difficult to measure by ordinary standards. When he marched with his army, it was by degrees of latitude and longitude instead of miles; cities in his path were often obliterated and rivers diverted from their courses; deserts were populated with the fleeing and dying, and after he had passed, wolves and ravens were often the sole living things in a once populous area.""--Google Books","fiction | history, historical fiction, biography | non-fiction | comics, graphic","fiction | history, historical fiction, biography | non-fiction | fantasy, paranormal","comics, graphic","fantasy, paranormal",2,4,4,76–150,4+
1887105,1888357,Eleanor,unknown,Unknown,68.0,"In the tradition of her award-winning Emily, two-time Caldecott winner Barbara cooney presents a lively, moving portrait of one of our most beloved First Ladies. With meticulous research and clarity of vision, Cooney recreates the worlds that shaped the life of Eleanor Roosevelt, from the daunting grandeur of a 19th century ballroom to the simple humanity revealed at a Christmas dinner for the poor. Full color.","fiction | history, historical fiction, biography | non-fiction | children","fiction | history, historical fiction, biography | non-fiction",children,,1,4,3,20–75,4+
13493763,19130025,The Wolf's Moon,en-us,English,100.0,"The Wolf's Moon is an adventure thriller set in the heart of the Ozark Mountains of Missouri. This action-packed thriller tracks a mysterious beast, stalking the innocent people in the town of Maple Hills. The main character, Mark Lansdowne, relentlessly tracks the beast as it stalks the town, only to find out that it has been extinct for literally thousands of years. Mark Lansdowne's past provides an element of mystery in itself, enabling him to hunt as does the beast. A subtle romantic theme is woven throughout the adventure as Mark Lansdowne pursues the beast at his own peril.","fiction | romance | fantasy, paranormal | mystery, thriller, crime","fiction | fantasy, paranormal | mystery, thriller, crime | young-adult",romance,young-adult,2,4,4,76–150,4+
8526789,13393811,Keeping God's Earth: The Global Environment in Biblical Perspective,unknown,Unknown,121.0,"Diversity of life. Water resources. Global climate change. Cities and global environmental issues. We all know being a Christian involves ethical responsibility. But what exactly are our environmental obligations? This unique volume edited by Wheaton College professors Noah J. Toly and Daniel I. Bock, teams up scientists with biblical scholars to help us discern just that question. What does the Lord require of us? Here you'll read informed essays from Christian teachers in a variety of fields, ranging from New Testament, Old Testament, Christian theology and ethics to geology, biology, atmospheric physics and environmental science. Their biblical insight combined with scientific expertise will provide you with a deeper understanding and clear guidance on the most important environmental issues facing us today.",non-fiction,"history, historical fiction, biography | non-fiction",,"history, historical fiction, biography",1,1,2,76–150,1
31932889,52587905,"Tuesday's Promise: One Veteran, One Dog, and Their Bold Quest to Change Lives",eng,English,177.0,"Luis and Tuesday are winning hearts again. With his captivating New York Timesbestseller Until Tuesday, Iraq War veteran Luis Carlos Montalvan furthered America's conversation about the need to care for first responders suffering from the effects of PTSD, especially highlighting the near-miraculous benefit of service dog companionship. Now, in this spectacular follow-up, Luis and Tuesday rescue a forgotten Tuskegee airman, battle obstinate VA bureaucrats and bring solace for troubled war heroes coast-to-coast. All this, while Luis' personal battle intensifies; while Tuesday has helped him make immense mental strides, the chronic pain of his injuries threaten to leave him wheelchair-bound. In a grave decision, Luis opts to amputate his leg, and learn how to live with a prosthetic. As Luis regains his athleticism, 10-year-old Tuesday enters new phase in life; due to his growing age he will soon need to retire. Together, these two friends begin the tender process of welcoming a new puppy into their pack. SINCE TUESDAY is an inspiring story with an unforgettable message about love, service, and teamwork.","history, historical fiction, biography | non-fiction","fiction | mystery, thriller, crime | young-adult | children","history, historical fiction, biography | non-fiction","fiction | mystery, thriller, crime | young-adult | children",6,2,4,151–250,2
17256692,23850237,Not Without You,eng,English,156.0,"Sophie knows she should count herself lucky. She grew up in modest surroundings but suddenly finds herself catapulted into the A-list after the surprise hit of a budget movie. But surrounded by botoxed assistants, lecherous old directors and a star-struck mother, Sophie just wishes she could be a proper actress, in proper, serious films. And at the tender age of thirty, she already worries she's past her 'prime'. As Sophie's career begins to decline - slowly and painfully at first, and then all at once - her fate seems to be entwined with that of her favourite actress, Eve Noel. The epitome of 50s Hollywood glamour, Eve suddenly disappeared from the spotlight. No-one knows why. As Sophie receives threatening letters, it seems that the dark secrets in Eve's past are beginning to haunt Sophie, too . . . With a new film about Shakespeare burying Sophie deep in the English countryside, suddenly Eve herself is close at hand.","fiction | history, historical fiction, biography | romance | mystery, thriller, crime","fiction | history, historical fiction, biography | romance | fantasy, paranormal | mystery, thriller, crime | young-adult",,"fantasy, paranormal | young-adult",2,4,6,151–250,4+
13797035,13440521,The Case of the Rock 'n' Roll Dog,eng,English,64.0,"Most days Cammie is tired of being the daughter of the first female president of the United States and just wants her real life back. That's why she's thrilled when her very favorite group, the famous teenage sensation called the Song Boys, is schedu;ed to perform at the White House. But when a treasured White House object disappears, the event is in jeopardy.","fiction | history, historical fiction, biography | mystery, thriller, crime | children | poetry","fiction | history, historical fiction, biography | young-adult","mystery, thriller, crime | children | poetry",young-adult,4,5,3,20–75,4+
1512224,1503852,Midvinterblod,swe,Non-English,88.0,"Det ar den kallaste vintern i mannaminne och en man hittas hangd i ett trad ute pa Ostgotaslatten. Tillvagagangssattet paminner om de gamla asatroendes ritualer vid manniskooffer och kriminalinspektor Malin Fors ger sig ut pa jakt efter mordaren. Men ror det sig verkligen om ett offer? Och varfor har nagon velat ge sig pa Bollbengan, en av Linkopings utstotta? Under de kalla stjarnorna svavar Bollbengans ande och manar pa Malin att ta reda pa hans historia Midvinterblodar forsta delen i en kvartett om kriminalinspektor Malin Fors vid Linkopingspolisen.","fiction | mystery, thriller, crime","fiction | history, historical fiction, biography | fantasy, paranormal","mystery, thriller, crime","history, historical fiction, biography | fantasy, paranormal",3,2,3,76–150,2
18246831,77373,Kieślowski o Kieślowském,unknown,Unknown,238.0,"Autobiografie predstavuje polskeho rezisera Krzysztofa Kieslowskeho (1941-1996), jednoho z tvurcu filmu tzv. vlny moralniho neklidu. Vzpomina v ni na sve detstvi, prvni filmarske uspechy i mezinarodni slavu Tri barev a nevyhyba se ani udalostem ze sveho soukromeho zivota, coz je dobra zprava pro obdivovatele hledajici klic k reziserove predstavivosti a jeho vnitrnimu svetu. Kieslowskeho tvorba se vyznacuje zobecnujicim presahem, v nemz se dostava do popredi tema nahody ci osudu jako urcujicich sil v zivote cloveka. I kdyz v osobnim nazoru reziser podlehal stale vetsi skepsi, jeho filmy davaji lidem nadeji. Kniha vznikla na zaklade serie dlouhych rozhovoru, ktere nahrala Danuta Stokova s Kieslowskym na mikrofon. Ma tak charakter velmi osobni rozmluvy dvou lidi, kteri se maji navzajem v ucte a duveruji si. Reziserova odzbrojujici uprimnost je prosta jakehokoli predstirani. Kieslowski ma bohate zivotni zkusenosti a vzdy se snazi zjistit, jaky smysl pro nej osobne mely. Vidime pred sebou rozhodneho cloveka, ktery rozeznava zakladni a nejdulezitejsi zivotni hodnoty a diky tomu zaujima pro nekoho mozna prilis vyhranena, nicmene vzdy moralne cista stanoviska. Autobiografie neni pochvalnym hymnem na velikost sveho autora ani na vyjimecnost filmu. Reziserstvi je pro Kieslowskeho zpusob zivota, povolani, ,,jedina vec, kterou umi"". Ctenare povazuje za sobe rovneho, ani horsiho, ani lepsiho, nez je on sam. Diky tomu a diky Kieslowskeho odzbrojujici otevrenosti a uprimnosti kniha ctenare doslova pohlti a spousta vyslovenych myslenek ho neopusti ani po jejim precteni. Bezpochyby bude mit duvod casto se k ni vracet.","history, historical fiction, biography | non-fiction","fiction | history, historical fiction, biography | non-fiction | mystery, thriller, crime",,"fiction | mystery, thriller, crime",2,2,4,151–250,2
264840,256747,"Mr. Fortune's Maggot; and, The Salutation",unknown,Unknown,129.0,"After a decade in one South Seas mission, a London bank-clerk-turned-minister sets his heart on serving a remote volcanic island. Fanua contains neither cannibals nor Christians, but its citizens, his superior warns, are like children--immoral children. Still, Mr. Timothy Fortune lights out for Fanua. Yet after three years, he has made only one convert, and his devotion to the boy may prove more sensual than sacred. Five years after Mr. Fortune's Maggot, the novella The Salutationwas published. Now adrift and starving on the Brazilian pampas, Mr. Fortune is rescued by an elderly widow, who delights in having an Englishman about the house. Her heir, however, may beg to differ. Mr. Fortune's Maggotand its sequel are now available for the first time ever in one volume.","fiction | fantasy, paranormal | comics, graphic","fiction | history, historical fiction, biography | fantasy, paranormal | mystery, thriller, crime | children","comics, graphic","history, historical fiction, biography | mystery, thriller, crime | children",4,3,5,76–150,3
35497104,1943473,Υπόθεση Λέβενγουορθ,gre,Non-English,115.0,"E Upothese Lebengouorth ekdotheke to 1878, ennia khronia prin kanei ten emphanise tou o pio diasemos eroas tou astunomikou muthistorematos, o Serlok Kholms. E suggrapheas Anna Katharine Green (1846-1935) emelle na anadeikhthei se protoporo tou amerikanikou astunomikou muthistorematos, sta khnaria bebaios tou megalou daskalou E. A. Poe. E Agatha Christie te thaumaze, o Wilkie Collins eikhe epainesei ten terastia eurematikoteta tes, to Panepistemio Yale perielabe to ergo sto programma tes Nomikes Skholes. Mekhri ten emera tou thanatou tes to biblio eikhe poulesei ena ekatommurio antitupa. Anoigontas ten prote selida tou ergou tha breite ton nearo kai philodoxo dikegoro Eberet Reimont kathismeno sto grapheio tou. Kapoios erkhetai na tou anakoinosei te dolophonia tou kuriou Lebengouorth. To musterio arkhizei.","fiction | history, historical fiction, biography | mystery, thriller, crime","fiction | history, historical fiction, biography | romance | fantasy, paranormal | mystery, thriller, crime | young-adult",,"romance | fantasy, paranormal | young-adult",3,3,6,76–150,3
6953630,7188658,"Fade To Midnight (McClouds & Friends, #7)",en-us,English,164.0,"The ""New York Times-""bestselling author of ""Ultimate Weapon"" and ""Extreme Danger"" introduces the long-lost sibling of her beloved McCloud brothers, in her steamiest and most riveting romantic suspense novel yet. Beaten and tortured almost to death, Kev Larsen was found eighteen years earlier in a warehouse alley. He survived his brutal ordeal, but his memories before that night were completely erased, until brain surgery triggers fragmented, terrifying flashbacks. Now Kev is determined to unlock the secrets to his past. Edie Parrish has always been good at not letting anyone get too close to her. If someone were to learn of her unusual gift, her life would be immediately jeopardized. But when Kev Larsen discovers who she really is, Edie has to trust him. And soon, Edie can't resist her desire - even though she knows she'll have to pay a price for it. Now Kev and Edie must race against time and place their faith in each other to stop a deadly legacy.","fiction | romance | fantasy, paranormal | mystery, thriller, crime","fiction | romance | fantasy, paranormal | mystery, thriller, crime",,,0,4,4,151–250,4+
667536,653584,"Oh Where, Oh Where Has My Little Dog Gone?",unknown,Unknown,100.0,"An updated version of this classic children's song of a mischievous little dog is now available for another generation to enjoy. After being scolded by his young owner, the little dog with his ears cut short and his tail cut long runs away from home. When the little dog's adventures climbing a mountain, surfing in the sea, and riding in a rodeo go awry, the little dog decides to return to the one place he loves best. With a wagging tail and a joyful heart, the little dog is home to stay with the little girl who loves him best.",fiction | young-adult | children | poetry,"fiction | fantasy, paranormal | children | comics, graphic",young-adult | poetry,"fantasy, paranormal | comics, graphic",4,4,4,76–150,4+
9858299,2648,"Casa di bambola (The Sandman, #2)",ita,Non-English,182.0,"NEW YORK TIMES bestselling author Neil Gaiman's transcendent series SANDMAN is often hailed as the definitive Vertigo title and one of the finest achievements in graphic storytelling. Gaiman created an unforgettable tale of the forces that exist beyond life and death by weaving ancient mythology, folklore and fairy tales with his own distinct narrative vision. A being that has existed since the beginning of the universe, Morpheus rules over the realm of dreams. In THE DOLL'S HOUSE, after a decades-long imprisonment, the Sandman has returned to find that a few dreams and nightmares have escaped to reality. Looking to recapture his lost possessions, Morpheus ventures to the human plane only to learn that a woman named Rose Walker has inadvertently become a dream vortex and threatens to rip apart his world. Now as Morpheus takes on the last escaped nightmare at a serial killers convention, the Lord of Dreams must mercilessly murder Rose or risk the destruction of his entire kingdom. Collecting issues #9-16, this new edition of THE DOLL'S HOUSE features the improved production values and coloring from the Absolute Edition.","fiction | fantasy, paranormal | mystery, thriller, crime | comics, graphic","fiction | fantasy, paranormal | mystery, thriller, crime | young-adult","comics, graphic",young-adult,2,4,4,151–250,4+
820524,806366,A Walk Across America,unknown,Unknown,76.0,"""Reading Jenkins' book is the next best thing to having actually walked along beside him."" Associated Press With his own feelings echoing the disillusionment of his whole generation, Peter Jenkins set out with his dog Cooper to walk across America and find out what his country was really about. Along the way, Jenkins' faith and pride in his country -- and himself -- were tested and ultimately restored. Yours will be too as you read his amazing story.","history, historical fiction, biography | non-fiction | young-adult | comics, graphic","fiction | history, historical fiction, biography | non-fiction","young-adult | comics, graphic",fiction,3,4,3,76–150,4+
18072151,25372450,Song of the Wolf (Call of the Wilderness #2),en-us,English,475.0,"When the lone wolf howls, you fight or die... Her soul cruelly ripped from her body, Alison cowers in her cell, unable even to call forth her inner wolf as comfort, her dreams of a mate and pups crushed. For who would have her now, even if she could escape alive? Dax is a lone wolf, operating on the fringes of his pack. No one messes with him, and that's just the way he likes it. Rescuing Alison from the High Lord's vile clutches is all he cares about, because there's something that calls his shattered soul to hers. As their world faces its biggest threat yet, the fragile bond between these two damaged creatures rallies the pack to fight the ultimate battle...for their souls and their very survival. *Contains violent scenes* Extended Synopsis In the depths of England, a Kingdom lurks beneath the confines of normality. A hierarchy of supernaturals run by the strict council fight daily to keep their world a secret from the humans that appear to rule the world. With the Councils structure changing and the Kingdom struggling to keep up, the rest of the community must keep their heads down and do their duty. Or face the ultimate penalty. Shifters and Vampires have the hardest task of them all, fighting in the war against the Circle, a deadly band of rebels, practicing blood magic and capturing souls in their wake. With the new high lord in control, life has never been more dangerous. A day will come little wolf when you must decide which evil you fight for. Alison Jenkins has been born and bred into one of the Councils leading front line packs. She's had a life of glitz and glamour and has loved every second of it. That was of course until the deadly circle kidnapped her... and bound her soul against her will. Now she faces a fate worse than death, with her body rotting and her soul held captive she faces the gravest of choices, give up her afterlife to save this one? Or die early and let her soul walk the grey plane alone for the rest of eternity. When Dax, the White Wolf packs resident moody genius finds out Alison has been kidnapped he gives up everything he has to find her, nearly killing himself in the process. He is a lone wolf by nature and when he finds himself falling in love with a female who not only is the sister of his Alpha, but seems to be slowing dying with no hope of salvation, he finds himself changing the very fiber of himself and his morals. Dax will use every available resource to try and help her, even if it means asking a favour with the very darkest creatures of the night. Is death truly the only way to save her?","fantasy, paranormal","fiction | romance | fantasy, paranormal | mystery, thriller, crime | young-adult",,"fiction | romance | mystery, thriller, crime | young-adult",4,1,5,251+,1
1054104,1040647,Platypus!,unknown,Unknown,31.0,"Dive and swim. Spin and swoop. The platypus loves to play! Beginning readers will dive right into this simple, Step 2 nonfiction book about one of the most unique animals on earth.","fiction | history, historical fiction, biography | non-fiction | children | poetry",fiction | young-adult | children,"history, historical fiction, biography | non-fiction | poetry",young-adult,4,5,3,20–75,4+
33671108,54543313,The Hitman's Duology Series,eng,English,108.0,"Enjoy this sinfully dark hitman and mafia romance duology series. 2 full-length books bundled together for the first time including a FREE bonus novella that you can ONLY get in this bundle! More than 150,000 words!No cliffhangers. Bundle Includes: Book #1: The Hitman's Possession Book #2: The Hitman's Property Exclusive Bonus Book: Til Death: The Hitman's Bride The Hitman's Duology Series is a dark romance series that's intended for mature audiences only. This series addresses issues of a serious nature, including violence surrounding the nature of consent that may be a trigger for sensitive readers; contains disturbing situations, graphic language, violence and explicit sexual content. Reader discretion is strongly advised!",romance,"fiction | romance | mystery, thriller, crime",,"fiction | mystery, thriller, crime",2,1,3,76–150,1
6989477,2328657,The Middle Place,unknown,Unknown,285.0,"For Kelly Corrigan, family is everything. At thirty-six, she had a marriage that worked, two funny, active kids, and a weekly newspaper column. But even as a thriving adult, Kelly still saw herself as the daughter of garrulous Irish-American charmer George Corrigan. She was living deep within what she calls the Middle Place--""that sliver of time when parenthood and childhood overlap""--comfortably wedged between her adult duties and her parents' care. But Kelly is abruptly shoved into coming-of-age when she finds a lump in her breast--and gets the diagnosis no one wants to hear. When George, too, learns that he has late-stage cancer, it is Kelly's turn to take care of the man who had always taken care of her--and to show us a woman who finally takes the leap and grows up. Kelly Corrigan is a natural-born storyteller, a gift you quickly recognize as her father's legacy, and her stories are rich with everyday details. She captures the beat of an ordinary life and the tender, sometimes fractious moments that bind families together. Rueful and honest, Kelly is the prized friend who will tell you her darkest, lowest, screwiest thoughts, and then later dance on the coffee table at your party. Funny yet heart-wrenching, The Middle Place is about being a parent and a child at the same time. It is about the special double-vision you get when you are standing with one foot in each place. It is about the family you make and the family you came from--and locating, navigating, and finally celebrating the place where they meet. It is about reaching for life with both hands--and finding it.","fiction | history, historical fiction, biography | non-fiction",fiction,"history, historical fiction, biography | non-fiction",,2,3,1,251+,3
14477344,20119875,"Hack/Slash Omnibus, Volume 4",eng,English,102.0,"A hefty brick of critically acclaimed horror goodness! Cassie & Vlad are launched into a new slasher hunt as they descend into a vast, dark conspiracy and must face old enemies, Victor Crowley (from the Hatchet series), Bomb Queen, Fantomah, and teenage pop music fans! Collects Hack/Slash Series 2 Issues #1-11, Annual - Murder Messiah, Annual Hatchet-Slash, Hack/Slash Holiday Special 2011, and Hack/Slash Meets Zombies Vs. Cheerleaders. TPB Equivalent: Torture Prone (volume 9), Dead Celebrities (volume 10) and a portion of Marry, F*ck, Kill (volume 11). Omnibus 4 is the only place Hack/Slash meets Zombies vs. Cheerleaders and the Hack/Slash 2011 Holiday Special are collected.","fiction | fantasy, paranormal | comics, graphic","fiction | fantasy, paranormal | mystery, thriller, crime | young-adult | comics, graphic",,"mystery, thriller, crime | young-adult",2,3,5,76–150,3
25427978,22167528,Dazzled by Darkness (Dazzled by Darkness #1),eng,English,126.0,"Librarian's Note: Alternate-cover edition for ASIN  Sara is a book-smart Jewish girl who works at the Brooklyn Museum Art School. 'G' is a street-smart Latino apprentice who creates radical, in-your-face art work. When these two NY opposites meet, something clicks, and wheels begin to turn. In this unique novel about Mental illness, Art History, and Time-travel, readers will experience Life in the 1960s and Life during the Renaissance (and other Great Periods of Art History) like they never have before! The two main protagonists each escape into their own fantasies (hearing voices, on the part of schizophrenic Sara; imagined interactions with Dead Master Artists, on the part of ""G""), both ending up in a Compulsive-Obsessional World of Art & Desire!","fiction | history, historical fiction, biography","fiction | history, historical fiction, biography | comics, graphic",,"comics, graphic",1,2,3,76–150,2
16083219,18272446,"Sacred Bloodlines (The Guardians, #1)",eng,English,111.0,"Alternate Cover Edition for ASIN B006C7KFI2 Tragedy has defined Gabe's short existence in this world. An ominous darkness lurked on the edge of his existence until one day in a subway, strange things start happening. A series of events lead Gabe into a new and fascinating life filled with angels and demons, but he isn't sure if he wants to be a part of it. Gabe is thrust into the middle of this exciting world that is full of things he has longed for in his life but it comes with a price. This new life also promises constant terrifying dangers that Gabe fears he may not be able to survive.","fiction | romance | fantasy, paranormal | young-adult","fiction | fantasy, paranormal | mystery, thriller, crime | young-adult | comics, graphic",romance,"mystery, thriller, crime | comics, graphic",3,4,5,76–150,4+
17162665,23588286,A Christmas Gift For Rebecca,eng,English,73.0,"Rebecca King has only been married for four weeks when a snow storm threatens to keep her and her new husband, Gideon Stoltzfus apart for their first Christmas. She watches the snow falling from the kitchen window as she helps her mamm prepare the Christmas supper. Despite being apart, she takes comfort in reflecting on their courtship and marriage, knowing that God will provide for their future. But does Gideon have different plans?",fiction | romance,"fiction | romance | fantasy, paranormal",,"fantasy, paranormal",1,2,3,20–75,2
12247405,17221786,Blue Thread,unknown,Unknown,137.0,"The women's suffrage movement is in full swing in 1912 Portland, Oregon--the last holdout state on the West Coast. Miriam desperately wants to work at her father's printing shop, but when he refuses she decides to dedicate herself to the suffrage movement, demanding rights for women and a different life for herself. Amidst the uncertainty of her future, Miriam's attention is diverted by the mysterious Serakh, whose sudden, unexplained appearances and insistent questions lead Miriam to her grandmother's Jewish prayer shawl--and to her destiny. With this shawl, Miriam is taken back in time to inspire the Daughters of Zelophehad, the first women in Biblical history to own land. Miriam brings the strength and courage of these women with her forward in time, emboldening her own struggles and illuminating what it means to be an independent woman.","fiction | history, historical fiction, biography | romance | fantasy, paranormal | young-adult","history, historical fiction, biography | non-fiction","fiction | romance | fantasy, paranormal | young-adult",non-fiction,5,5,2,76–150,4+
25732063,45486746,"Flash Burned (Burned, #2)",eng,English,170.0,"Though I held a claim over him, Dane Bax owned me. Possessed me. Call it whatever you wished, he had become my world. My lifeblood. Someone and something I couldn't exist without. Ari cannot live without Dane. She lives him, breathes him, and aches for pleasures he gives her night after night. But not all is safe in Ari's world. When a group of vicious men hell-bent on ruining Dane shatters their bliss, Ari is left alone and bereft, save for her best friend Kyle, who has loved her since he first laid eyes on her. Kyle knows that Ari's heart truly belongs to another, but he will still do everything he can to protect Ari...and hope that he can seduce her as he does. Kyle is loving, kind, desirable, and completely someone that Ari could fall for. But even as she and Dane are separated by the most dire of circumstances, she will not give up on the man who has shaken her to her very core...",romance,"fiction | romance | fantasy, paranormal",,"fiction | fantasy, paranormal",2,1,3,151–250,1
6250218,20718306,"Ishi, Last of His Tribe",eng,English,21.0,"The old Yahi World and the new world of the white man as seen by Ishi, last survivor of his people.","fiction | history, historical fiction, biography | non-fiction | young-adult | children","fiction | history, historical fiction, biography | non-fiction | fantasy, paranormal | comics, graphic",young-adult | children,"fantasy, paranormal | comics, graphic",4,5,5,20–75,4+
24977410,44365883,"Only Human (Kirsten O'Shea, #1)",en-ca,English,81.0,"Book one of an exciting new urban fantasy series... Someone is abducting women and killing men in a way to get Kirsten O'Shea's attention. Luckily, she has some formidable friends and allies in the supernatural world, and she isn't without her own defenses, either. A powerful master vampire romances her while the alpha werewolf flirts with her, and an ancient being who used to be worshipped as a god wants her dead, but Kirsten survives, even if she is Only Human.","fiction | romance | fantasy, paranormal","fiction | romance | fantasy, paranormal | mystery, thriller, crime",,"mystery, thriller, crime",1,3,4,76–150,3
13375875,18605589,Lanyon for Hire,eng,English,118.0,"Lanyon wore out his welcome on both Hobson's Planet and Catonia, the first two planets discovered by Earth, after some harrowing adventures there. He now travels the second planetary system discovered by Earth, hiring himself out to people in need of him. His pocketmailer message to the planets: LANYON, FOR HIRE: WITH RATOR. On Malcosia his rator comes in handy when he confronts Gornish, the Tellurian space pirate and kidnapper. On the planet Guardon he is hired by both sides in a struggle for the soul of a planet. Finally, Lanyon signs on with fellow soldier of fortune, the Malcosian Predamor to resolve a planetary communications disruption emanating from Terbania, the wildest, most desolate planet in the system.",fiction,"fiction | history, historical fiction, biography | fantasy, paranormal | mystery, thriller, crime",,"history, historical fiction, biography | fantasy, paranormal | mystery, thriller, crime",3,1,4,76–150,1
32194440,17977447,Miss Seeton Rocks the Cradle (A Miss Seeton Mystery Book 13),unknown,Unknown,130.0,"From her discovery of an aristocratic infant abandoned in a village telephone booth, to dark doings amongst Scottish banks and braes, it's a rollercoaster ride for Miss Seeton in this adventure with a tartan touch. Grateful parents Lord and Lady Glenclachan sweep Miss S. northward to MacSporran Castle, their ancestral home, where, as her admiring reporter pal Amelita Forby (scenting a story and hot on her trail) puts it, 'Battling Brolly Finds Corpse Near Crag' - not to mention tangling with Jacobites and searching for a fabled gold mine. As usual, the retired art teacher's inner eye sees to the essence of this heady Highland brew. Serene amidst every kind of skulduggery, this eccentric English spinster steps in where Scotland Yard stumbles, armed with nothing more than her sketchpad and umbrella!","fiction | history, historical fiction, biography | fantasy, paranormal | mystery, thriller, crime","fiction | history, historical fiction, biography | romance | fantasy, paranormal | mystery, thriller, crime | children",,romance | children,2,4,6,76–150,4+
24424176,25262220,KASHMIR - THE UNTOLD STORY,unknown,Unknown,204.0,"A radical new look at the largely forgotten four million people of Azad Kashmir - the part of Kashmir occupied by Pakistan, and separated by a Line of Control from Indian territory In Kashmir: The Unwritten History, politico-strategic analyst Christopher Snedden contends that in October 1947, pro-Pakistan Muslims in southwestern J&K instigated the Kashmir dispute - not Pashtun tribesmen invading from Pakistan, as India has consistently claimed. Later called Azad Kashmiris, these people, Snedden argues, are legitimate stakeholders in an unresolved dispute. He provides comprehensive new information that critically examines Azad Kashmir's administration, economy, political system and its subordinate relationship with Pakistan. Azad Kashmiris considered their administration to be the only legitimate government in J&K and expected that it would rule after J&K was re-unified by a UN-supervised plebiscite. This poll has never been conducted and Azad Kashmir has effectively, if not yet legally, become a (dependent) part of Pakistan. Long disenchanted with Islamabad, some Azad Kashmiris now favour independence for J&K, hoping that they may survive and prosper without recourse to either of their bigger neighbours. Snedden concludes by assessing the various proposals that have been mooted to resolve Azad Kashmir's international status and the broader Kashmir dispute.","history, historical fiction, biography | non-fiction","history, historical fiction, biography | non-fiction",,,0,2,2,151–250,2
31560400,21897691,HEX,unknown,Unknown,242.0,"Whoever is born here, is doomed to stay 'til death. Whoever settles, never leaves. Welcome to Black Spring, the seemingly picturesque Hudson Valley town haunted by the Black Rock Witch, a 17th century woman whose eyes and mouth are sewn shut. Muzzled, she walks the streets and enters your homes at will. She stands next to your bed for nights on end. Everybody knows that her eyes may never be opened. The elders of Black Spring have virtually quarantined the town by using high-tech surveillance to prevent their curse from spreading. Frustrated with being kept in lockdown, the town's teenagers decide to break their strict regulations and go viral with the haunting, but in so doing send the town spiraling into the dark, medieval practices of the past. ""A powerfully spooky piece of writing"" - The Financial Times ""CREEPY"" - Heat Magazine ""HEX is reminiscent of vintage Stephen King, and I can think of no higher praise. Chilling, moving and, in its odd way, not a little profound"" - John Connolly ""A truly terrifying parable about mankind's depravity ... the story is not merely unsettling, it is horrifying ... read it if you dare!"" - Kirkus Reviews ""Olde Heuvelt's HEX sets ancient magic against contemporary technology to create a kind of dark fairy tale that seems ultimately believable in today's world. A terrific debut novel"" - Jeffrey Ford ""Thomas Olde Heuvelt's HEX is the BEST horror debut since John Ajvide Lindqvist's Let the Right One In"" - Rue Morgue","fiction | fantasy, paranormal | mystery, thriller, crime | young-adult","fiction | history, historical fiction, biography | romance | fantasy, paranormal | mystery, thriller, crime",young-adult,"history, historical fiction, biography | romance",3,4,5,151–250,4+
9638477,1612316,نهج البلاغه,per,Non-English,26.0,479 nhj lblGh nskhh lm`jm lmfhrs m` shrH khlmt lGrybh mSdr nhj lblGh jdwl khtlf lnskh lmTbw`@ mwrd shty mn khtlf l`br@ mwss@ lnshr lslmy,"history, historical fiction, biography | non-fiction | poetry","fiction | history, historical fiction, biography | mystery, thriller, crime",non-fiction | poetry,"fiction | mystery, thriller, crime",4,3,3,20–75,3
25964074,13155899,ناهمتا,per,Non-English,25.0,"Divergent, 2011, Veronica Roth `nwn: nhmt; nwysndh: wrwnykh rth; mtrjm: myrmhdy `Tfy ny; mshkhSt nshr: thrn, adhrbd; 1391, dr 528 S, shbkh: 9786006225326; mwDw`: dstnhy nwysndgn mrykhyy qrn 21 m","fiction | romance | fantasy, paranormal | mystery, thriller, crime | young-adult",fiction,"romance | fantasy, paranormal | mystery, thriller, crime | young-adult",,4,5,1,20–75,4+
11381842,16313357,Gypsy Girl,unknown,Unknown,43.0,"Rosie is an Irish traveller, who grew up moving all over England and Ireland. She didn't find out her date of birth until she was 17 and didn't learn to read or write until she was well into her 30s. This is her story.","fiction | history, historical fiction, biography | non-fiction | comics, graphic","fiction | history, historical fiction, biography | romance | non-fiction | children","comics, graphic",romance | children,3,4,5,20–75,4+
